FID,UtcTimestamp,lat,lon,time_utc,pred_lat,pred_lon,separation_km
0,2026-07-06T07:51:54.0000000+00:00,36.17141667,14.52626667,2026-07-06 07:51:54,36.171417,14.526267,0.0001797323178584275
1,2026-07-06T08:21:54.0000000+00:00,36.16743333,14.52871667,2026-07-06 08:21:54,36.169846,14.530839,0.32880512171879006
2,2026-07-06T08:51:54.0000000+00:00,36.16313333,14.53085,2026-07-06 08:51:54,36.16795,14.535523,0.6802224579990872
3,2026-07-06T09:21:54.0000000+00:00,36.15881667,14.53266667,2026-07-06 09:21:54,36.165737,14.540273,1.0286320694850235
4,2026-07-06T09:51:54.0000000+00:00,36.15411667,14.53395,2026-07-06 09:51:54,36.16346,14.545306,1.455699633778551
5,2026-07-06T10:21:54.0000000+00:00,36.14945,14.5347,2026-07-06 10:21:54,36.16119,14.550633,1.9366531130528823
6,2026-07-06T10:51:54.0000000+00:00,36.14481667,14.53526667,2026-07-06 10:51:54,36.159157,14.556365,2.47612672308537
7,2026-07-06T11:21:54.0000000+00:00,36.14016667,14.53585,2026-07-06 11:21:54,36.15729,14.562548,3.0612868218219003
8,2026-07-06T11:51:54.0000000+00:00,36.13561667,14.53598333,2026-07-06 11:51:54,36.15499,14.569315,3.6876450656426476
9,2026-07-06T12:21:55.0000000+00:00,36.13095,14.5359,2026-07-06 12:21:55,36.152172,14.576654,4.354438185251885
10,2026-07-06T12:51:54.0000000+00:00,36.12608333,14.53571667,2026-07-06 12:51:54,36.14915,14.584321,5.062612268545187
11,2026-07-06T13:21:54.0000000+00:00,36.12026667,14.53618333,2026-07-06 13:21:54,36.14592,14.592212,5.784023838098617
12,2026-07-06T13:51:54.0000000+00:00,36.1147,14.53713333,2026-07-06 13:51:54,36.142166,14.600161,6.4318988118116325
13,2026-07-06T14:21:54.0000000+00:00,36.10891667,14.53868333,2026-07-06 14:21:54,36.13795,14.608062,7.018058007341424
14,2026-07-06T14:51:55.0000000+00:00,36.10316667,14.54038333,2026-07-06 14:51:55,36.133987,14.615822,7.593487002121415
15,2026-07-06T15:21:54.0000000+00:00,36.09768333,14.54193333,2026-07-06 15:21:54,36.13034,14.623382,8.168049557888585
16,2026-07-06T15:51:55.0000000+00:00,36.0928,14.54376667,2026-07-06 15:51:55,36.12649,14.630789,8.668905957816323
17,2026-07-06T16:21:54.0000000+00:00,36.08773333,14.54515,2026-07-06 16:21:54,36.122295,14.638026,9.186382969666342
18,2026-07-06T16:51:55.0000000+00:00,36.08268333,14.54551667,2026-07-06 16:51:55,36.117104,14.6451,9.73135013714646
19,2026-07-06T17:21:54.0000000+00:00,36.07753333,14.54503333,2026-07-06 17:21:54,36.110924,14.651951,10.29916303172055
20,2026-07-06T17:51:54.0000000+00:00,36.07298333,14.54446667,2026-07-06 17:51:54,36.104507,14.658208,10.804801207884974
21,2026-07-06T18:22:01.0000000+00:00,36.06845,14.54343333,2026-07-06 18:22:01,36.09801,14.663857,11.309955318227397
22,2026-07-06T18:51:54.0000000+00:00,36.06411667,14.54186667,2026-07-06 18:51:54,36.091312,14.669146,11.831599666271568
23,2026-07-06T19:21:55.0000000+00:00,36.06045,14.54046667,2026-07-06 19:21:55,36.084553,14.674188,12.313388648778153
24,2026-07-06T19:51:54.0000000+00:00,36.05705,14.53943333,2026-07-06 19:51:54,36.078327,14.67914,12.777967438073167
25,2026-07-06T20:21:54.0000000+00:00,36.0539,14.53871667,2026-07-06 20:21:54,36.0728,14.684071,13.233221693373675
26,2026-07-06T20:51:56.0000000+00:00,36.051,14.5383,2026-07-06 20:51:56,36.068153,14.689116,13.690427313493126
27,2026-07-06T21:21:54.0000000+00:00,36.04856667,14.53861667,2026-07-06 21:21:54,36.06442,14.69431,14.106502710064506
28,2026-07-06T21:51:55.0000000+00:00,36.04635,14.53931667,2026-07-06 21:51:55,36.06151,14.699565,14.504036459702201
29,2026-07-06T22:21:54.0000000+00:00,36.04455,14.5411,2026-07-06 22:21:54,36.0594,14.704952,14.822396701252089
30,2026-07-06T22:52:19.0000000+00:00,36.04321667,14.54351667,2026-07-06 22:52:19,36.05796,14.710669,15.116229421727818
31,2026-07-06T23:21:54.0000000+00:00,36.0426,14.54633333,2026-07-06 23:21:54,36.057114,14.7168865,15.417652326000194
32,2026-07-06T23:52:01.0000000+00:00,36.0422,14.54968333,2026-07-06 23:52:01,36.056416,14.723744,15.72815783658489
33,2026-07-07T00:21:54.0000000+00:00,36.04221667,14.5535,2026-07-07 00:21:54,36.055782,14.731288,16.05456088230462
34,2026-07-07T00:52:25.0000000+00:00,36.04236667,14.55828333,2026-07-07 00:52:25,36.055428,14.739365,16.344291474879444
35,2026-07-07T01:21:55.0000000+00:00,36.04195,14.56328333,2026-07-07 01:21:55,36.05526,14.748039,16.675995388940485
36,2026-07-07T01:51:55.0000000+00:00,36.041,14.56903333,2026-07-07 01:51:55,36.05473,14.757562,17.017991845864326
37,2026-07-07T02:21:54.0000000+00:00,36.04016667,14.57506667,2026-07-07 02:21:54,36.05359,14.767985,17.408480119738336
38,2026-07-07T02:51:55.0000000+00:00,36.0392,14.58105,2026-07-07 02:51:55,36.051834,14.779156,17.866260430978564
39,2026-07-07T03:21:54.0000000+00:00,36.03788333,14.58736667,2026-07-07 03:21:54,36.04941,14.790954,18.349101678443652
40,2026-07-07T03:52:00.0000000+00:00,36.03526667,14.59391667,2026-07-07 03:52:00,36.046288,14.80334,18.869543341315715
41,2026-07-07T04:21:54.0000000+00:00,36.0324,14.60066667,2026-07-07 04:21:54,36.04243,14.816105,19.403350600705675
42,2026-07-07T04:51:55.0000000+00:00,36.02906667,14.60751667,2026-07-07 04:51:55,36.03804,14.828929,19.9343534140765
43,2026-07-07T05:21:54.0000000+00:00,36.02545,14.61431667,2026-07-07 05:21:54,36.033165,14.841706,20.46597039030176
44,2026-07-07T05:52:01.0000000+00:00,36.0208,14.62125,2026-07-07 05:52:01,36.027596,14.854664,21.004758627895427
45,2026-07-07T06:22:00.0000000+00:00,36.01581667,14.62805,2026-07-07 06:22:00,36.02138,14.867696,21.562019865064183
46,2026-07-07T06:51:55.0000000+00:00,36.00983333,14.6348,2026-07-07 06:51:55,36.014786,14.8802395,22.082837095460725
47,2026-07-07T07:21:55.0000000+00:00,36.00305,14.64131667,2026-07-07 07:21:55,36.00811,14.892352,22.588139434018476
48,2026-07-07T07:51:55.0000000+00:00,35.99591667,14.64721667,2026-07-07 07:51:55,36.001656,14.90439,23.144067419990222
49,2026-07-07T08:21:54.0000000+00:00,35.98846667,14.65233333,2026-07-07 08:21:54,35.99535,14.916502,23.77893254308958
50,2026-07-07T08:51:57.0000000+00:00,35.98088333,14.65663333,2026-07-07 08:51:57,35.989014,14.928601,24.487188516575078
51,2026-07-07T09:21:54.0000000+00:00,35.97313333,14.66035,2026-07-07 09:21:54,35.982643,14.940586,25.238877029095953
52,2026-07-07T09:52:25.0000000+00:00,35.96548333,14.66318333,2026-07-07 09:52:25,35.97641,14.952637,26.07669310906995
53,2026-07-07T10:21:54.0000000+00:00,35.95838333,14.66553333,2026-07-07 10:21:54,35.970196,14.964765,26.96265045243814
54,2026-07-07T10:51:54.0000000+00:00,35.95105,14.66756667,2026-07-07 10:51:54,35.964027,14.977086,27.896157783609535
55,2026-07-07T11:21:55.0000000+00:00,35.94378333,14.66883333,2026-07-07 11:21:55,35.957928,14.989677,28.923358530425702
56,2026-07-07T11:51:54.0000000+00:00,35.93675,14.66968333,2026-07-07 11:51:54,35.951862,15.002818,30.036487034630287
57,2026-07-07T12:21:54.0000000+00:00,35.92951667,14.6699,2026-07-07 12:21:54,35.945698,15.016448,31.251390443070115
58,2026-07-07T12:51:55.0000000+00:00,35.92285,14.66943333,2026-07-07 12:51:55,35.93921,15.030276,32.54021028908375
59,2026-07-07T13:21:54.0000000+00:00,35.91641667,14.66851667,2026-07-07 13:21:54,35.93256,15.044191,33.875099765713735
60,2026-07-07T13:52:01.0000000+00:00,35.91013333,14.6676,2026-07-07 13:52:01,35.92588,15.058037,35.20314672155129
61,2026-07-07T14:22:02.0000000+00:00,35.90418333,14.66626667,2026-07-07 14:22:02,35.91918,15.07177,36.55738533279149
62,2026-07-07T14:51:55.0000000+00:00,35.89815,14.66426667,2026-07-07 14:51:55,35.912254,15.085169,37.941677701427196
63,2026-07-07T15:22:31.0000000+00:00,35.89233333,14.66216667,2026-07-07 15:22:31,35.90506,15.098179,39.29884725168492
64,2026-07-07T15:51:54.0000000+00:00,35.88783333,14.6609,2026-07-07 15:51:54,35.897995,15.110576,40.522804118422954
65,2026-07-07T16:21:54.0000000+00:00,35.8837,14.66033333,2026-07-07 16:21:54,35.891075,15.122397,41.6339475914296
66,2026-07-07T16:51:55.0000000+00:00,35.88001667,14.66003333,2026-07-07 16:51:55,35.884052,15.133608,42.66801204406897
67,2026-07-07T17:21:54.0000000+00:00,35.87761667,14.65943333,2026-07-07 17:21:54,35.877037,15.144132,43.67045224961229
68,2026-07-07T17:51:55.0000000+00:00,35.87635,14.66086667,2026-07-07 17:51:55,35.869625,15.153681,44.410453797249914
69,2026-07-07T18:21:54.0000000+00:00,35.87546667,14.6635,2026-07-07 18:21:54,35.861767,15.162372,44.97813617683365
70,2026-07-07T18:51:59.0000000+00:00,35.8742,14.6661,2026-07-07 18:51:59,35.85374,15.170457,45.5061740736048
71,2026-07-07T19:21:54.0000000+00:00,35.8726,14.66788333,2026-07-07 19:21:54,35.84576,15.177985,46.066530016816394
72,2026-07-07T19:51:54.0000000+00:00,35.87186667,14.66975,2026-07-07 19:51:54,35.838367,15.185241,46.606854857651996
73,2026-07-07T20:21:54.0000000+00:00,35.87096667,14.67131667,2026-07-07 20:21:54,35.831654,15.192441,47.17076911292773
74,2026-07-07T20:51:54.0000000+00:00,35.86988333,14.67401667,2026-07-07 20:51:54,35.82586,15.200038,47.663239030013656
75,2026-07-07T21:21:54.0000000+00:00,35.86853333,14.67761667,2026-07-07 21:21:54,35.820843,15.208205,48.117866034292554
76,2026-07-07T21:51:54.0000000+00:00,35.8675,14.68108333,2026-07-07 21:51:54,35.815964,15.21699,48.644653900095705
77,2026-07-07T22:21:54.0000000+00:00,35.86638333,14.68416667,2026-07-07 22:21:54,35.810986,15.226342,49.25956046657302
78,2026-07-07T22:51:54.0000000+00:00,35.86481667,14.68756667,2026-07-07 22:51:54,35.805573,15.236307,49.90343357738517
79,2026-07-07T23:21:54.0000000+00:00,35.86291667,14.69103333,2026-07-07 23:21:54,35.799763,15.246722,50.585395698096505
80,2026-07-07T23:52:04.0000000+00:00,35.86053333,14.69501667,2026-07-07 23:52:04,35.794064,15.257237,51.223062495160875
81,2026-07-08T00:22:01.0000000+00:00,35.8574,14.6998,2026-07-08 00:22:01,35.788692,15.267441,51.74545204497078
82,2026-07-08T00:51:54.0000000+00:00,35.85391667,14.70506667,2026-07-08 00:51:54,35.782955,15.276976,52.1663748095173
83,2026-07-08T01:22:31.0000000+00:00,35.85018333,14.71095,2026-07-08 01:22:31,35.776768,15.286066,52.497238628076076
84,2026-07-08T01:52:01.0000000+00:00,35.84653333,14.7165,2026-07-08 01:52:01,35.770527,15.295468,52.88881235045276
85,2026-07-08T02:21:54.0000000+00:00,35.84235,14.72185,2026-07-08 02:21:54,35.76424,15.30555,53.35103888621244
86,2026-07-08T02:51:54.0000000+00:00,35.83708333,14.7271,2026-07-08 02:51:54,35.75786,15.316709,53.90086363989316
87,2026-07-08T03:21:55.0000000+00:00,35.83133333,14.73263333,2026-07-08 03:21:55,35.751316,15.32892,54.513595914817394
88,2026-07-08T03:51:55.0000000+00:00,35.82541667,14.73856667,2026-07-08 03:51:55,35.744396,15.3414755,55.12547370470524
89,2026-07-08T04:21:54.0000000+00:00,35.81916667,14.74498333,2026-07-08 04:21:54,35.73686,15.354279,55.72192231891494
90,2026-07-08T04:52:01.0000000+00:00,35.8122,14.75091667,2026-07-08 04:52:01,35.728905,15.367328,56.37829340256758
91,2026-07-08T05:22:19.0000000+00:00,35.80401667,14.75583333,2026-07-08 05:22:19,35.7205,15.380445,57.1178726432325
92,2026-07-08T05:51:55.0000000+00:00,35.7956,14.75945,2026-07-08 05:51:55,35.711536,15.393536,57.97754773947748
93,2026-07-08T06:21:54.0000000+00:00,35.78768333,14.76223333,2026-07-08 06:21:54,35.702187,15.406527,58.918491280344966
94,2026-07-08T06:51:54.0000000+00:00,35.7799,14.7645,2026-07-08 06:51:54,35.692623,15.419459,59.90683685882512
95,2026-07-08T07:21:54.0000000+00:00,35.77158333,14.76611667,2026-07-08 07:21:54,35.683025,15.432381,60.943399437410235
96,2026-07-08T07:51:55.0000000+00:00,35.76346667,14.7668,2026-07-08 07:51:55,35.674175,15.445357,62.058301732636224
97,2026-07-08T08:22:07.0000000+00:00,35.75525,14.76645,2026-07-08 08:22:07,35.666,15.458435,63.26066070446599
98,2026-07-08T08:52:01.0000000+00:00,35.74701667,14.76478333,2026-07-08 08:52:01,35.657516,15.471597,64.59418588502066
99,2026-07-08T09:21:54.0000000+00:00,35.73921667,14.7625,2026-07-08 09:21:54,35.64835,15.48489,66.0141952524616
100,2026-07-08T09:51:54.0000000+00:00,35.73205,14.75938333,2026-07-08 09:51:54,35.638706,15.497933,67.50552888521979
101,2026-07-08T10:22:01.0000000+00:00,35.7253,14.75666667,2026-07-08 10:22:01,35.628803,15.510479,68.92853938894771
102,2026-07-08T10:51:55.0000000+00:00,35.71873333,14.75341667,2026-07-08 10:51:55,35.618557,15.522672,70.37768351855667
103,2026-07-08T11:21:54.0000000+00:00,35.71318333,14.75045,2026-07-08 11:21:54,35.60797,15.534443,71.78860067047245
104,2026-07-08T11:51:54.0000000+00:00,35.70913333,14.74855,2026-07-08 11:51:54,35.597214,15.545891,73.108596500095
105,2026-07-08T12:21:55.0000000+00:00,35.70578333,14.74688333,2026-07-08 12:21:55,35.586864,15.557098,74.39561627423444
106,2026-07-08T12:52:02.0000000+00:00,35.70291667,14.74548333,2026-07-08 12:52:02,35.577427,15.567887,75.61682333490661
107,2026-07-08T13:22:01.0000000+00:00,35.70095,14.74546667,2026-07-08 13:22:01,35.56919,15.578277,76.6760573468394
108,2026-07-08T13:51:54.0000000+00:00,35.69916667,14.74633333,2026-07-08 13:51:54,35.56239,15.588198,77.59079261251946
109,2026-07-08T14:21:55.0000000+00:00,35.6972,14.74715,2026-07-08 14:21:55,35.557224,15.598208,78.47899667558877
110,2026-07-08T14:51:54.0000000+00:00,35.6953,14.7481,2026-07-08 14:51:54,35.553684,15.609185,79.40596034100294
111,2026-07-08T15:23:01.0000000+00:00,35.69376667,14.74995,2026-07-08 15:23:01,35.55157,15.621369,80.33611152032263
112,2026-07-08T15:52:01.0000000+00:00,35.6918,14.75146667,2026-07-08 15:52:01,35.55031,15.634189,81.32433307111702
113,2026-07-08T16:21:54.0000000+00:00,35.68965,14.75298333,2026-07-08 16:21:54,35.549335,15.647753,82.3696987410911
114,2026-07-08T16:52:03.0000000+00:00,35.6876,14.75421667,2026-07-08 16:52:03,35.547882,15.662549,83.56310854840139
115,2026-07-08T17:21:55.0000000+00:00,35.68576667,14.75568333,2026-07-08 17:21:55,35.54569,15.678637,84.87141811152549
116,2026-07-08T17:51:54.0000000+00:00,35.68441667,14.75763333,2026-07-08 17:51:54,35.54331,15.695571,86.22607883918452
117,2026-07-08T18:21:54.0000000+00:00,35.68346667,14.76018333,2026-07-08 18:21:54,35.54074,15.712993,87.58248805862496
118,2026-07-08T18:52:01.0000000+00:00,35.68236667,14.76321667,2026-07-08 18:52:01,35.537853,15.730278,88.88765410757968
119,2026-07-08T19:22:19.0000000+00:00,35.68085,14.76628333,2026-07-08 19:22:19,35.53482,15.746976,90.13260313165578
120,2026-07-08T19:51:54.0000000+00:00,35.6794,14.76978333,2026-07-08 19:51:54,35.53221,15.763108,91.28146280534088
121,2026-07-08T20:22:19.0000000+00:00,35.67741667,14.77325,2026-07-08 20:22:19,35.530277,15.778909,92.37979235294544
122,2026-07-08T20:51:54.0000000+00:00,35.67541667,14.77705,2026-07-08 20:51:54,35.528805,15.794669,93.43599338365846
123,2026-07-08T21:21:54.0000000+00:00,35.67308333,14.78111667,2026-07-08 21:21:54,35.527695,15.8106,94.4710033370147
124,2026-07-08T21:51:54.0000000+00:00,35.67021667,14.78518333,2026-07-08 21:51:54,35.5266,15.827116,95.54923214293063
125,2026-07-08T22:21:55.0000000+00:00,35.66696667,14.78861667,2026-07-08 22:21:55,35.525383,15.844168,96.72902067851301
126,2026-07-08T22:52:02.0000000+00:00,35.66381667,14.79211667,2026-07-08 22:52:02,35.523582,15.861219,97.91708729106838
127,2026-07-08T23:22:22.0000000+00:00,35.66011667,14.79631667,2026-07-08 23:22:22,35.521088,15.878015,99.0242740477912
128,2026-07-08T23:51:54.0000000+00:00,35.65608333,14.8005,2026-07-08 23:51:54,35.517906,15.894181,100.08456651068003
129,2026-07-09T00:22:01.0000000+00:00,35.65111667,14.8048,2026-07-09 00:22:01,35.513924,15.909647,101.07127949837337
130,2026-07-09T00:52:04.0000000+00:00,35.6461,14.8088,2026-07-09 00:52:04,35.508564,15.924318,102.03754493229728
131,2026-07-09T01:22:08.0000000+00:00,35.64025,14.81255,2026-07-09 01:22:08,35.50183,15.938194,102.96551943258906
132,2026-07-09T01:51:54.0000000+00:00,35.63415,14.81565,2026-07-09 01:51:54,35.494186,15.950613,103.83331265798444
133,2026-07-09T02:22:49.0000000+00:00,35.6279,14.81835,2026-07-09 02:22:49,35.485783,15.961553,104.61550459267963
134,2026-07-09T02:52:02.0000000+00:00,35.62271667,14.82011667,2026-07-09 02:52:02,35.477,15.971605,105.42623813442681
135,2026-07-09T03:22:01.0000000+00:00,35.61786667,14.82146667,2026-07-09 03:22:01,35.468185,15.980974,106.22017171241579
136,2026-07-09T03:52:01.0000000+00:00,35.61268333,14.8227,2026-07-09 03:52:01,35.45972,15.990514,107.02878954972873
137,2026-07-09T04:21:54.0000000+00:00,35.60778333,14.82336667,2026-07-09 04:21:54,35.45169,16.000462,107.92174589654422
138,2026-07-09T04:51:54.0000000+00:00,35.60291667,14.82411667,2026-07-09 04:51:54,35.44409,16.010971,108.85062708520857
139,2026-07-09T05:21:54.0000000+00:00,35.59773333,14.82441667,2026-07-09 05:21:54,35.436943,16.022186,109.86900220970169
140,2026-07-09T05:51:55.0000000+00:00,35.5923,14.82516667,2026-07-09 05:51:55,35.430355,16.033958,110.88220175674076
141,2026-07-09T06:22:01.0000000+00:00,35.58648333,14.8254,2026-07-09 06:22:01,35.424232,16.04617,111.96562429972613
142,2026-07-09T06:52:01.0000000+00:00,35.58058333,14.82545,2026-07-09 06:52:01,35.41821,16.058615,113.08357856393181
143,2026-07-09T07:21:55.0000000+00:00,35.5746,14.825,2026-07-09 07:21:55,35.412186,16.071133,114.25163778101091
144,2026-07-09T07:52:03.0000000+00:00,35.56878333,14.82358333,2026-07-09 07:52:03,35.406345,16.083595,115.50101025353159
145,2026-07-09T08:22:52.0000000+00:00,35.5631,14.8215,2026-07-09 08:22:52,35.400707,16.095854,116.79093761073797
146,2026-07-09T08:52:19.0000000+00:00,35.55768333,14.81983333,2026-07-09 08:52:19,35.395145,16.107687,118.00903460753952
147,2026-07-09T09:21:54.0000000+00:00,35.55253333,14.81826667,2026-07-09 09:21:54,35.389706,16.119041,119.17800784504738
148,2026-07-09T09:51:54.0000000+00:00,35.54728333,14.81643333,2026-07-09 09:51:54,35.384453,16.130129,120.34230420618437
149,2026-07-09T10:21:55.0000000+00:00,35.542,14.81415,2026-07-09 10:21:55,35.379505,16.141014,121.52348242280243
150,2026-07-09T10:51:54.0000000+00:00,35.53678333,14.81123333,2026-07-09 10:51:54,35.375134,16.151674,122.73293226270162
151,2026-07-09T11:21:54.0000000+00:00,35.53191667,14.80778333,2026-07-09 11:21:54,35.37137,16.16239,123.99103975088443
152,2026-07-09T11:51:54.0000000+00:00,35.52736667,14.80473333,2026-07-09 11:51:54,35.36831,16.173927,125.28106483651015
153,2026-07-09T12:22:01.0000000+00:00,35.52308333,14.80173333,2026-07-09 12:22:01,35.365974,16.18637,126.64105704613819
154,2026-07-09T12:51:54.0000000+00:00,35.51951667,14.7988,2026-07-09 12:51:54,35.36407,16.198997,128.0165045673185
155,2026-07-09T13:22:01.0000000+00:00,35.51625,14.79616667,2026-07-09 13:22:01,35.362537,16.211687,129.37012725475628
156,2026-07-09T13:52:02.0000000+00:00,35.51361667,14.7941,2026-07-09 13:52:02,35.361393,16.224594,130.6963420179035
157,2026-07-09T14:21:54.0000000+00:00,35.51168333,14.79156667,2026-07-09 14:21:54,35.36057,16.23777,132.09421129457047
158,2026-07-09T14:51:54.0000000+00:00,35.51036667,14.78971667,2026-07-09 14:51:54,35.360012,16.251186,133.4570513555089
159,2026-07-09T15:21:56.0000000+00:00,35.50905,14.78838333,2026-07-09 15:21:56,35.35954,16.264692,134.78075402675037
160,2026-07-09T15:51:54.0000000+00:00,35.508,14.78753333,2026-07-09 15:51:54,35.35851,16.277357,135.9973214346279
161,2026-07-09T16:21:54.0000000+00:00,35.50683333,14.78713333,2026-07-09 16:21:54,35.356808,16.289055,137.09487669072
162,2026-07-09T16:51:54.0000000+00:00,35.50578333,14.78658333,2026-07-09 16:51:54,35.35446,16.300243,138.17082810113033
163,2026-07-09T17:22:01.0000000+00:00,35.50496667,14.78606667,2026-07-09 17:22:01,35.35149,16.310902,139.20827139471965
164,2026-07-09T17:51:54.0000000+00:00,35.50413333,14.78545,2026-07-09 17:51:54,35.34845,16.32118,140.2214941699042
165,2026-07-09T18:22:01.0000000+00:00,35.50313333,14.78458333,2026-07-09 18:22:01,35.345535,16.330997,141.21172647981774
166,2026-07-09T18:51:54.0000000+00:00,35.50271667,14.78345,2026-07-09 18:51:54,35.3429,16.340237,142.17766482839386
167,2026-07-09T19:21:54.0000000+00:00,35.50288333,14.78231667,2026-07-09 19:21:54,35.340725,16.348568,143.06288976347196
168,2026-07-09T19:51:54.0000000+00:00,35.50363333,14.78175,2026-07-09 19:51:54,35.339024,16.355837,143.802516227764
169,2026-07-09T20:21:54.0000000+00:00,35.50466667,14.78211667,2026-07-09 20:21:54,35.337955,16.362072,144.3597357992231
170,2026-07-09T20:51:55.0000000+00:00,35.50605,14.7824,2026-07-09 20:51:55,35.33769,16.36725,144.8222891099366
171,2026-07-09T21:22:02.0000000+00:00,35.5076,14.78256667,2026-07-09 21:22:02,35.338306,16.371624,145.21171146659282
172,2026-07-09T21:51:54.0000000+00:00,35.50906667,14.78283333,2026-07-09 21:51:54,35.33976,16.375437,145.52790507798835
173,2026-07-09T22:21:54.0000000+00:00,35.51058333,14.78323333,2026-07-09 22:21:54,35.34196,16.379055,145.80397651995406
174,2026-07-09T22:52:17.0000000+00:00,35.51226667,14.78443333,2026-07-09 22:52:17,35.34471,16.383062,146.03708449908254
175,2026-07-09T23:21:55.0000000+00:00,35.51381667,14.7858,2026-07-09 23:21:55,35.34789,16.387602,146.29499837567198
176,2026-07-09T23:52:19.0000000+00:00,35.51533333,14.78723333,2026-07-09 23:52:19,35.351562,16.392508,146.57244108432383
177,2026-07-10T00:22:19.0000000+00:00,35.51623333,14.78875,2026-07-10 00:22:19,35.355587,16.397724,146.85799239867302
178,2026-07-10T00:51:54.0000000+00:00,35.51655,14.79,2026-07-10 00:51:54,35.359505,16.403318,147.196924604319
179,2026-07-10T01:21:58.0000000+00:00,35.5165,14.79156667,2026-07-10 01:21:58,35.363186,16.409307,147.54287964363635
180,2026-07-10T01:51:54.0000000+00:00,35.51591667,14.793,2026-07-10 01:51:54,35.366688,16.415829,147.94639945514555
181,2026-07-10T02:21:54.0000000+00:00,35.51475,14.79501667,2026-07-10 02:21:54,35.369984,16.422775,148.33355911115473
182,2026-07-10T02:51:55.0000000+00:00,35.51275,14.7963,2026-07-10 02:51:55,35.37307,16.42964,148.77509437137013
183,2026-07-10T03:21:54.0000000+00:00,35.51055,14.79731667,2026-07-10 03:21:54,35.37587,16.436264,149.22302080796
184,2026-07-10T03:51:54.0000000+00:00,35.50788333,14.79791667,2026-07-10 03:51:54,35.378098,16.442505,149.67823070050548
185,2026-07-10T04:21:54.0000000+00:00,35.50476667,14.79796667,2026-07-10 04:21:54,35.37971,16.448257,150.14421163993813
186,2026-07-10T04:51:54.0000000+00:00,35.5013,14.7975,2026-07-10 04:51:54,35.380875,16.453331,150.59952744418848
187,2026-07-10T05:21:55.0000000+00:00,35.49806667,14.79575,2026-07-10 05:21:55,35.38166,16.457619,151.10766266642744
188,2026-07-10T05:52:01.0000000+00:00,35.49513333,14.7927,2026-07-10 05:52:01,35.38239,16.461077,151.6629228591859
189,2026-07-10T06:21:55.0000000+00:00,35.4923,14.78866667,2026-07-10 06:21:55,35.383133,16.463638,152.2280302852753
190,2026-07-10T06:51:55.0000000+00:00,35.48983333,14.78345,2026-07-10 06:51:55,35.383873,16.46566,152.85541770611863
191,2026-07-10T07:21:54.0000000+00:00,35.48718333,14.77711667,2026-07-10 07:21:54,35.384632,16.467108,153.53144871924795
192,2026-07-10T07:51:54.0000000+00:00,35.48473333,14.77023333,2026-07-10 07:51:54,35.385403,16.467793,154.19071216166046
193,2026-07-10T08:21:54.0000000+00:00,35.48243333,14.76291667,2026-07-10 08:21:54,35.386253,16.467623,154.8132382640099
194,2026-07-10T08:51:56.0000000+00:00,35.4805,14.75481667,2026-07-10 08:51:56,35.38724,16.466486,155.42160183509728
195,2026-07-10T09:21:54.0000000+00:00,35.47895,14.74623333,2026-07-10 09:21:54,35.38846,16.464401,155.98921514693257
196,2026-07-10T09:51:54.0000000+00:00,35.47826667,14.73685,2026-07-10 09:51:54,35.389904,16.461376,156.54819956608102
197,2026-07-10T10:21:54.0000000+00:00,35.47838333,14.72796667,2026-07-10 10:21:54,35.391632,16.457554,156.9929807824363
198,2026-07-10T10:51:54.0000000+00:00,35.4799,14.71965,2026-07-10 10:51:54,35.39355,16.453138,157.33964222686228
199,2026-07-10T11:21:54.0000000+00:00,35.48221667,14.7113,2026-07-10 11:21:54,35.39575,16.448338,157.65691617440572
200,2026-07-10T11:51:54.0000000+00:00,35.48478333,14.70365,2026-07-10 11:51:54,35.398594,16.443552,157.90885226035493
201,2026-07-10T12:21:54.0000000+00:00,35.48788333,14.69645,2026-07-10 12:21:54,35.402153,16.438908,158.13031961442857
202,2026-07-10T12:51:54.0000000+00:00,35.49145,14.68963333,2026-07-10 12:51:54,35.406437,16.434513,158.33677379566984
203,2026-07-10T13:21:54.0000000+00:00,35.49568333,14.68296667,2026-07-10 13:21:54,35.411427,16.4304,158.55374040207053
204,2026-07-10T13:51:55.0000000+00:00,35.50023333,14.67691667,2026-07-10 13:51:55,35.41719,16.42644,158.72451477117733
205,2026-07-10T14:21:54.0000000+00:00,35.50516667,14.67138333,2026-07-10 14:21:54,35.42362,16.422634,158.85993721160844
206,2026-07-10T14:51:54.0000000+00:00,35.51016667,14.66658333,2026-07-10 14:51:54,35.430256,16.419056,158.9487499521583
207,2026-07-10T15:22:01.0000000+00:00,35.51471667,14.66308333,2026-07-10 15:22:01,35.436962,16.415785,158.94507802599674
208,2026-07-10T15:51:54.0000000+00:00,35.51891667,14.65968333,2026-07-10 15:51:54,35.443752,16.413073,158.98108945366897
209,2026-07-10T16:22:19.0000000+00:00,35.52298333,14.65631667,2026-07-10 16:22:19,35.450565,16.410873,159.06014844606142
210,2026-07-10T16:51:54.0000000+00:00,35.52623333,14.65413333,2026-07-10 16:51:54,35.4572,16.408993,159.05920567779265
211,2026-07-10T17:22:25.0000000+00:00,35.52888333,14.65196667,2026-07-10 17:22:25,35.4636,16.407385,159.08116747350886
212,2026-07-10T17:51:54.0000000+00:00,35.53111667,14.64965,2026-07-10 17:51:54,35.469833,16.40607,159.14373742522335
213,2026-07-10T18:21:54.0000000+00:00,35.53306667,14.64748333,2026-07-10 18:21:54,35.475822,16.405045,159.2204286406551
214,2026-07-10T18:51:55.0000000+00:00,35.53498333,14.64553333,2026-07-10 18:51:55,35.481255,16.404482,159.32356070837116
215,2026-07-10T19:21:54.0000000+00:00,35.53633333,14.6437,2026-07-10 19:21:54,35.48608,16.404224,159.4459303216872
216,2026-07-10T19:51:56.0000000+00:00,35.53746667,14.64183333,2026-07-10 19:51:56,35.490635,16.403511,159.53169896290606
217,2026-07-10T20:21:54.0000000+00:00,35.53868333,14.6405,2026-07-10 20:21:54,35.494984,16.40219,159.516251500481
218,2026-07-10T20:51:54.0000000+00:00,35.54,14.6399,2026-07-10 20:51:54,35.498943,16.400478,159.4018382016476
219,2026-07-10T21:21:54.0000000+00:00,35.54083333,14.63948333,2026-07-10 21:21:54,35.502525,16.398338,159.2331352382234
220,2026-07-10T21:51:54.0000000+00:00,35.5411,14.63891667,2026-07-10 21:51:54,35.50577,16.395552,159.02028128029286
221,2026-07-10T22:21:54.0000000+00:00,35.54078333,14.63835,2026-07-10 22:21:54,35.50876,16.39207,158.74527339113936
222,2026-07-10T22:52:01.0000000+00:00,35.54,14.63743333,2026-07-10 22:52:01,35.511772,16.388012,158.44986468105145
223,2026-07-10T23:21:54.0000000+00:00,35.53855,14.63603333,2026-07-10 23:21:54,35.514828,16.383482,158.1560885029917
224,2026-07-10T23:51:54.0000000+00:00,35.53665,14.63365,2026-07-10 23:51:54,35.517574,16.379128,157.96899533665598
225,2026-07-11T00:22:25.0000000+00:00,35.53435,14.63063333,2026-07-11 00:22:25,35.51988,16.375038,157.86601678692114
226,2026-07-11T00:51:54.0000000+00:00,35.53216667,14.62745,2026-07-11 00:51:54,35.521603,16.370707,157.75869614318682
227,2026-07-11T01:21:54.0000000+00:00,35.5297,14.62391667,2026-07-11 01:21:54,35.5231,16.365791,157.6318579437056
228,2026-07-11T01:52:03.0000000+00:00,35.52696667,14.61983333,2026-07-11 01:52:03,35.52427,16.360458,157.51891568998954
229,2026-07-11T02:21:54.0000000+00:00,35.52453333,14.61505,2026-07-11 02:21:54,35.52526,16.354815,157.44222905185623
230,2026-07-11T02:51:56.0000000+00:00,35.52258333,14.60933333,2026-07-11 02:51:56,35.52692,16.349232,157.45526897305587
231,2026-07-11T03:21:58.0000000+00:00,35.52101667,14.6027,2026-07-11 03:21:58,35.52931,16.343792,157.5645447895141
232,2026-07-11T03:51:54.0000000+00:00,35.51978333,14.59611667,2026-07-11 03:51:54,35.53153,16.33846,157.6796159448534
233,2026-07-11T04:21:54.0000000+00:00,35.51916667,14.58893333,2026-07-11 04:21:54,35.53352,16.3332,157.8548848795783
234,2026-07-11T04:51:54.0000000+00:00,35.51896667,14.58218333,2026-07-11 04:51:54,35.535538,16.327515,157.95204397766818
235,2026-07-11T05:22:01.0000000+00:00,35.51906667,14.57571667,2026-07-11 05:22:01,35.537693,16.321499,157.99346457752338
236,2026-07-11T05:51:54.0000000+00:00,35.5198,14.56968333,2026-07-11 05:51:54,35.540043,16.316029,158.04392326530618
237,2026-07-11T06:21:54.0000000+00:00,35.52101667,14.564,2026-07-11 06:21:54,35.542736,16.311201,158.11979621822144
238,2026-07-11T06:51:54.0000000+00:00,35.52218333,14.55965,2026-07-11 06:51:54,35.546577,16.306173,158.05843404121748
239,2026-07-11T07:21:57.0000000+00:00,35.5233,14.55623333,2026-07-11 07:21:57,35.551533,16.30083,157.88609954174834
240,2026-07-11T07:51:56.0000000+00:00,35.52468333,14.55345,2026-07-11 07:51:56,35.556538,16.295198,157.630712831928
241,2026-07-11T08:21:54.0000000+00:00,35.5263,14.55046667,2026-07-11 08:21:54,35.56141,16.289398,157.37807806071476
242,2026-07-11T08:51:55.0000000+00:00,35.52778333,14.54721667,2026-07-11 08:51:55,35.566383,16.283848,157.1737439389825
243,2026-07-11T09:21:56.0000000+00:00,35.52946667,14.54448333,2026-07-11 09:21:56,35.5714,16.27862,156.95227038496975
244,2026-07-11T09:51:57.0000000+00:00,35.53145,14.54146667,2026-07-11 09:51:57,35.576363,16.273304,156.74764853456614
245,2026-07-11T10:21:55.0000000+00:00,35.53365,14.53823333,2026-07-11 10:21:55,35.581177,16.267857,156.55019776348462
246,2026-07-11T10:51:57.0000000+00:00,35.53585,14.53515,2026-07-11 10:51:57,35.585827,16.262527,156.3499181895193
247,2026-07-11T11:21:54.0000000+00:00,35.53791667,14.53225,2026-07-11 11:21:54,35.590275,16.257307,156.14351785901428
248,2026-07-11T11:51:55.0000000+00:00,35.5399,14.52926667,2026-07-11 11:51:55,35.594845,16.252144,155.95107838100017
249,2026-07-11T12:21:54.0000000+00:00,35.54171667,14.52593333,2026-07-11 12:21:54,35.599495,16.246946,155.7889766336632
250,2026-07-11T12:51:57.0000000+00:00,35.54366667,14.52285,2026-07-11 12:51:57,35.603996,16.241726,155.60161556452775
251,2026-07-11T13:21:54.0000000+00:00,35.54556667,14.51956667,2026-07-11 13:21:54,35.608276,16.23643,155.42534422119462
252,2026-07-11T13:51:54.0000000+00:00,35.54753333,14.51603333,2026-07-11 13:51:54,35.612206,16.231386,155.29326514978192
253,2026-07-11T14:22:01.0000000+00:00,35.55,14.51276667,2026-07-11 14:22:01,35.61584,16.226513,155.1483010702721
254,2026-07-11T14:51:56.0000000+00:00,35.5524,14.51005,2026-07-11 14:51:56,35.61925,16.221384,154.9301033671231
255,2026-07-11T15:21:55.0000000+00:00,35.5548,14.50755,2026-07-11 15:21:55,35.622562,16.21594,154.6636157002651
256,2026-07-11T15:51:56.0000000+00:00,35.55651667,14.50535,2026-07-11 15:51:56,35.625767,16.210468,154.3716382468223
257,2026-07-11T16:21:56.0000000+00:00,35.55768333,14.50293333,2026-07-11 16:21:56,35.628975,16.205063,154.10897556564652
258,2026-07-11T16:51:56.0000000+00:00,35.55881667,14.50091667,2026-07-11 16:51:56,35.632202,16.199787,153.82263686813607
259,2026-07-11T17:21:57.0000000+00:00,35.55948333,14.4994,2026-07-11 17:21:57,35.63553,16.19465,153.5080152388781
260,2026-07-11T17:51:55.0000000+00:00,35.55995,14.49785,2026-07-11 17:51:55,35.639256,16.189182,153.1707974593853
261,2026-07-11T18:22:19.0000000+00:00,35.56,14.49595,2026-07-11 18:22:19,35.64349,16.183428,152.84637145329447
262,2026-07-11T18:52:01.0000000+00:00,35.56018333,14.4938,2026-07-11 18:52:01,35.648514,16.177729,152.55479653476365
263,2026-07-11T19:22:01.0000000+00:00,35.56038333,14.49156667,2026-07-11 19:22:01,35.654263,16.172277,152.29997109051496
264,2026-07-11T19:52:01.0000000+00:00,35.56058333,14.48911667,2026-07-11 19:52:01,35.660076,16.16725,152.10582597241836
265,2026-07-11T20:22:02.0000000+00:00,35.5607,14.48623333,2026-07-11 20:22:02,35.665813,16.162647,151.9921394942677
266,2026-07-11T20:52:16.0000000+00:00,35.56093333,14.48325,2026-07-11 20:52:16,35.671856,16.157888,151.87726363163685
267,2026-07-11T21:21:57.0000000+00:00,35.56086667,14.48015,2026-07-11 21:21:57,35.67814,16.153038,151.77267362457928
268,2026-07-11T21:52:07.0000000+00:00,35.56058333,14.47708333,2026-07-11 21:52:07,35.68426,16.149122,151.7536350401995
269,2026-07-11T22:22:01.0000000+00:00,35.56003333,14.47395,2026-07-11 22:22:01,35.69008,16.14629,151.8414975973118
270,2026-07-11T22:52:00.0000000+00:00,35.55956667,14.47056667,2026-07-11 22:52:00,35.69556,16.144413,152.0366815054451
271,2026-07-11T23:22:00.0000000+00:00,35.55933333,14.46695,2026-07-11 23:22:00,35.70064,16.143507,152.33579027171308
272,2026-07-11T23:51:54.0000000+00:00,35.55951667,14.46328333,2026-07-11 23:51:54,35.705048,16.144108,152.76410981824992
273,2026-07-12T00:22:04.0000000+00:00,35.5595,14.46008333,2026-07-12 00:22:04,35.7087,16.146084,153.26937617266302
274,2026-07-12T00:52:27.0000000+00:00,35.55936667,14.45751667,2026-07-12 00:52:27,35.71158,16.148525,153.75328028012794
275,2026-07-12T01:22:01.0000000+00:00,35.55916667,14.4552,2026-07-12 01:22:01,35.71387,16.151226,154.2325078600096
276,2026-07-12T01:52:01.0000000+00:00,35.55951667,14.45271667,2026-07-12 01:52:01,35.715805,16.153425,154.67053225971205
277,2026-07-12T02:22:00.0000000+00:00,35.55983333,14.45048333,2026-07-12 02:22:00,35.717434,16.154997,155.02685317764926
278,2026-07-12T02:52:01.0000000+00:00,35.55995,14.44865,2026-07-12 02:52:01,35.71877,16.156223,155.31549967601006
279,2026-07-12T03:22:25.0000000+00:00,35.56018333,14.44666667,2026-07-12 03:22:25,35.719833,16.15717,155.58777453258185
280,2026-07-12T03:52:01.0000000+00:00,35.56056667,14.44501667,2026-07-12 03:52:01,35.720848,16.15825,155.83960246886525
281,2026-07-12T04:22:00.0000000+00:00,35.5611,14.44328333,2026-07-12 04:22:00,35.72186,16.159355,156.09896566716336
282,2026-07-12T04:51:56.0000000+00:00,35.56175,14.44218333,2026-07-12 04:51:56,35.72292,16.159775,156.23901314778567
283,2026-07-12T05:22:01.0000000+00:00,35.5623,14.4412,2026-07-12 05:22:01,35.724106,16.159378,156.2980029059704
284,2026-07-12T05:51:59.0000000+00:00,35.56303333,14.44105,2026-07-12 05:51:59,35.72565,16.158276,156.22081949755648
285,2026-07-12T06:21:57.0000000+00:00,35.56376667,14.44171667,2026-07-12 06:21:57,35.72756,16.1566,156.0232991486027
286,2026-07-12T06:52:01.0000000+00:00,35.56426667,14.44313333,2026-07-12 06:52:01,35.72913,16.155085,155.7720728983736
287,2026-07-12T07:22:01.0000000+00:00,35.56471667,14.44495,2026-07-12 07:22:01,35.73045,16.15378,155.50177318431017
288,2026-07-12T07:52:01.0000000+00:00,35.5649,14.44658333,2026-07-12 07:52:01,35.732258,16.15174,155.19179728717526
289,2026-07-12T08:22:01.0000000+00:00,35.5647,14.44816667,2026-07-12 08:22:01,35.73456,16.14892,154.8285661509544
290,2026-07-12T08:52:01.0000000+00:00,35.56435,14.44976667,2026-07-12 08:52:01,35.736412,16.14559,154.41518993271643
291,2026-07-12T09:22:00.0000000+00:00,35.56381667,14.45135,2026-07-12 09:22:00,35.73765,16.142014,153.97646404970965
292,2026-07-12T09:52:00.0000000+00:00,35.56276667,14.45296667,2026-07-12 09:52:00,35.73833,16.138803,153.5684863334582
293,2026-07-12T10:22:00.0000000+00:00,35.56151667,14.45456667,2026-07-12 10:22:00,35.73854,16.135992,153.19499639329274
294,2026-07-12T10:51:58.0000000+00:00,35.56023333,14.45623333,2026-07-12 10:51:58,35.739296,16.132776,152.7872726596816
295,2026-07-12T11:22:00.0000000+00:00,35.55886667,14.45753333,2026-07-12 11:22:00,35.740726,16.129164,152.38820376525322
296,2026-07-12T11:52:00.0000000+00:00,35.5574,14.45851667,2026-07-12 11:52:00,35.742695,16.126192,152.08485731439808
297,2026-07-12T12:22:01.0000000+00:00,35.55575,14.45911667,2026-07-12 12:22:01,35.74507,16.124052,151.90018411560948
298,2026-07-12T12:52:00.0000000+00:00,35.5538,14.4594,2026-07-12 12:52:00,35.747375,16.122704,151.82030303886663
299,2026-07-12T13:22:00.0000000+00:00,35.55153333,14.4591,2026-07-12 13:22:00,35.74952,16.122118,151.86513888888095
300,2026-07-12T13:52:00.0000000+00:00,35.54911667,14.45773333,2026-07-12 13:52:00,35.75159,16.12221,152.0688264932611
301,2026-07-12T14:22:00.0000000+00:00,35.54675,14.45613333,2026-07-12 14:22:00,35.75363,16.122921,152.34897189316104
302,2026-07-12T14:52:01.0000000+00:00,35.54476667,14.4539,2026-07-12 14:52:01,35.755775,16.124086,152.72209992194948
303,2026-07-12T15:22:00.0000000+00:00,35.54336667,14.45143333,2026-07-12 15:22:00,35.75802,16.125713,153.14944205747037
304,2026-07-12T15:52:00.0000000+00:00,35.54241667,14.44845,2026-07-12 15:52:00,35.76012,16.128214,153.69100406040712
305,2026-07-12T16:22:00.0000000+00:00,35.5417,14.4454,2026-07-12 16:22:00,35.761993,16.131517,154.30214632984897
306,2026-07-12T16:52:04.0000000+00:00,35.54138333,14.44201667,2026-07-12 16:52:04,35.763363,16.135086,154.95109797261705
307,2026-07-12T17:22:01.0000000+00:00,35.54161667,14.43833333,2026-07-12 17:22:01,35.764236,16.138687,155.6111546435236
308,2026-07-12T17:52:01.0000000+00:00,35.54245,14.43491667,2026-07-12 17:52:01,35.764973,16.141909,156.20011527851958
309,2026-07-12T18:22:01.0000000+00:00,35.5439,14.43238333,2026-07-12 18:22:01,35.76561,16.14464,156.65347873694998
310,2026-07-12T18:52:01.0000000+00:00,35.54558333,14.42993333,2026-07-12 18:52:01,35.765995,16.147057,157.06325532896287
311,2026-07-12T19:21:57.0000000+00:00,35.54775,14.42773333,2026-07-12 19:21:57,35.766037,16.149157,157.40812923004268
312,2026-07-12T19:52:01.0000000+00:00,35.55013333,14.42548333,2026-07-12 19:52:01,35.765945,16.151613,157.78402045677493
313,2026-07-12T20:22:01.0000000+00:00,35.55241667,14.42335,2026-07-12 20:22:01,35.765728,16.154493,158.18785327359146
314,2026-07-12T20:52:01.0000000+00:00,35.55493333,14.42138333,2026-07-12 20:52:01,35.765324,16.15754,158.58530788786504
315,2026-07-12T21:22:25.0000000+00:00,35.55736667,14.41953333,2026-07-12 21:22:25,35.764713,16.160652,158.97759826476212
316,2026-07-12T21:52:25.0000000+00:00,35.55956667,14.41796667,2026-07-12 21:52:25,35.7639,16.163603,159.33192028672315
317,2026-07-12T22:21:57.0000000+00:00,35.5615,14.4167,2026-07-12 22:21:57,35.762962,16.166388,159.64796249302194
318,2026-07-12T22:52:01.0000000+00:00,35.56316667,14.41581667,2026-07-12 22:52:01,35.7624,16.169058,159.9302818322145
319,2026-07-12T23:22:17.0000000+00:00,35.56458333,14.41488333,2026-07-12 23:22:17,35.762165,16.17166,160.22010687908264
320,2026-07-12T23:52:00.0000000+00:00,35.56576667,14.414,2026-07-12 23:52:00,35.76128,16.173708,160.4509037153211
321,2026-07-13T00:22:01.0000000+00:00,35.56656667,14.41335,2026-07-13 00:22:01,35.75967,16.175144,160.60239184970374
322,2026-07-13T00:52:01.0000000+00:00,35.56693333,14.41265,2026-07-13 00:52:01,35.758076,16.176271,160.73818999402755
323,2026-07-13T01:22:00.0000000+00:00,35.567,14.41165,2026-07-13 01:22:00,35.756565,16.177195,160.88868436331532
324,2026-07-13T01:52:31.0000000+00:00,35.56695,14.411,2026-07-13 01:52:31,35.754833,16.178265,161.02013908897285
325,2026-07-13T02:22:00.0000000+00:00,35.56606667,14.41098333,2026-07-13 02:22:00,35.752815,16.179531,161.12174044154142
326,2026-07-13T02:52:01.0000000+00:00,35.56456667,14.41061667,2026-07-13 02:52:01,35.750492,16.180946,161.27341400687902
327,2026-07-13T03:22:00.0000000+00:00,35.5628,14.40998333,2026-07-13 03:22:00,35.747852,16.182482,161.4596865929144
328,2026-07-13T03:52:01.0000000+00:00,35.56048333,14.40936667,2026-07-13 03:52:01,35.74484,16.183956,161.64247713951758
329,2026-07-13T04:22:00.0000000+00:00,35.55643333,14.40828333,2026-07-13 04:22:00,35.741386,16.185278,161.87392008164
330,2026-07-13T04:52:00.0000000+00:00,35.5511,14.40683333,2026-07-13 04:52:00,35.737125,16.186129,162.10481049269092
331,2026-07-13T05:22:02.0000000+00:00,35.5456,14.40508333,2026-07-13 05:22:02,35.731865,16.186066,162.27030296359928
332,2026-07-13T05:52:00.0000000+00:00,35.53976667,14.40293333,2026-07-13 05:52:00,35.724926,16.182785,162.16594027248203
333,2026-07-13T06:22:01.0000000+00:00,35.53321667,14.39998333,2026-07-13 06:22:01,35.716354,16.176075,161.81560894003212
334,2026-07-13T06:52:00.0000000+00:00,35.52656667,14.3964,2026-07-13 06:52:00,35.707233,16.167652,161.36287186991564
335,2026-07-13T07:22:01.0000000+00:00,35.5197,14.39155,2026-07-13 07:22:01,35.69793,16.15781,160.89756809977524
336,2026-07-13T07:52:01.0000000+00:00,35.5125,14.38571667,2026-07-13 07:52:01,35.689312,16.146408,160.39430901196303
337,2026-07-13T08:21:57.0000000+00:00,35.50433333,14.37925,2026-07-13 08:21:57,35.68159,16.133589,159.84596075572952
338,2026-07-13T08:52:01.0000000+00:00,35.49661667,14.37203333,2026-07-13 08:52:01,35.674755,16.120205,159.31900587259895
339,2026-07-13T09:22:00.0000000+00:00,35.48905,14.36425,2026-07-13 09:22:00,35.668793,16.106388,158.8133156629599
340,2026-07-13T09:52:01.0000000+00:00,35.48195,14.3562,2026-07-13 09:52:01,35.663704,16.092241,158.3065897182497
341,2026-07-13T10:22:03.0000000+00:00,35.47558333,14.34751667,2026-07-13 10:22:03,35.65952,16.077925,157.84268170174107
342,2026-07-13T10:52:00.0000000+00:00,35.46951667,14.33791667,2026-07-13 10:52:00,35.65626,16.064,157.50467675637984
343,2026-07-13T11:22:00.0000000+00:00,35.46471667,14.3267,2026-07-13 11:22:00,35.653942,16.050652,157.35710496659556
344,2026-07-13T11:52:31.0000000+00:00,35.4603,14.3136,2026-07-13 11:52:31,35.652447,16.038355,157.4786111070369
345,2026-07-13T12:22:00.0000000+00:00,35.457,14.30051667,2026-07-13 12:22:00,35.6517,16.02708,157.68329499062685
346,2026-07-13T12:52:00.0000000+00:00,35.4544,14.28671667,2026-07-13 12:52:00,35.65139,16.016401,158.00085083101965
347,2026-07-13T13:22:01.0000000+00:00,35.45248333,14.27341667,2026-07-13 13:22:01,35.65148,16.00622,158.3131650571857
348,2026-07-13T13:52:00.0000000+00:00,35.45141667,14.26056667,2026-07-13 13:52:00,35.652058,15.996125,158.5860324094392
349,2026-07-13T14:22:00.0000000+00:00,35.45166667,14.24808333,2026-07-13 14:22:00,35.653156,15.986087,158.81697628690304
350,2026-07-13T14:52:29.0000000+00:00,35.45305,14.23603333,2026-07-13 14:52:29,35.654926,15.976572,159.04703934413243
351,2026-07-13T15:22:00.0000000+00:00,35.4552,14.2252,2026-07-13 15:22:00,35.65725,15.967757,159.22604828686084
352,2026-07-13T15:52:01.0000000+00:00,35.45823333,14.21563333,2026-07-13 15:52:01,35.659492,15.95981,159.3536087831499
353,2026-07-13T16:21:57.0000000+00:00,35.46188333,14.20748333,2026-07-13 16:21:57,35.66141,15.952786,159.42220355577828
354,2026-07-13T16:52:00.0000000+00:00,35.46545,14.20045,2026-07-13 16:52:00,35.662388,15.946719,159.46453959561399
355,2026-07-13T17:22:00.0000000+00:00,35.46866667,14.19416667,2026-07-13 17:22:00,35.662407,15.941549,159.51265416401336
356,2026-07-13T17:52:21.0000000+00:00,35.4717,14.18926667,2026-07-13 17:52:21,35.66231,15.936625,159.46096878197113
357,2026-07-13T18:22:25.0000000+00:00,35.47453333,14.18578333,2026-07-13 18:22:25,35.6622,15.9319,159.30383702185804
358,2026-07-13T18:52:31.0000000+00:00,35.4771,14.1835,2026-07-13 18:52:31,35.661762,15.927572,159.0750639291961
359,2026-07-13T19:22:00.0000000+00:00,35.4795,14.18155,2026-07-13 19:22:00,35.660942,15.923724,158.85732455319322
360,2026-07-13T19:52:01.0000000+00:00,35.48163333,14.18035,2026-07-13 19:52:01,35.65978,15.920661,158.64306504532064
361,2026-07-13T20:22:00.0000000+00:00,35.48326667,14.17936667,2026-07-13 20:22:00,35.6583,15.918339,158.4798591121827
362,2026-07-13T20:52:01.0000000+00:00,35.48428333,14.17881667,2026-07-13 20:52:01,35.65653,15.91624,158.30382647438643
363,2026-07-13T21:22:00.0000000+00:00,35.48486667,14.17848333,2026-07-13 21:22:00,35.654522,15.914336,158.1296205463318
364,2026-07-13T21:52:00.0000000+00:00,35.4849,14.17803333,2026-07-13 21:52:00,35.65251,15.913385,158.05957634801032
365,2026-07-13T22:22:00.0000000+00:00,35.48451667,14.17795,2026-07-13 22:22:00,35.65049,15.91334,158.04404305517895
366,2026-07-13T22:52:09.0000000+00:00,35.48351667,14.17808333,2026-07-13 22:52:09,35.648117,15.913286,158.01267844709082
367,2026-07-13T23:22:24.0000000+00:00,35.48181667,14.17818333,2026-07-13 23:22:24,35.645416,15.913004,157.96980443085386
368,2026-07-13T23:52:00.0000000+00:00,35.47918333,14.17826667,2026-07-13 23:52:00,35.642918,15.912454,157.9196566230258
369,2026-07-14T00:22:31.0000000+00:00,35.47606667,14.17845,2026-07-14 00:22:31,35.640667,15.911654,157.84773408856103
370,2026-07-14T00:52:00.0000000+00:00,35.47255,14.17905,2026-07-14 00:52:00,35.6383,15.910877,157.74461673794016
371,2026-07-14T01:22:00.0000000+00:00,35.46785,14.17971667,2026-07-14 01:22:00,35.635754,15.910233,157.66192500877307
372,2026-07-14T01:52:00.0000000+00:00,35.46261667,14.18018333,2026-07-14 01:52:00,35.63298,15.91022,157.65932496421382
373,2026-07-14T02:22:01.0000000+00:00,35.45726667,14.18033333,2026-07-14 02:22:01,35.630005,15.910821,157.739848631038
374,2026-07-14T02:52:00.0000000+00:00,35.45211667,14.17995,2026-07-14 02:52:00,35.626945,15.911313,157.85483504983696
375,2026-07-14T03:22:00.0000000+00:00,35.44708333,14.17936667,2026-07-14 03:22:00,35.623882,15.911656,157.97299005665317
376,2026-07-14T03:52:01.0000000+00:00,35.44203333,14.17881667,2026-07-14 03:52:01,35.62099,15.912262,158.11450161564653
377,2026-07-14T04:21:57.0000000+00:00,35.43651667,14.17761667,2026-07-14 04:21:57,35.61832,15.913248,158.35870309880653
378,2026-07-14T04:52:01.0000000+00:00,35.43046667,14.17495,2026-07-14 04:52:01,35.615883,15.91472,158.79004126092275
379,2026-07-14T05:22:01.0000000+00:00,35.42403333,14.17208333,2026-07-14 05:22:01,35.61362,15.9166565,159.2902392812311
380,2026-07-14T05:52:01.0000000+00:00,35.41753333,14.16936667,2026-07-14 05:52:01,35.61124,15.918694,159.78646281767763
381,2026-07-14T06:21:59.0000000+00:00,35.4111,14.16643333,2026-07-14 06:21:59,35.608654,15.920715,160.29775126077638
382,2026-07-14T06:51:59.0000000+00:00,35.40493333,14.16341667,2026-07-14 06:51:59,35.605865,15.92253,160.79149148431117
383,2026-07-14T07:21:57.0000000+00:00,35.39856667,14.16041667,2026-07-14 07:21:57,35.60286,15.924131,161.265433182271
384,2026-07-14T07:52:00.0000000+00:00,35.3919,14.15718333,2026-07-14 07:52:00,35.599686,15.9258995,161.77832374427027
385,2026-07-14T08:21:58.0000000+00:00,35.38501667,14.15413333,2026-07-14 08:21:58,35.596336,15.927864,162.29423797551462
386,2026-07-14T08:51:57.0000000+00:00,35.37778333,14.15088333,2026-07-14 08:51:57,35.592796,15.929867,162.83525067925325
387,2026-07-14T09:22:00.0000000+00:00,35.37023333,14.14666667,2026-07-14 09:22:00,35.58904,15.931949,163.47280097695133
388,2026-07-14T09:52:00.0000000+00:00,35.36286667,14.14168333,2026-07-14 09:52:00,35.58491,15.934467,164.20975060931863
389,2026-07-14T10:21:58.0000000+00:00,35.35571667,14.13546667,2026-07-14 10:21:58,35.58049,15.937406,165.08670081762762
390,2026-07-14T10:51:58.0000000+00:00,35.34891667,14.12838333,2026-07-14 10:51:58,35.57559,15.940628,166.05290953184394
391,2026-07-14T11:22:00.0000000+00:00,35.34256667,14.12168333,2026-07-14 11:22:00,35.5703,15.944132,166.99605856285683
392,2026-07-14T11:52:01.0000000+00:00,35.3368,14.11528333,2026-07-14 11:52:01,35.565178,15.947829,167.92193168649692
393,2026-07-14T12:22:01.0000000+00:00,35.33183333,14.10888333,2026-07-14 12:22:01,35.560284,15.951729,168.85553596789782
394,2026-07-14T12:52:01.0000000+00:00,35.32763333,14.10256667,2026-07-14 12:52:01,35.555397,15.955628,169.76831534193337
395,2026-07-14T13:21:59.0000000+00:00,35.32386667,14.09636667,2026-07-14 13:21:59,35.550438,15.959535,170.66310773069
396,2026-07-14T13:51:58.0000000+00:00,35.32061667,14.09001667,2026-07-14 13:51:58,35.545357,15.963639,171.57883202441062
397,2026-07-14T14:22:01.0000000+00:00,35.31795,14.08391667,2026-07-14 14:22:01,35.540173,15.967858,172.47173089768702
398,2026-07-14T14:52:00.0000000+00:00,35.31588333,14.0792,2026-07-14 14:52:00,35.53519,15.971752,173.2052714447184
399,2026-07-14T15:21:58.0000000+00:00,35.31391667,14.07516667,2026-07-14 15:21:58,35.53047,15.975232,173.8436759535918
400,2026-07-14T15:51:58.0000000+00:00,35.31195,14.0715,2026-07-14 15:51:58,35.525925,15.978496,174.43312158383807
401,2026-07-14T16:22:01.0000000+00:00,35.31045,14.06855,2026-07-14 16:22:01,35.521534,15.981562,174.93608631378214
402,2026-07-14T16:52:01.0000000+00:00,35.30931667,14.06616667,2026-07-14 16:52:01,35.5171,15.984311,175.3542216833946
403,2026-07-14T17:22:00.0000000+00:00,35.30818333,14.06431667,2026-07-14 17:22:00,35.51267,15.986837,175.70554396518747
404,2026-07-14T17:52:01.0000000+00:00,35.30698333,14.06323333,2026-07-14 17:52:01,35.508595,15.989292,175.98806497256825
405,2026-07-14T18:22:00.0000000+00:00,35.30565,14.06261667,2026-07-14 18:22:00,35.504967,15.991743,176.23683336891037
406,2026-07-14T18:52:00.0000000+00:00,35.30426667,14.06255,2026-07-14 18:52:00,35.501865,15.99427,176.45099918722354
407,2026-07-14T19:22:00.0000000+00:00,35.30293333,14.0633,2026-07-14 19:22:00,35.499317,15.996848,176.6028588929704
408,2026-07-14T19:52:00.0000000+00:00,35.30138333,14.06441667,2026-07-14 19:52:00,35.497604,15.999418,176.73482457260218
409,2026-07-14T20:22:01.0000000+00:00,35.29911667,14.06563333,2026-07-14 20:22:01,35.496693,16.00188,176.86893682961323
410,2026-07-14T20:52:01.0000000+00:00,35.2963,14.06695,2026-07-14 20:52:01,35.496143,16.004288,177.0021501167964
411,2026-07-14T21:22:01.0000000+00:00,35.29345,14.06803333,2026-07-14 21:22:01,35.495815,16.00659,177.15054987525056
412,2026-07-14T21:52:00.0000000+00:00,35.29125,14.06986667,2026-07-14 21:52:00,35.495247,16.008768,177.20774914643147
413,2026-07-14T22:22:00.0000000+00:00,35.28896667,14.07193333,2026-07-14 22:22:00,35.49437,16.01086,177.23349674687924
414,2026-07-14T22:52:00.0000000+00:00,35.28648333,14.0742,2026-07-14 22:52:00,35.493176,16.01307,177.25084873923944
415,2026-07-14T23:22:00.0000000+00:00,35.2833,14.07628333,2026-07-14 23:22:00,35.491673,16.015512,177.31260142967542
416,2026-07-14T23:52:26.0000000+00:00,35.27961667,14.07826667,2026-07-14 23:52:26,35.489876,16.018698,177.45399713283896
417,2026-07-15T00:22:01.0000000+00:00,35.27586667,14.08036667,2026-07-15 00:22:01,35.487846,16.02263,177.65021089962858
418,2026-07-15T00:52:31.0000000+00:00,35.27181667,14.082,2026-07-15 00:52:31,35.48589,16.026785,177.91423729742382
419,2026-07-15T01:22:00.0000000+00:00,35.26791667,14.08316667,2026-07-15 01:22:00,35.48412,16.031012,178.22706719693176
420,2026-07-15T01:53:01.0000000+00:00,35.26396667,14.08441667,2026-07-15 01:53:01,35.48256,16.035063,178.52073600615697
421,2026-07-15T02:22:00.0000000+00:00,35.25996667,14.08533333,2026-07-15 02:22:00,35.481213,16.038942,178.8330371373963
422,2026-07-15T02:52:00.0000000+00:00,35.25563333,14.08516667,2026-07-15 02:52:00,35.479828,16.042637,179.2313500201536
423,2026-07-15T03:22:00.0000000+00:00,35.25133333,14.08441667,2026-07-15 03:22:00,35.47837,16.046331,179.6807288146142
424,2026-07-15T03:52:00.0000000+00:00,35.24735,14.08335,2026-07-15 03:52:00,35.47688,16.05028,180.17612311776261
425,2026-07-15T04:22:01.0000000+00:00,35.24345,14.08236667,2026-07-15 04:22:01,35.47535,16.054579,180.69355516439535
426,2026-07-15T04:52:00.0000000+00:00,35.2401,14.08105,2026-07-15 04:52:00,35.47387,16.059063,181.2491667849892
427,2026-07-15T05:22:06.0000000+00:00,35.23686667,14.0795,2026-07-15 05:22:06,35.47246,16.063768,181.8448817295193
428,2026-07-15T05:52:01.0000000+00:00,35.2336,14.07845,2026-07-15 05:52:01,35.471302,16.068943,182.44213569179757
429,2026-07-15T06:22:00.0000000+00:00,35.23058333,14.07761667,2026-07-15 06:22:00,35.47039,16.07464,183.06651789887513
430,2026-07-15T06:52:01.0000000+00:00,35.2278,14.07695,2026-07-15 06:52:01,35.46985,16.080584,183.69968424193632
431,2026-07-15T07:21:59.0000000+00:00,35.22536667,14.07671667,2026-07-15 07:21:59,35.469627,16.086695,184.30777632954516
432,2026-07-15T07:52:31.0000000+00:00,35.22298333,14.07771667,2026-07-15 07:52:31,35.469524,16.09309,184.83208475159591
433,2026-07-15T08:22:20.0000000+00:00,35.22063333,14.07895,2026-07-15 08:22:20,35.469387,16.099827,185.36500950703334
434,2026-07-15T08:52:00.0000000+00:00,35.2182,14.07961667,2026-07-15 08:52:00,35.468735,16.107536,186.0296622221182
435,2026-07-15T09:22:00.0000000+00:00,35.21631667,14.08061667,2026-07-15 09:22:00,35.467438,16.116428,186.75080209340229
436,2026-07-15T09:52:01.0000000+00:00,35.21428333,14.08165,2026-07-15 09:52:01,35.46586,16.126,187.52811384613284
437,2026-07-15T10:22:01.0000000+00:00,35.21235,14.08308333,2026-07-15 10:22:01,35.46396,16.136059,188.3066459890982
438,2026-07-15T10:52:00.0000000+00:00,35.21096667,14.08468333,2026-07-15 10:52:00,35.46131,16.146675,189.09924766767932
439,2026-07-15T11:22:00.0000000+00:00,35.20978333,14.0868,2026-07-15 11:22:00,35.457905,16.157793,189.87607482493658
440,2026-07-15T11:52:19.0000000+00:00,35.20883333,14.08926667,2026-07-15 11:52:19,35.454254,16.169424,190.6607409403751
441,2026-07-15T12:22:00.0000000+00:00,35.20825,14.09143333,2026-07-15 12:22:00,35.45048,16.181526,191.5075339521348
442,2026-07-15T12:52:01.0000000+00:00,35.20791667,14.0939,2026-07-15 12:52:01,35.446346,16.194256,192.37581225888496
443,2026-07-15T13:22:01.0000000+00:00,35.20733333,14.09708333,2026-07-15 13:22:01,35.441895,16.207472,193.22467837630458
444,2026-07-15T13:52:00.0000000+00:00,35.2068,14.10138333,2026-07-15 13:52:00,35.437527,16.220432,193.95213274883443
445,2026-07-15T14:22:00.0000000+00:00,35.20621667,14.10586667,2026-07-15 14:22:00,35.433384,16.233065,194.63874032777088
446,2026-07-15T14:52:00.0000000+00:00,35.20515,14.11136667,2026-07-15 14:52:00,35.429256,16.245367,195.21318181123897
447,2026-07-15T15:23:01.0000000+00:00,35.203,14.11741667,2026-07-15 15:23:01,35.425106,16.25734,195.725367977138
448,2026-07-15T15:52:01.0000000+00:00,35.20066667,14.12316667,2026-07-15 15:52:01,35.421,16.269018,196.2420728504953
449,2026-07-15T16:22:02.0000000+00:00,35.19826667,14.12891667,2026-07-15 16:22:02,35.416965,16.280357,196.7302734082205
450,2026-07-15T16:52:01.0000000+00:00,35.1958,14.1349,2026-07-15 16:52:01,35.412926,16.291012,197.13723388487986
451,2026-07-15T17:22:00.0000000+00:00,35.19381667,14.1408,2026-07-15 17:22:00,35.408924,16.300934,197.47922601380967
452,2026-07-15T17:52:01.0000000+00:00,35.19158333,14.14668333,2026-07-15 17:52:01,35.405067,16.310337,197.78191131678975
453,2026-07-15T18:22:00.0000000+00:00,35.18935,14.15241667,2026-07-15 18:22:00,35.401398,16.319271,198.0582838027252
454,2026-07-15T18:52:00.0000000+00:00,35.1866,14.15796667,2026-07-15 18:52:00,35.398052,16.32769,198.31640627777972
455,2026-07-15T19:22:01.0000000+00:00,35.1835,14.16301667,2026-07-15 19:22:01,35.395004,16.335615,198.58356546221756
456,2026-07-15T19:52:01.0000000+00:00,35.18031667,14.1671,2026-07-15 19:52:01,35.391735,16.343332,198.91782689669117
457,2026-07-15T20:22:01.0000000+00:00,35.17716667,14.17041667,2026-07-15 20:22:01,35.38815,16.350965,199.309280851521
458,2026-07-15T20:52:31.0000000+00:00,35.17375,14.17325,2026-07-15 20:52:31,35.384556,16.358406,199.73070805207348
459,2026-07-15T21:22:00.0000000+00:00,35.17011667,14.17531667,2026-07-15 21:22:00,35.38098,16.365692,200.2107383097867
460,2026-07-15T21:52:01.0000000+00:00,35.16665,14.17696667,2026-07-15 21:52:01,35.377502,16.373098,200.7380753989134
461,2026-07-15T22:22:00.0000000+00:00,35.16368333,14.17838333,2026-07-15 22:22:00,35.374134,16.380623,201.29122366977174
462,2026-07-15T22:52:00.0000000+00:00,35.16075,14.17983333,2026-07-15 22:52:00,35.370975,16.388098,201.8391138487452
463,2026-07-15T23:22:18.0000000+00:00,35.15825,14.18078333,2026-07-15 23:22:18,35.36811,16.395372,202.41130830779352
464,2026-07-15T23:52:01.0000000+00:00,35.15635,14.18158333,2026-07-15 23:52:01,35.365803,16.401964,202.9335521880599
465,2026-07-16T00:22:00.0000000+00:00,35.15495,14.18205,2026-07-16 00:22:00,35.364086,16.407892,203.4260182930964
466,2026-07-16T00:52:00.0000000+00:00,35.15401667,14.18246667,2026-07-16 00:52:00,35.362732,16.41401,203.9376101123269
467,2026-07-16T01:22:00.0000000+00:00,35.1531,14.1829,2026-07-16 01:22:00,35.36177,16.420416,204.47821680838845
468,2026-07-16T01:52:20.0000000+00:00,35.15166667,14.18303333,2026-07-16 01:52:20,35.36162,16.426542,205.0370341037167
469,2026-07-16T02:22:00.0000000+00:00,35.1501,14.18326667,2026-07-16 02:22:00,35.362263,16.43246,205.5790346441534
470,2026-07-16T02:52:01.0000000+00:00,35.14821667,14.18381667,2026-07-16 02:52:01,35.363235,16.438995,206.15656482416526
471,2026-07-16T03:22:01.0000000+00:00,35.14646667,14.18478333,2026-07-16 03:22:01,35.3644,16.446333,206.76951684518545
472,2026-07-16T03:52:00.0000000+00:00,35.14458333,14.1864,2026-07-16 03:52:00,35.365696,16.454372,207.39115217312542
473,2026-07-16T04:22:00.0000000+00:00,35.14256667,14.18785,2026-07-16 04:22:00,35.36702,16.463009,208.0840346315697
474,2026-07-16T04:51:59.0000000+00:00,35.13975,14.1887,2026-07-16 04:51:59,35.368103,16.471773,208.85195516210976
475,2026-07-16T05:22:01.0000000+00:00,35.13658333,14.18895,2026-07-16 05:22:01,35.368797,16.48056,209.67691203254995
476,2026-07-16T05:51:59.0000000+00:00,35.13325,14.18923333,2026-07-16 05:51:59,35.368927,16.48961,210.51853974633593
477,2026-07-16T06:22:00.0000000+00:00,35.13015,14.18931667,2026-07-16 06:22:00,35.36847,16.498796,211.37989700961663
478,2026-07-16T06:51:59.0000000+00:00,35.12716667,14.18928333,2026-07-16 06:51:59,35.367653,16.507542,212.20577031699494
479,2026-07-16T07:21:59.0000000+00:00,35.1244,14.18898333,2026-07-16 07:21:59,35.3665,16.515764,213.00127769923307
480,2026-07-16T07:51:59.0000000+00:00,35.12181667,14.18851667,2026-07-16 07:51:59,35.36523,16.523998,213.80843643044165
481,2026-07-16T08:21:59.0000000+00:00,35.1192,14.18776667,2026-07-16 08:21:59,35.3639,16.532248,214.64227892372196
482,2026-07-16T08:52:02.0000000+00:00,35.11671667,14.18635,2026-07-16 08:52:02,35.362434,16.540152,215.5013853909046
483,2026-07-16T09:21:59.0000000+00:00,35.11465,14.18446667,2026-07-16 09:21:59,35.36085,16.547626,216.35591302285079
484,2026-07-16T09:52:00.0000000+00:00,35.11273333,14.18256667,2026-07-16 09:52:00,35.359066,16.554607,217.16278501876346
485,2026-07-16T10:22:01.0000000+00:00,35.11145,14.18083333,2026-07-16 10:22:01,35.357178,16.561192,217.90789099196195
486,2026-07-16T10:52:01.0000000+00:00,35.11068333,14.17908333,2026-07-16 10:52:01,35.355427,16.567879,218.65775150652254
487,2026-07-16T11:22:00.0000000+00:00,35.11025,14.17713333,2026-07-16 11:22:00,35.35392,16.574783,219.44342084085486
488,2026-07-16T11:52:01.0000000+00:00,35.11055,14.17526667,2026-07-16 11:52:01,35.352695,16.581926,220.2359972354961
489,2026-07-16T12:22:00.0000000+00:00,35.11103333,14.17401667,2026-07-16 12:22:00,35.351685,16.589272,220.99121670169177
490,2026-07-16T12:52:01.0000000+00:00,35.11196667,14.17381667,2026-07-16 12:52:01,35.350395,16.596691,221.64893771819231
491,2026-07-16T13:22:02.0000000+00:00,35.11305,14.17473333,2026-07-16 13:22:02,35.348778,16.604162,222.20514201804585
492,2026-07-16T13:51:59.0000000+00:00,35.11433333,14.1774,2026-07-16 13:51:59,35.347137,16.611818,222.61749412762182
493,2026-07-16T14:22:00.0000000+00:00,35.1138,14.1813,2026-07-16 14:22:00,35.345566,16.619608,222.95786916445795
494,2026-07-16T14:52:01.0000000+00:00,35.11275,14.18545,2026-07-16 14:52:01,35.344193,16.627237,223.27090677180547
495,2026-07-16T15:21:59.0000000+00:00,35.11091667,14.18996667,2026-07-16 15:21:59,35.34311,16.63467,223.5475591290229
496,2026-07-16T15:51:59.0000000+00:00,35.10875,14.19515,2026-07-16 15:51:59,35.342457,16.642054,223.76936745264481
497,2026-07-16T16:22:01.0000000+00:00,35.10638333,14.201,2026-07-16 16:22:01,35.342247,16.649462,223.94148917488093
498,2026-07-16T16:52:00.0000000+00:00,35.10361667,14.20738333,2026-07-16 16:52:00,35.342163,16.65691,224.07653097109105
499,2026-07-16T17:21:59.0000000+00:00,35.10063333,14.21408333,2026-07-16 17:21:59,35.342155,16.664454,224.19595986816128
500,2026-07-16T17:52:19.0000000+00:00,35.0974,14.21983333,2026-07-16 17:52:19,35.342243,16.671988,224.40575453978218
501,2026-07-16T18:21:59.0000000+00:00,35.09436667,14.22505,2026-07-16 18:21:59,35.342434,16.679531,224.66304269083483
502,2026-07-16T18:51:59.0000000+00:00,35.09066667,14.23001667,2026-07-16 18:51:59,35.343014,16.68682,224.93552048498947
503,2026-07-16T19:22:01.0000000+00:00,35.0864,14.2347,2026-07-16 19:22:01,35.34398,16.693857,225.22537729152882
504,2026-07-16T19:52:01.0000000+00:00,35.08173333,14.23866667,2026-07-16 19:52:01,35.34507,16.700932,225.5924834665997
505,2026-07-16T20:22:00.0000000+00:00,35.07718333,14.242,2026-07-16 20:22:00,35.3462,16.708086,226.02401648626002
506,2026-07-16T20:52:01.0000000+00:00,35.07323333,14.24468333,2026-07-16 20:52:01,35.347237,16.715258,226.5060804288072
507,2026-07-16T21:22:00.0000000+00:00,35.0695,14.24678333,2026-07-16 21:22:00,35.348087,16.722403,227.03309566706778
508,2026-07-16T21:52:00.0000000+00:00,35.06581667,14.24853333,2026-07-16 21:52:00,35.348625,16.729296,227.5647084779444
509,2026-07-16T22:22:01.0000000+00:00,35.06225,14.2501,2026-07-16 22:22:01,35.348804,16.735971,228.08692091795336
510,2026-07-16T22:52:01.0000000+00:00,35.05903333,14.25168333,2026-07-16 22:52:01,35.348644,16.742744,228.60597448936025
511,2026-07-16T23:22:00.0000000+00:00,35.05635,14.25363333,2026-07-16 23:22:00,35.348125,16.749666,229.0916003981093
512,2026-07-16T23:52:00.0000000+00:00,35.0535,14.25636667,2026-07-16 23:52:00,35.34724,16.756603,229.5059046445422
513,2026-07-17T00:22:00.0000000+00:00,35.05071667,14.25926667,2026-07-17 00:22:00,35.345943,16.763395,229.88499567412262
514,2026-07-17T00:51:59.0000000+00:00,35.04823333,14.262,2026-07-17 00:51:59,35.344154,16.769388,230.19512273929428
515,2026-07-17T01:22:00.0000000+00:00,35.0458,14.26478333,2026-07-17 01:22:00,35.341927,16.774456,230.41033152242582
516,2026-07-17T01:52:31.0000000+00:00,35.04315,14.26781667,2026-07-17 01:52:31,35.339535,16.778559,230.51752096752512
517,2026-07-17T02:22:00.0000000+00:00,35.04066667,14.27138333,2026-07-17 02:22:00,35.33711,16.781796,230.49562023945938
518,2026-07-17T02:52:00.0000000+00:00,35.03803333,14.27521667,2026-07-17 02:52:00,35.334957,16.78502,230.4552716245574
519,2026-07-17T03:22:01.0000000+00:00,35.0356,14.27955,2026-07-17 03:22:01,35.33309,16.788368,230.38158818286723
520,2026-07-17T03:52:00.0000000+00:00,35.03256667,14.2839,2026-07-17 03:52:00,35.331104,16.792065,230.34654570949846
521,2026-07-17T04:22:00.0000000+00:00,35.02945,14.28811667,2026-07-17 04:22:00,35.328995,16.796068,230.35083523438124
522,2026-07-17T04:52:00.0000000+00:00,35.02623333,14.29121667,2026-07-17 04:52:00,35.327023,16.799927,230.44620557874893
523,2026-07-17T05:22:00.0000000+00:00,35.02265,14.29371667,2026-07-17 05:22:00,35.325195,16.803541,230.582366103344
524,2026-07-17T05:52:00.0000000+00:00,35.01865,14.29655,2026-07-17 05:52:00,35.323154,16.806772,230.65832963734363
525,2026-07-17T06:22:01.0000000+00:00,35.01441667,14.29996667,2026-07-17 06:22:01,35.320843,16.809809,230.66479413743076
526,2026-07-17T06:52:00.0000000+00:00,35.01006667,14.30413333,2026-07-17 06:52:00,35.31845,16.814054,230.71346184352473
527,2026-07-17T07:22:01.0000000+00:00,35.0057,14.30878333,2026-07-17 07:22:01,35.316,16.81963,230.83785472186045
528,2026-07-17T07:52:25.0000000+00:00,35.0009,14.31381667,2026-07-17 07:52:25,35.31348,16.825788,230.98719033225652
529,2026-07-17T08:22:00.0000000+00:00,34.99588333,14.31885,2026-07-17 08:22:00,35.310894,16.832243,231.16621386626966
530,2026-07-17T08:52:00.0000000+00:00,34.99091667,14.32355,2026-07-17 08:52:00,35.30833,16.838114,231.3225023085612
531,2026-07-17T09:22:00.0000000+00:00,34.98595,14.32656667,2026-07-17 09:22:00,35.30582,16.843136,231.55484774063987
532,2026-07-17T09:52:01.0000000+00:00,34.98086667,14.32853333,2026-07-17 09:52:01,35.303352,16.847004,231.78089702258956
533,2026-07-17T10:22:00.0000000+00:00,34.97548333,14.32996667,2026-07-17 10:22:00,35.300976,16.849741,231.96072625477782
534,2026-07-17T10:52:17.0000000+00:00,34.96975,14.33238333,2026-07-17 10:52:17,35.29862,16.851759,231.99506503443362
535,2026-07-17T11:22:00.0000000+00:00,34.96493333,14.33368333,2026-07-17 11:22:00,35.296455,16.85305,232.05059626294056
536,2026-07-17T11:52:01.0000000+00:00,34.96015,14.3338,2026-07-17 11:52:01,35.29542,16.852997,232.1100673963166
537,2026-07-17T12:22:00.0000000+00:00,34.95578333,14.33308333,2026-07-17 12:22:00,35.295555,16.851643,232.1396247431577
538,2026-07-17T12:52:00.0000000+00:00,34.95241667,14.33158333,2026-07-17 12:52:00,35.295746,16.849674,232.16667018378735
539,2026-07-17T13:22:00.0000000+00:00,34.94938333,14.32893333,2026-07-17 13:22:00,35.29596,16.84743,232.26660766233627
540,2026-07-17T13:52:00.0000000+00:00,34.94691667,14.32681667,2026-07-17 13:52:00,35.297054,16.845875,232.38486011034058
541,2026-07-17T14:22:12.0000000+00:00,34.9454,14.32453333,2026-07-17 14:22:12,35.299065,16.845173,232.59190054411877
542,2026-07-17T14:52:02.0000000+00:00,34.94481667,14.3222,2026-07-17 14:52:02,35.30137,16.844805,232.82021360158325
543,2026-07-17T15:22:00.0000000+00:00,34.94475,14.32056667,2026-07-17 15:22:00,35.303825,16.844763,233.00732227585624
544,2026-07-17T15:52:05.0000000+00:00,34.94541667,14.31956667,2026-07-17 15:52:05,35.306293,16.845144,233.1610758546937
545,2026-07-17T16:22:01.0000000+00:00,34.9466,14.31951667,2026-07-17 16:22:01,35.308796,16.846058,233.26755305777908
546,2026-07-17T16:52:01.0000000+00:00,34.94876667,14.32105,2026-07-17 16:52:01,35.311775,16.84779,233.29388943441447
547,2026-07-17T17:22:01.0000000+00:00,34.95073333,14.32345,2026-07-17 17:22:01,35.3152,16.850359,233.3295629917721
548,2026-07-17T17:52:00.0000000+00:00,34.95238333,14.32655,2026-07-17 17:52:00,35.318554,16.853611,233.36927146040244
549,2026-07-17T18:22:00.0000000+00:00,34.95398333,14.33033333,2026-07-17 18:22:00,35.321735,16.857437,233.3971098239623
550,2026-07-17T18:52:00.0000000+00:00,34.95495,14.33498333,2026-07-17 18:52:00,35.324852,16.86174,233.40233940082584
551,2026-07-17T19:21:59.0000000+00:00,34.95628333,14.34,2026-07-17 19:21:59,35.327904,16.86642,233.4000727059852
552,2026-07-17T19:52:00.0000000+00:00,34.95855,14.34556667,2026-07-17 19:52:00,35.330803,16.8714,233.35279726884283
553,2026-07-17T20:22:00.0000000+00:00,34.96063333,14.35183333,2026-07-17 20:22:00,35.33354,16.876682,233.27089381408666
554,2026-07-17T20:52:00.0000000+00:00,34.96213333,14.35866667,2026-07-17 20:52:00,35.336075,16.882616,233.20528025720603
555,2026-07-17T21:22:00.0000000+00:00,34.96288333,14.36626667,2026-07-17 21:22:00,35.33837,16.889294,233.14929134990803
556,2026-07-17T21:52:00.0000000+00:00,34.96291667,14.37416667,2026-07-17 21:52:00,35.34013,16.896864,233.15168047063736
557,2026-07-17T22:22:00.0000000+00:00,34.9625,14.38276667,2026-07-17 22:22:00,35.341324,16.905344,233.1721502175331
558,2026-07-17T22:52:00.0000000+00:00,34.96168333,14.39088333,2026-07-17 22:52:00,35.342117,16.914463,233.29425610825905
559,2026-07-17T23:22:01.0000000+00:00,34.96041667,14.39865,2026-07-17 23:22:01,35.34254,16.924206,233.50626025598825
560,2026-07-17T23:52:25.0000000+00:00,34.95878333,14.40678333,2026-07-17 23:52:25,35.342754,16.93467,233.75378800809983
561,2026-07-18T00:22:00.0000000+00:00,34.95683333,14.41468333,2026-07-18 00:22:00,35.34271,16.94576,234.080622283767
562,2026-07-18T00:52:00.0000000+00:00,34.95423333,14.42261667,2026-07-18 00:52:00,35.34208,16.956987,234.41971697264484
563,2026-07-18T01:22:00.0000000+00:00,34.95123333,14.43073333,2026-07-18 01:22:00,35.34081,16.968185,234.73643687162019
564,2026-07-18T01:52:00.0000000+00:00,34.94826667,14.43793333,2026-07-18 01:52:00,35.33914,16.978909,235.08425838226913
565,2026-07-18T02:22:00.0000000+00:00,34.94558333,14.44516667,2026-07-18 02:22:00,35.33709,16.989136,235.3714337045936
566,2026-07-18T02:52:00.0000000+00:00,34.94285,14.45248333,2026-07-18 02:52:00,35.334667,16.999136,235.62469923499214
567,2026-07-18T03:22:00.0000000+00:00,34.94001667,14.45895,2026-07-18 03:22:00,35.331944,17.008919,235.93105290464766
568,2026-07-18T03:52:00.0000000+00:00,34.93683333,14.46538333,2026-07-18 03:52:00,35.329334,17.01834,236.21790321920471
569,2026-07-18T04:22:00.0000000+00:00,34.93365,14.47131667,2026-07-18 04:22:00,35.32684,17.02745,236.52399259106411
570,2026-07-18T04:52:00.0000000+00:00,34.93023333,14.47688333,2026-07-18 04:52:00,35.323956,17.036844,236.88593591047197
571,2026-07-18T05:22:00.0000000+00:00,34.92695,14.48223333,2026-07-18 05:22:00,35.32063,17.046524,237.28119024704466
572,2026-07-18T05:52:01.0000000+00:00,34.92326667,14.48813333,2026-07-18 05:52:01,35.317085,17.056028,237.61651062440177
573,2026-07-18T06:22:00.0000000+00:00,34.91936667,14.49418333,2026-07-18 06:22:00,35.313484,17.065243,237.916063771164
574,2026-07-18T06:52:00.0000000+00:00,34.91545,14.50031667,2026-07-18 06:52:00,35.310295,17.074028,238.17804486978355
575,2026-07-18T07:22:00.0000000+00:00,34.91088333,14.50605,2026-07-18 07:22:00,35.307663,17.082338,238.45829772415067
576,2026-07-18T07:52:00.0000000+00:00,34.90591667,14.51176667,2026-07-18 07:52:00,35.305733,17.090008,238.70517018493894
577,2026-07-18T08:22:01.0000000+00:00,34.9006,14.51791667,2026-07-18 08:22:01,35.30451,17.09721,238.8935550104568
578,2026-07-18T08:52:00.0000000+00:00,34.89505,14.52398333,2026-07-18 08:52:00,35.303654,17.104399,239.1015108616663
579,2026-07-18T09:22:00.0000000+00:00,34.88975,14.52916667,2026-07-18 09:22:00,35.30309,17.111736,239.402712689679
580,2026-07-18T09:52:01.0000000+00:00,34.885,14.53443333,2026-07-18 09:52:01,35.302868,17.119474,239.72749165976975
581,2026-07-18T10:22:01.0000000+00:00,34.8808,14.53991667,2026-07-18 10:22:01,35.303047,17.12757,240.0609436855276
582,2026-07-18T10:52:00.0000000+00:00,34.87695,14.54438333,2026-07-18 10:52:00,35.30413,17.13535,240.46831107946778
583,2026-07-18T11:22:00.0000000+00:00,34.87376667,14.54798333,2026-07-18 11:22:00,35.30615,17.14266,240.9155721650764
584,2026-07-18T11:52:00.0000000+00:00,34.8716,14.55115,2026-07-18 11:52:00,35.309017,17.14956,241.35958948248503
585,2026-07-18T12:22:00.0000000+00:00,34.87011667,14.55385,2026-07-18 12:22:00,35.31263,17.156176,241.82001141521476
586,2026-07-18T12:52:01.0000000+00:00,34.86861667,14.55681667,2026-07-18 12:52:01,35.316257,17.163546,242.3256889476589
587,2026-07-18T13:22:00.0000000+00:00,34.86701667,14.56026667,2026-07-18 13:22:00,35.31987,17.17168,242.85943851189356
588,2026-07-18T13:52:00.0000000+00:00,34.86616667,14.56475,2026-07-18 13:52:00,35.324184,17.179329,243.25582084679178
589,2026-07-18T14:22:00.0000000+00:00,34.8654,14.57063333,2026-07-18 14:22:00,35.32914,17.186209,243.47239739762097
590,2026-07-18T14:52:00.0000000+00:00,34.86486667,14.57653333,2026-07-18 14:52:00,35.333466,17.19187,243.56070542267986
591,2026-07-18T15:22:00.0000000+00:00,34.86475,14.58331667,2026-07-18 15:22:00,35.336895,17.196558,243.4545721586149
592,2026-07-18T15:52:01.0000000+00:00,34.86425,14.59058333,2026-07-18 15:52:01,35.339603,17.20196,243.36291999769114
593,2026-07-18T16:22:25.0000000+00:00,34.86323333,14.59763333,2026-07-18 16:22:25,35.341824,17.208227,243.37007613983275
594,2026-07-18T16:52:31.0000000+00:00,34.86205,14.60485,2026-07-18 16:52:31,35.345203,17.214468,243.39184808585043
595,2026-07-18T17:22:00.0000000+00:00,34.86066667,14.61198333,2026-07-18 17:22:00,35.34975,17.220634,243.44806643586048
596,2026-07-18T17:52:01.0000000+00:00,34.85926667,14.6197,2026-07-18 17:52:01,35.354015,17.22774,243.53128027238958
597,2026-07-18T18:22:19.0000000+00:00,34.85748333,14.62768333,2026-07-18 18:22:19,35.357685,17.235622,243.65723789257433
598,2026-07-18T18:52:01.0000000+00:00,34.85498333,14.63573333,2026-07-18 18:52:01,35.36051,17.242517,243.6904320601302
599,2026-07-18T19:22:00.0000000+00:00,34.85178333,14.6438,2026-07-18 19:22:00,35.362564,17.248165,243.613510916419
600,2026-07-18T19:52:01.0000000+00:00,34.84803333,14.6525,2026-07-18 19:52:01,35.364407,17.253208,243.43862180941102
601,2026-07-18T20:22:00.0000000+00:00,34.84378333,14.66088333,2026-07-18 20:22:00,35.36613,17.257828,243.26715929588917
602,2026-07-18T20:52:00.0000000+00:00,34.83896667,14.66925,2026-07-18 20:52:00,35.367714,17.262611,243.1263188764678
603,2026-07-18T21:22:00.0000000+00:00,34.83376667,14.67681667,2026-07-18 21:22:00,35.369164,17.267479,243.07329693944885
604,2026-07-18T21:52:00.0000000+00:00,34.82805,14.68398333,2026-07-18 21:52:00,35.370136,17.271286,242.96706445479526
605,2026-07-18T22:22:00.0000000+00:00,34.82145,14.69083333,2026-07-18 22:22:00,35.37065,17.273851,242.79569823752706
606,2026-07-18T22:52:00.0000000+00:00,34.81365,14.69711667,2026-07-18 22:52:00,35.370857,17.275137,242.59211457899684
607,2026-07-18T23:22:02.0000000+00:00,34.80571667,14.70243333,2026-07-18 23:22:02,35.370903,17.275162,242.36615336154853
608,2026-07-18T23:52:20.0000000+00:00,34.79806667,14.70746667,2026-07-18 23:52:20,35.371315,17.273832,242.05156008435236
609,2026-07-19T00:22:20.0000000+00:00,34.79013333,14.71138333,2026-07-19 00:22:20,35.372223,17.271185,241.74641215872063
610,2026-07-19T00:52:00.0000000+00:00,34.78241667,14.7146,2026-07-19 00:52:00,35.373623,17.2677,241.44159679963508
611,2026-07-19T01:22:00.0000000+00:00,34.77493333,14.71723333,2026-07-19 01:22:00,35.3754,17.263847,241.16465736855756
612,2026-07-19T01:52:31.0000000+00:00,34.76703333,14.71975,2026-07-19 01:52:31,35.3773,17.25996,240.91741232112918
613,2026-07-19T02:22:04.0000000+00:00,34.75898333,14.72146667,2026-07-19 02:22:04,35.379314,17.256207,240.76621006417318
614,2026-07-19T02:52:00.0000000+00:00,34.75078333,14.7233,2026-07-19 02:52:00,35.381577,17.253143,240.68366616071964
615,2026-07-19T03:22:00.0000000+00:00,34.74306667,14.72483333,2026-07-19 03:22:00,35.384007,17.250904,240.6940630956333
616,2026-07-19T03:52:00.0000000+00:00,34.73548333,14.72608333,2026-07-19 03:52:00,35.38594,17.249397,240.77761220274854
617,2026-07-19T04:22:00.0000000+00:00,34.72801667,14.72643333,2026-07-19 04:22:00,35.387314,17.248564,240.9801856211206
618,2026-07-19T04:52:00.0000000+00:00,34.72108333,14.72611667,2026-07-19 04:52:00,35.38866,17.247679,241.22016654876091
619,2026-07-19T05:22:01.0000000+00:00,34.71465,14.72585,2026-07-19 05:22:01,35.390118,17.246634,241.43078139304535
620,2026-07-19T05:52:00.0000000+00:00,34.70846667,14.72541667,2026-07-19 05:52:00,35.392105,17.24533,241.64535936609815
621,2026-07-19T06:22:00.0000000+00:00,34.70248333,14.72428333,2026-07-19 06:22:00,35.394707,17.243742,241.91242105776536
622,2026-07-19T06:52:00.0000000+00:00,34.69716667,14.72296667,2026-07-19 06:52:00,35.39821,17.241713,242.1671304134481
623,2026-07-19T07:22:01.0000000+00:00,34.6926,14.72065,2026-07-19 07:22:01,35.402565,17.239285,242.4789786602166
624,2026-07-19T07:52:31.0000000+00:00,34.68846667,14.71815,2026-07-19 07:52:31,35.407486,17.236961,242.82263079039365
625,2026-07-19T08:22:00.0000000+00:00,34.68496667,14.71561667,2026-07-19 08:22:00,35.412796,17.234716,243.1693328068523
626,2026-07-19T08:52:01.0000000+00:00,34.682,14.71298333,2026-07-19 08:52:01,35.41792,17.23228,243.484106731331
627,2026-07-19T09:22:00.0000000+00:00,34.6803,14.7101,2026-07-19 09:22:00,35.422768,17.229546,243.73826184390015
628,2026-07-19T09:52:00.0000000+00:00,34.67941667,14.70735,2026-07-19 09:52:00,35.42742,17.226603,243.9260645748845
629,2026-07-19T10:22:00.0000000+00:00,34.67906667,14.70546667,2026-07-19 10:22:00,35.431957,17.223433,243.9961750779992
630,2026-07-19T10:52:00.0000000+00:00,34.67951667,14.70428333,2026-07-19 10:52:00,35.43649,17.220255,243.975296861841
631,2026-07-19T11:22:00.0000000+00:00,34.6806,14.70406667,2026-07-19 11:22:00,35.440994,17.21721,243.8581442547707
632,2026-07-19T11:52:00.0000000+00:00,34.68278333,14.70563333,2026-07-19 11:52:00,35.444942,17.215113,243.60542404328163
633,2026-07-19T12:22:00.0000000+00:00,34.68493333,14.70805,2026-07-19 12:22:00,35.448235,17.214031,243.34416386634982
634,2026-07-19T12:52:00.0000000+00:00,34.68706667,14.71225,2026-07-19 12:52:00,35.45082,17.213436,242.9465592309165
635,2026-07-19T13:22:00.0000000+00:00,34.68866667,14.71801667,2026-07-19 13:22:00,35.452736,17.213287,242.45002970720822
636,2026-07-19T13:52:00.0000000+00:00,34.68928333,14.72533333,2026-07-19 13:52:00,35.45414,17.21388,241.9051610838792
637,2026-07-19T14:22:00.0000000+00:00,34.68921667,14.73333333,2026-07-19 14:22:00,35.455166,17.215092,241.36869807947434
638,2026-07-19T14:52:01.0000000+00:00,34.68871667,14.74195,2026-07-19 14:52:01,35.45637,17.215672,240.75071749172838
639,2026-07-19T15:22:01.0000000+00:00,34.68746667,14.75178333,2026-07-19 15:22:01,35.45788,17.21543,240.0025088018923
640,2026-07-19T15:52:01.0000000+00:00,34.685,14.76205,2026-07-19 15:52:01,35.459553,17.214476,239.2154329750206
641,2026-07-19T16:22:00.0000000+00:00,34.68086667,14.7729,2026-07-19 16:22:00,35.461327,17.212898,238.40207362655002
642,2026-07-19T16:52:00.0000000+00:00,34.67478333,14.78408333,2026-07-19 16:52:00,35.462765,17.210867,237.59532636108395
643,2026-07-19T17:22:00.0000000+00:00,34.66783333,14.79455,2026-07-19 17:22:00,35.463936,17.208445,236.84875012446165
644,2026-07-19T17:52:00.0000000+00:00,34.66058333,14.80425,2026-07-19 17:52:00,35.465744,17.20553,236.1709251203909
645,2026-07-19T18:22:00.0000000+00:00,34.65288333,14.81345,2026-07-19 18:22:00,35.468296,17.20227,235.56465952318516
646,2026-07-19T18:52:00.0000000+00:00,34.64481667,14.8221,2026-07-19 18:52:00,35.47137,17.199339,235.07982363410952
647,2026-07-19T19:22:00.0000000+00:00,34.63623333,14.83013333,2026-07-19 19:22:00,35.474846,17.196917,234.7397547393632
648,2026-07-19T19:52:00.0000000+00:00,34.62701667,14.83723333,2026-07-19 19:52:00,35.47833,17.195253,234.58109471808493
649,2026-07-19T20:22:00.0000000+00:00,34.61773333,14.84375,2026-07-19 20:22:00,35.48177,17.194374,234.54825585304792
650,2026-07-19T20:52:00.0000000+00:00,34.60833333,14.84925,2026-07-19 20:52:00,35.4854,17.194113,234.67512387207546
651,2026-07-19T21:22:00.0000000+00:00,34.59903333,14.85358333,2026-07-19 21:22:00,35.48923,17.194473,234.96382634641884
652,2026-07-19T21:52:00.0000000+00:00,34.58985,14.85668333,2026-07-19 21:52:00,35.49318,17.195719,235.43610676479864
653,2026-07-19T22:22:00.0000000+00:00,34.5812,14.85925,2026-07-19 22:22:00,35.497112,17.197872,236.00778712994924
654,2026-07-19T22:52:01.0000000+00:00,34.57253333,14.86063333,2026-07-19 22:52:01,35.500477,17.200869,236.72640705179757
655,2026-07-19T23:22:01.0000000+00:00,34.56461667,14.86155,2026-07-19 23:22:01,35.503178,17.204622,237.4813317310347
656,2026-07-19T23:52:00.0000000+00:00,34.557,14.86216667,2026-07-19 23:52:00,35.50546,17.20873,238.2581940432843
657,2026-07-20T00:22:00.0000000+00:00,34.55023333,14.86331667,2026-07-20 00:22:00,35.507298,17.213121,238.95328359980294
658,2026-07-20T00:52:00.0000000+00:00,34.54443333,14.86478333,2026-07-20 00:52:00,35.50827,17.217926,239.5667263409227
659,2026-07-20T01:22:01.0000000+00:00,34.54006667,14.86676667,2026-07-20 01:22:01,35.508335,17.22312,240.05383473733468
660,2026-07-20T01:52:01.0000000+00:00,34.53633333,14.86928333,2026-07-20 01:52:01,35.50778,17.228416,240.44358471128143
661,2026-07-20T02:22:00.0000000+00:00,34.53316667,14.8728,2026-07-20 02:22:00,35.50666,17.233706,240.6952826046378
662,2026-07-20T02:52:00.0000000+00:00,34.53038333,14.8767,2026-07-20 02:52:00,35.505005,17.238697,240.84559622717885
663,2026-07-20T03:22:00.0000000+00:00,34.52793333,14.88133333,2026-07-20 03:22:00,35.502827,17.243372,240.86817660319073
664,2026-07-20T03:52:00.0000000+00:00,34.525,14.88715,2026-07-20 03:52:00,35.5002,17.248055,240.79765331209305
665,2026-07-20T04:22:00.0000000+00:00,34.52233333,14.89325,2026-07-20 04:22:00,35.49723,17.252724,240.67280010512735
666,2026-07-20T04:52:00.0000000+00:00,34.5192,14.90073333,2026-07-20 04:52:00,35.494564,17.256987,240.44122721636876
667,2026-07-20T05:22:00.0000000+00:00,34.51593333,14.90826667,2026-07-20 05:22:00,35.492268,17.260746,240.18976267089224
668,2026-07-20T05:52:00.0000000+00:00,34.51268333,14.91621667,2026-07-20 05:52:00,35.48998,17.263937,239.8579726015403
669,2026-07-20T06:22:00.0000000+00:00,34.50975,14.92515,2026-07-20 06:22:00,35.4877,17.266579,239.3865902153796
670,2026-07-20T06:52:00.0000000+00:00,34.50653333,14.93446667,2026-07-20 06:52:00,35.485863,17.268896,238.8943714926107
671,2026-07-20T07:22:00.0000000+00:00,34.50355,14.94418333,2026-07-20 07:22:00,35.484444,17.270903,238.35420971105626
672,2026-07-20T07:52:00.0000000+00:00,34.501,14.95423333,2026-07-20 07:52:00,35.482983,17.272291,237.71328075610555
673,2026-07-20T08:22:00.0000000+00:00,34.49915,14.96511667,2026-07-20 08:22:00,35.481514,17.27287,236.903154502064
674,2026-07-20T08:52:00.0000000+00:00,34.49773333,14.97681667,2026-07-20 08:52:00,35.480835,17.27161,235.89672823412718
675,2026-07-20T09:22:00.0000000+00:00,34.4961,14.9891,2026-07-20 09:22:00,35.48104,17.268656,234.7645469055922
676,2026-07-20T09:52:00.0000000+00:00,34.49426667,15.00123333,2026-07-20 09:52:00,35.481846,17.26607,233.7182320337239
677,2026-07-20T10:22:00.0000000+00:00,34.49161667,15.01348333,2026-07-20 10:22:00,35.483204,17.264328,232.806126729716
678,2026-07-20T10:52:00.0000000+00:00,34.4891,15.0254,2026-07-20 10:52:00,35.48507,17.264101,232.06522377532306
679,2026-07-20T11:22:00.0000000+00:00,34.4863,15.03821667,2026-07-20 11:22:00,35.48729,17.265444,231.415895199354
680,2026-07-20T11:52:00.0000000+00:00,34.48326667,15.05108333,2026-07-20 11:52:00,35.488884,17.268024,230.8451635543318
681,2026-07-20T12:22:00.0000000+00:00,34.47938333,15.06381667,2026-07-20 12:22:00,35.489765,17.271551,230.3728441986861
682,2026-07-20T12:52:00.0000000+00:00,34.47478333,15.07618333,2026-07-20 12:52:00,35.49047,17.274797,229.94122562944835
683,2026-07-20T13:22:00.0000000+00:00,34.46931667,15.08801667,2026-07-20 13:22:00,35.491047,17.277555,229.55834612989594
684,2026-07-20T13:52:00.0000000+00:00,34.46271667,15.09873333,2026-07-20 13:52:00,35.490932,17.28041,229.30211520145184
685,2026-07-20T14:22:25.0000000+00:00,34.45535,15.10861667,2026-07-20 14:22:25,35.490227,17.283405,229.13761248620264
686,2026-07-20T14:52:00.0000000+00:00,34.44783333,15.11738333,2026-07-20 14:52:00,35.48995,17.286547,229.10858685728286
687,2026-07-20T15:22:00.0000000+00:00,34.43971667,15.12545,2026-07-20 15:22:00,35.49039,17.289795,229.2215014001773
688,2026-07-20T15:52:01.0000000+00:00,34.43196667,15.13293333,2026-07-20 15:52:01,35.49178,17.293098,229.42081278010403
689,2026-07-20T16:22:00.0000000+00:00,34.42496667,15.13963333,2026-07-20 16:22:00,35.49428,17.296553,229.71662478598338
690,2026-07-20T16:52:00.0000000+00:00,34.41836667,15.14538333,2026-07-20 16:52:00,35.497955,17.29985,230.1222283247465
691,2026-07-20T17:22:00.0000000+00:00,34.41253333,15.15,2026-07-20 17:22:00,35.502575,17.303068,230.6234789855839
692,2026-07-20T17:52:00.0000000+00:00,34.40751667,15.15368333,2026-07-20 17:52:00,35.50649,17.30534,231.03869881348953
693,2026-07-20T18:22:00.0000000+00:00,34.4034,15.15711667,2026-07-20 18:22:00,35.50948,17.306858,231.31095644308735
694,2026-07-20T18:52:00.0000000+00:00,34.40061667,15.1607,2026-07-20 18:52:00,35.513065,17.309006,231.57684186448728
695,2026-07-20T19:22:00.0000000+00:00,34.39846667,15.16405,2026-07-20 19:22:00,35.517296,17.31209,231.9337981752235
696,2026-07-20T19:52:00.0000000+00:00,34.39741667,15.16716667,2026-07-20 19:52:00,35.521534,17.316404,232.33849401997978
697,2026-07-20T20:22:00.0000000+00:00,34.39676667,15.17023333,2026-07-20 20:22:00,35.52544,17.321993,232.80168952551514
698,2026-07-20T20:52:00.0000000+00:00,34.39625,15.1734,2026-07-20 20:52:00,35.528587,17.329056,233.31773885615146
699,2026-07-20T21:22:00.0000000+00:00,34.39576667,15.17635,2026-07-20 21:22:00,35.53078,17.3374,233.89038762931983
700,2026-07-20T21:52:00.0000000+00:00,34.39543333,15.17905,2026-07-20 21:52:00,35.531765,17.346209,234.43732592891135
701,2026-07-20T22:22:00.0000000+00:00,34.39578333,15.18225,2026-07-20 22:22:00,35.53145,17.355024,234.82856891371787
702,2026-07-20T22:52:00.0000000+00:00,34.39666667,15.18586667,2026-07-20 22:52:00,35.529854,17.36317,235.02977675737054
703,2026-07-20T23:22:00.0000000+00:00,34.39781667,15.19018333,2026-07-20 23:22:00,35.527035,17.370325,235.01366339121213
704,2026-07-20T23:52:00.0000000+00:00,34.39908333,15.19465,2026-07-20 23:52:00,35.52321,17.37641,234.8390925588018
705,2026-07-21T00:22:00.0000000+00:00,34.40123333,15.20003333,2026-07-21 00:22:00,35.518555,17.38127,234.39941979007693
706,2026-07-21T00:52:00.0000000+00:00,34.40383333,15.20516667,2026-07-21 00:52:00,35.513676,17.385103,233.861434257651
707,2026-07-21T01:22:00.0000000+00:00,34.40693333,15.21078333,2026-07-21 01:22:00,35.508728,17.387825,233.16812969918394
708,2026-07-21T01:52:30.0000000+00:00,34.41028333,15.21708333,2026-07-21 01:52:30,35.503227,17.3892,232.27231540733263
709,2026-07-21T02:22:01.0000000+00:00,34.4131,15.22363333,2026-07-21 02:22:01,35.497314,17.38915,231.2556730290566
710,2026-07-21T02:52:00.0000000+00:00,34.41611667,15.23093333,2026-07-21 02:52:00,35.491497,17.38708,230.018221077064
711,2026-07-21T03:22:00.0000000+00:00,34.41925,15.23835,2026-07-21 03:22:00,35.485985,17.383091,228.6332891969517
712,2026-07-21T03:52:00.0000000+00:00,34.42216667,15.2453,2026-07-21 03:52:00,35.480877,17.378063,227.23948012225367
713,2026-07-21T04:22:00.0000000+00:00,34.42485,15.25238333,2026-07-21 04:22:00,35.47635,17.372383,225.83117223067995
714,2026-07-21T04:52:00.0000000+00:00,34.42716667,15.26005,2026-07-21 04:52:00,35.47293,17.367033,224.4873217327243
715,2026-07-21T05:22:00.0000000+00:00,34.42963333,15.26813333,2026-07-21 05:22:00,35.47066,17.362041,223.1953431137496
716,2026-07-21T05:52:00.0000000+00:00,34.43151667,15.27615,2026-07-21 05:52:00,35.46882,17.356417,221.91765971625628
717,2026-07-21T06:22:00.0000000+00:00,34.43286667,15.28498333,2026-07-21 06:22:00,35.46742,17.350271,220.59305413369893
718,2026-07-21T06:52:00.0000000+00:00,34.43448333,15.29405,2026-07-21 06:52:00,35.467335,17.344563,219.34471268163446
719,2026-07-21T07:22:00.0000000+00:00,34.4355,15.3032,2026-07-21 07:22:00,35.46872,17.339462,218.2584741005108
720,2026-07-21T07:52:00.0000000+00:00,34.43573333,15.31216667,2026-07-21 07:52:00,35.471645,17.334188,217.31177343272023
721,2026-07-21T08:22:00.0000000+00:00,34.43453333,15.32003333,2026-07-21 08:22:00,35.47605,17.328836,216.6208005568675
722,2026-07-21T08:52:00.0000000+00:00,34.43263333,15.32708333,2026-07-21 08:52:00,35.48182,17.324444,216.19546289021216
723,2026-07-21T09:22:00.0000000+00:00,34.43065,15.33351667,2026-07-21 09:22:00,35.488823,17.321005,215.97668668529866
724,2026-07-21T09:52:00.0000000+00:00,34.42856667,15.33863333,2026-07-21 09:52:00,35.49682,17.316402,215.84374367164477
725,2026-07-21T10:22:00.0000000+00:00,34.4265,15.3429,2026-07-21 10:22:00,35.505577,17.310669,215.74446468042288
726,2026-07-21T10:52:00.0000000+00:00,34.42391667,15.34633333,2026-07-21 10:52:00,35.514545,17.306637,215.8925159652126
727,2026-07-21T11:22:00.0000000+00:00,34.42171667,15.34803333,2026-07-21 11:22:00,35.52356,17.304707,216.31633927021002
728,2026-07-21T11:52:00.0000000+00:00,34.42076667,15.3493,2026-07-21 11:52:00,35.532795,17.304312,216.8281258737201
729,2026-07-21T12:22:00.0000000+00:00,34.42143333,15.35011667,2026-07-21 12:22:00,35.542023,17.305338,217.37913646700576
730,2026-07-21T12:52:00.0000000+00:00,34.42305,15.35021667,2026-07-21 12:52:00,35.55059,17.30784,217.9929407062377
731,2026-07-21T13:22:00.0000000+00:00,34.4251,15.35058333,2026-07-21 13:22:00,35.55828,17.311768,218.6103043563431
732,2026-07-21T13:52:00.0000000+00:00,34.42776667,15.35038333,2026-07-21 13:52:00,35.565132,17.317463,219.30902564323497
733,2026-07-21T14:22:03.0000000+00:00,34.43081667,15.35021667,2026-07-21 14:22:03,35.570934,17.324692,220.02782146495076
734,2026-07-21T14:52:00.0000000+00:00,34.43425,15.35028333,2026-07-21 14:52:00,35.574795,17.332342,220.6134060665971
735,2026-07-21T15:22:00.0000000+00:00,34.43846667,15.3511,2026-07-21 15:22:00,35.576637,17.339792,220.9513095822854
736,2026-07-21T15:52:00.0000000+00:00,34.44308333,15.35278333,2026-07-21 15:52:00,35.576733,17.345375,220.95078543891168
737,2026-07-21T16:22:00.0000000+00:00,34.44745,15.3554,2026-07-21 16:22:00,35.575294,17.348803,220.6413003178217
738,2026-07-21T16:52:00.0000000+00:00,34.45138333,15.35868333,2026-07-21 16:52:00,35.572815,17.350914,220.14763176954418
739,2026-07-21T17:22:00.0000000+00:00,34.4556,15.36206667,2026-07-21 17:22:00,35.569576,17.351841,219.49369918511604
740,2026-07-21T17:52:00.0000000+00:00,34.45948333,15.36511667,2026-07-21 17:52:00,35.566154,17.35203,218.82039590798476
741,2026-07-21T18:22:00.0000000+00:00,34.46308333,15.36761667,2026-07-21 18:22:00,35.562744,17.35152,218.15583042790252
742,2026-07-21T18:52:00.0000000+00:00,34.46666667,15.37038333,2026-07-21 18:52:00,35.559147,17.350359,217.41273267142137
743,2026-07-21T19:22:00.0000000+00:00,34.47066667,15.37356667,2026-07-21 19:22:00,35.555443,17.348583,216.55976557249556
744,2026-07-21T19:52:01.0000000+00:00,34.47491667,15.37678333,2026-07-21 19:52:01,35.551785,17.346283,215.6527981117011
745,2026-07-21T20:22:00.0000000+00:00,34.47955,15.37966667,2026-07-21 20:22:00,35.548397,17.343567,214.73287924987275
746,2026-07-21T20:52:00.0000000+00:00,34.48375,15.38221667,2026-07-21 20:52:00,35.546074,17.340742,213.9224887135914
747,2026-07-21T21:22:00.0000000+00:00,34.48768333,15.38461667,2026-07-21 21:22:00,35.54489,17.337898,213.20790378046337
748,2026-07-21T21:52:00.0000000+00:00,34.49148333,15.3873,2026-07-21 21:52:00,35.544003,17.334644,212.4669883567941
749,2026-07-21T22:22:00.0000000+00:00,34.49531667,15.39001667,2026-07-21 22:22:00,35.543327,17.331135,211.71485690729347
750,2026-07-21T22:52:00.0000000+00:00,34.49878333,15.3926,2026-07-21 22:52:00,35.54316,17.32819,211.06919811857526
751,2026-07-21T23:22:00.0000000+00:00,34.5018,15.39561667,2026-07-21 23:22:00,35.543594,17.325893,210.50411084454203
752,2026-07-21T23:52:00.0000000+00:00,34.50501667,15.3986,2026-07-21 23:52:00,35.544846,17.323084,209.93945223872606
753,2026-07-22T00:22:00.0000000+00:00,34.50843333,15.40116667,2026-07-22 00:22:00,35.546837,17.319834,209.40525674462552
754,2026-07-22T00:52:00.0000000+00:00,34.51235,15.40356667,2026-07-22 00:52:00,35.549057,17.317453,208.93290995998652
755,2026-07-22T01:22:00.0000000+00:00,34.51626667,15.40606667,2026-07-22 01:22:00,35.551388,17.316246,208.5484858868168
756,2026-07-22T01:52:00.0000000+00:00,34.51978333,15.40846667,2026-07-22 01:52:00,35.553745,17.315956,208.2678476662699
757,2026-07-22T02:22:00.0000000+00:00,34.5239,15.4111,2026-07-22 02:22:00,35.556133,17.31656,208.0021479198772
758,2026-07-22T02:52:00.0000000+00:00,34.5284,15.4141,2026-07-22 02:52:00,35.559086,17.317825,207.76881506934228
759,2026-07-22T03:22:00.0000000+00:00,34.5333,15.41773333,2026-07-22 03:22:00,35.562557,17.319769,207.54558042630995
760,2026-07-22T03:52:00.0000000+00:00,34.53821667,15.42203333,2026-07-22 03:52:00,35.56614,17.322733,207.35485216243893
761,2026-07-22T04:22:25.0000000+00:00,34.54261667,15.4279,2026-07-22 04:22:25,35.569664,17.326803,207.1578092198394
762,2026-07-22T04:52:00.0000000+00:00,34.54555,15.43351667,2026-07-22 04:52:00,35.57264,17.332123,207.13251494803544
763,2026-07-22T05:22:00.0000000+00:00,34.5482,15.43898333,2026-07-22 05:22:00,35.575134,17.338638,207.19803600020154
764,2026-07-22T05:52:21.0000000+00:00,34.54998333,15.444,2026-07-22 05:52:21,35.57848,17.34609,207.47421163152154
765,2026-07-22T06:22:00.0000000+00:00,34.55101667,15.44868333,2026-07-22 06:22:00,35.582695,17.354315,207.93347715315628
766,2026-07-22T06:52:25.0000000+00:00,34.55238333,15.45296667,2026-07-22 06:52:25,35.586563,17.363182,208.43025854975158
767,2026-07-22T07:22:00.0000000+00:00,34.55411667,15.45715,2026-07-22 07:22:00,35.589764,17.372557,208.9098521177886
768,2026-07-22T07:52:00.0000000+00:00,34.55603333,15.46161667,2026-07-22 07:52:00,35.59192,17.382116,209.30756441936762
769,2026-07-22T08:22:00.0000000+00:00,34.55763333,15.46655,2026-07-22 08:22:00,35.592926,17.39173,209.62475682472285
770,2026-07-22T08:52:00.0000000+00:00,34.55858333,15.47166667,2026-07-22 08:52:00,35.592857,17.40149,209.9151748221712
771,2026-07-22T09:22:00.0000000+00:00,34.55933333,15.4768,2026-07-22 09:22:00,35.59182,17.411348,210.16652733047687
772,2026-07-22T09:52:00.0000000+00:00,34.56018333,15.48198333,2026-07-22 09:52:00,35.590473,17.421463,210.41003324875913
773,2026-07-22T10:22:00.0000000+00:00,34.56081667,15.48696667,2026-07-22 10:22:00,35.58889,17.431755,210.6822952200976
774,2026-07-22T10:52:00.0000000+00:00,34.56131667,15.49186667,2026-07-22 10:52:00,35.58652,17.442293,210.94279266317318
775,2026-07-22T11:22:00.0000000+00:00,34.56176667,15.49595,2026-07-22 11:22:00,35.583374,17.453066,211.24228639572252
776,2026-07-22T11:52:00.0000000+00:00,34.56223333,15.50005,2026-07-22 11:52:00,35.579796,17.46402,211.5303287020556
777,2026-07-22T12:22:00.0000000+00:00,34.56255,15.50376667,2026-07-22 12:22:00,35.57601,17.475164,211.86203194871067
778,2026-07-22T12:52:00.0000000+00:00,34.56328333,15.50683333,2026-07-22 12:52:00,35.57247,17.48608,212.2184050127064
779,2026-07-22T13:22:01.0000000+00:00,34.56433333,15.50945,2026-07-22 13:22:01,35.56924,17.49673,212.59076335107733
780,2026-07-22T13:52:00.0000000+00:00,34.56543333,15.51116667,2026-07-22 13:52:00,35.565994,17.5074,213.03358415389715
781,2026-07-22T14:22:00.0000000+00:00,34.56635,15.51288333,2026-07-22 14:22:00,35.56267,17.518187,213.49525233323425
782,2026-07-22T14:52:00.0000000+00:00,34.56748333,15.51448333,2026-07-22 14:52:00,35.559204,17.529114,213.95949622143075
783,2026-07-22T15:22:00.0000000+00:00,34.56843333,15.51645,2026-07-22 15:22:00,35.555702,17.54035,214.43136689505988
784,2026-07-22T15:52:00.0000000+00:00,34.56953333,15.51826667,2026-07-22 15:52:00,35.553093,17.552471,215.0289843221905
785,2026-07-22T16:22:00.0000000+00:00,34.57086667,15.51981667,2026-07-22 16:22:00,35.551304,17.565441,215.74934009094352
786,2026-07-22T16:52:00.0000000+00:00,34.57333333,15.52165,2026-07-22 16:52:00,35.548767,17.57767,216.28694410840126
787,2026-07-22T17:22:00.0000000+00:00,34.57623333,15.52348333,2026-07-22 17:22:00,35.545204,17.588749,216.65762897344186
788,2026-07-22T17:52:00.0000000+00:00,34.57951667,15.52516667,2026-07-22 17:52:00,35.5409,17.597767,216.82106318209136
789,2026-07-22T18:22:01.0000000+00:00,34.58265,15.52711667,2026-07-22 18:22:01,35.536022,17.604656,216.77706667423553
790,2026-07-22T18:52:25.0000000+00:00,34.58583333,15.5296,2026-07-22 18:52:25,35.531487,17.610327,216.61366863180794
791,2026-07-22T19:22:19.0000000+00:00,34.58886667,15.53221667,2026-07-22 19:22:19,35.5274,17.614767,216.37698762556818
792,2026-07-22T19:52:00.0000000+00:00,34.59195,15.5351,2026-07-22 19:52:00,35.523422,17.617273,215.97011533740366
793,2026-07-22T20:22:01.0000000+00:00,34.59451667,15.53785,2026-07-22 20:22:01,35.519505,17.617779,215.4471943028123
794,2026-07-22T20:52:01.0000000+00:00,34.59616667,15.5402,2026-07-22 20:52:01,35.515617,17.617048,214.90977402357208
795,2026-07-22T21:22:00.0000000+00:00,34.59801667,15.54236667,2026-07-22 21:22:00,35.511845,17.615139,214.28820159772368
796,2026-07-22T21:52:03.0000000+00:00,34.59985,15.5448,2026-07-22 21:52:03,35.508617,17.611752,213.55664413089923
797,2026-07-22T22:22:00.0000000+00:00,34.60203333,15.5476,2026-07-22 22:22:00,35.506084,17.606853,212.69155026758588
798,2026-07-22T22:52:31.0000000+00:00,34.60398333,15.55145,2026-07-22 22:52:31,35.504494,17.600601,211.69505873252464
799,2026-07-22T23:22:00.0000000+00:00,34.60536667,15.55491667,2026-07-22 23:22:00,35.503902,17.593222,210.720636806584
800,2026-07-22T23:52:00.0000000+00:00,34.60646667,15.5584,2026-07-22 23:52:00,35.504257,17.585901,209.81453516752353
801,2026-07-23T00:22:00.0000000+00:00,34.60731667,15.56211667,2026-07-23 00:22:00,35.50548,17.578815,208.96816216309665
802,2026-07-23T00:52:00.0000000+00:00,34.6077,15.56621667,2026-07-23 00:52:00,35.50696,17.571545,208.11633576297365
803,2026-07-23T01:23:25.0000000+00:00,34.60848333,15.57043333,2026-07-23 01:23:25,35.50868,17.564053,207.23004094030782
804,2026-07-23T01:52:00.0000000+00:00,34.60886667,15.57446667,2026-07-23 01:52:00,35.5108,17.556057,206.36356185151524
805,2026-07-23T02:22:00.0000000+00:00,34.60878333,15.57833333,2026-07-23 02:22:00,35.513382,17.54763,205.52890300959095
806,2026-07-23T02:52:00.0000000+00:00,34.60833333,15.58163333,2026-07-23 02:52:00,35.51643,17.53885,204.75997355358427
807,2026-07-23T03:22:00.0000000+00:00,34.60716667,15.58331667,2026-07-23 03:22:00,35.519978,17.529879,204.1747915558695
808,2026-07-23T03:52:00.0000000+00:00,34.6061,15.58501667,2026-07-23 03:52:00,35.524323,17.521078,203.64401695787683
809,2026-07-23T04:22:00.0000000+00:00,34.60518333,15.58548333,2026-07-23 04:22:00,35.52938,17.51255,203.26737404175068
810,2026-07-23T04:52:00.0000000+00:00,34.60431667,15.58488333,2026-07-23 04:52:00,35.53464,17.504198,203.00121925574052
811,2026-07-23T05:22:19.0000000+00:00,34.604,15.5838,2026-07-23 05:22:19,35.53993,17.496107,202.7673648301396
812,2026-07-23T05:52:00.0000000+00:00,34.6041,15.58116667,2026-07-23 05:52:00,35.545227,17.48873,202.68981435717922
813,2026-07-23T06:22:00.0000000+00:00,34.60493333,15.57716667,2026-07-23 06:22:00,35.550583,17.482088,202.73857888919565
814,2026-07-23T06:52:01.0000000+00:00,34.60673333,15.5721,2026-07-23 06:52:01,35.5567,17.476025,202.90345927928163
815,2026-07-23T07:23:49.0000000+00:00,34.6095,15.56588333,2026-07-23 07:23:49,35.563557,17.470535,203.18809192440673
816,2026-07-23T07:52:00.0000000+00:00,34.61296667,15.56006667,2026-07-23 07:52:00,35.570484,17.465946,203.47516947025835
817,2026-07-23T08:22:22.0000000+00:00,34.61711667,15.55433333,2026-07-23 08:22:22,35.57734,17.462112,203.76986927417573
818,2026-07-23T08:52:00.0000000+00:00,34.62171667,15.54901667,2026-07-23 08:52:00,35.583973,17.458513,204.01133204010165
819,2026-07-23T09:22:00.0000000+00:00,34.62735,15.54328333,2026-07-23 09:22:00,35.59043,17.45511,204.22890672957755
820,2026-07-23T09:52:00.0000000+00:00,34.63381667,15.53795,2026-07-23 09:52:00,35.597324,17.45238,204.44313792920985
821,2026-07-23T10:22:00.0000000+00:00,34.64073333,15.53215,2026-07-23 10:22:00,35.604683,17.4504,204.75180745546425
822,2026-07-23T10:52:00.0000000+00:00,34.6477,15.52648333,2026-07-23 10:52:00,35.612186,17.449131,205.1106171188925
823,2026-07-23T11:22:00.0000000+00:00,34.65493333,15.52178333,2026-07-23 11:22:00,35.619694,17.448591,205.435521034402
824,2026-07-23T11:52:00.0000000+00:00,34.66318333,15.51771667,2026-07-23 11:52:00,35.62695,17.448431,205.6666881659447
825,2026-07-23T12:22:00.0000000+00:00,34.67245,15.51521667,2026-07-23 12:22:00,35.633812,17.448542,205.7153508195336
826,2026-07-23T12:52:00.0000000+00:00,34.68223333,15.51373333,2026-07-23 12:52:00,35.639927,17.448843,205.6279351625068
827,2026-07-23T13:22:00.0000000+00:00,34.69265,15.51321667,2026-07-23 13:22:00,35.64513,17.449337,205.39242971928132
828,2026-07-23T13:52:00.0000000+00:00,34.70336667,15.51396667,2026-07-23 13:52:00,35.64893,17.450537,205.01867692366224
829,2026-07-23T14:22:00.0000000+00:00,34.71385,15.51655,2026-07-23 14:22:00,35.651226,17.452503,204.49307749194003
830,2026-07-23T14:52:00.0000000+00:00,34.72335,15.52045,2026-07-23 14:52:00,35.651985,17.45543,203.91375523326172
831,2026-07-23T15:22:00.0000000+00:00,34.7329,15.52483333,2026-07-23 15:22:00,35.651356,17.45925,203.29025274604058
832,2026-07-23T15:52:01.0000000+00:00,34.74218333,15.53031667,2026-07-23 15:52:01,35.650074,17.46377,202.61936092270312
833,2026-07-23T16:22:00.0000000+00:00,34.75056667,15.53655,2026-07-23 16:22:00,35.648285,17.468756,201.95351428455018
834,2026-07-23T16:52:00.0000000+00:00,34.75818333,15.54343333,2026-07-23 16:52:00,35.645763,17.473269,201.206349299141
835,2026-07-23T17:22:00.0000000+00:00,34.76475,15.55098333,2026-07-23 17:22:00,35.64276,17.477112,200.3891915380992
836,2026-07-23T17:52:00.0000000+00:00,34.77066667,15.5588,2026-07-23 17:52:00,35.640656,17.480314,199.58566796112171
837,2026-07-23T18:22:51.0000000+00:00,34.77633333,15.56765,2026-07-23 18:22:51,35.639675,17.482899,198.7256094681051
838,2026-07-23T18:52:00.0000000+00:00,34.78071667,15.57586667,2026-07-23 18:52:00,35.639038,17.485138,197.97718351159355
839,2026-07-23T19:22:00.0000000+00:00,34.78456667,15.58393333,2026-07-23 19:22:00,35.63867,17.487085,197.2608953438088
840,2026-07-23T19:52:24.0000000+00:00,34.78736667,15.59243333,2026-07-23 19:52:24,35.638523,17.488453,196.53281329002857
841,2026-07-23T20:22:01.0000000+00:00,34.78955,15.6007,2026-07-23 20:22:01,35.638775,17.489391,195.84372651205763
842,2026-07-23T20:52:00.0000000+00:00,34.79138333,15.60878333,2026-07-23 20:52:00,35.640373,17.490644,195.2846080040526
843,2026-07-23T21:22:00.0000000+00:00,34.79286667,15.61615,2026-07-23 21:22:00,35.643387,17.49241,194.91765203219947
844,2026-07-23T21:52:00.0000000+00:00,34.79398333,15.62346667,2026-07-23 21:52:00,35.64727,17.494461,194.6446902750386
845,2026-07-23T22:22:00.0000000+00:00,34.79513333,15.6306,2026-07-23 22:22:00,35.6517,17.496843,194.44122439892783
846,2026-07-23T22:52:00.0000000+00:00,34.79591667,15.63813333,2026-07-23 22:52:00,35.65577,17.499722,194.24800042037018
847,2026-07-23T23:22:32.0000000+00:00,34.79608333,15.64563333,2026-07-23 23:22:32,35.659473,17.503263,194.12568757912476
848,2026-07-23T23:52:01.0000000+00:00,34.79593333,15.65268333,2026-07-23 23:52:01,35.663326,17.507183,194.09626761789104
849,2026-07-24T00:22:00.0000000+00:00,34.79533333,15.65985,2026-07-24 00:22:00,35.6673,17.511545,194.12570289677643
850,2026-07-24T00:52:00.0000000+00:00,34.79458333,15.66621667,2026-07-24 00:52:00,35.671112,17.516897,194.29691863725822
851,2026-07-24T01:22:01.0000000+00:00,34.7939,15.6715,2026-07-24 01:22:01,35.67462,17.523373,194.62223270633203
852,2026-07-24T01:52:00.0000000+00:00,34.79281667,15.67638333,2026-07-24 01:52:00,35.677982,17.5312,195.10007013397512
853,2026-07-24T02:22:00.0000000+00:00,34.79176667,15.6808,2026-07-24 02:22:00,35.681202,17.540447,195.71644228809117
854,2026-07-24T02:52:00.0000000+00:00,34.791,15.68511667,2026-07-24 02:52:00,35.684265,17.55121,196.43484967490699
855,2026-07-24T03:22:00.0000000+00:00,34.79011667,15.68885,2026-07-24 03:22:00,35.687073,17.563507,197.31145865107248
856,2026-07-24T03:52:22.0000000+00:00,34.78928333,15.69235,2026-07-24 03:52:22,35.68898,17.577316,198.27248225007907
857,2026-07-24T04:22:00.0000000+00:00,34.78878333,15.69505,2026-07-24 04:22:00,35.689854,17.592617,199.33754219300712
858,2026-07-24T04:52:01.0000000+00:00,34.78866667,15.69771667,2026-07-24 04:52:01,35.68938,17.609308,200.42043187144674
859,2026-07-24T05:22:01.0000000+00:00,34.78838333,15.69981667,2026-07-24 05:22:01,35.68755,17.627306,201.58883951775735
860,2026-07-24T05:52:17.0000000+00:00,34.78866667,15.7019,2026-07-24 05:52:17,35.684853,17.646124,202.74898739738822
861,2026-07-24T06:22:31.0000000+00:00,34.78945,15.70418333,2026-07-24 06:22:31,35.68124,17.665508,203.86739752943365
862,2026-07-24T06:52:31.0000000+00:00,34.79033333,15.70568333,2026-07-24 06:52:31,35.676186,17.684856,204.97114217226965
863,2026-07-24T07:22:22.0000000+00:00,34.79165,15.70731667,2026-07-24 07:22:22,35.66967,17.703817,205.9435374953784
864,2026-07-24T07:52:00.0000000+00:00,34.79353333,15.70928333,2026-07-24 07:52:00,35.662586,17.722387,206.80996945583112
865,2026-07-24T08:22:00.0000000+00:00,34.79523333,15.71213333,2026-07-24 08:22:00,35.654945,17.74051,207.56317739488378
866,2026-07-24T08:52:31.0000000+00:00,34.79685,15.71546667,2026-07-24 08:52:31,35.646206,17.758394,208.2194157382306
867,2026-07-24T09:22:00.0000000+00:00,34.79826667,15.71855,2026-07-24 09:22:00,35.63633,17.775877,208.83141454824525
868,2026-07-24T09:52:00.0000000+00:00,34.80028333,15.72203333,2026-07-24 09:52:00,35.625668,17.792517,209.28847520150566
869,2026-07-24T10:22:01.0000000+00:00,34.80213333,15.7262,2026-07-24 10:22:01,35.614292,17.808279,209.60812363840142
870,2026-07-24T10:52:00.0000000+00:00,34.80398333,15.73025,2026-07-24 10:52:00,35.602776,17.823406,209.89365641518046
871,2026-07-24T11:22:00.0000000+00:00,34.80608333,15.73463333,2026-07-24 11:22:00,35.591293,17.837841,210.09953007982082
872,2026-07-24T11:52:01.0000000+00:00,34.8078,15.7397,2026-07-24 11:52:01,35.5819,17.846556,209.89974274331425
873,2026-07-24T12:22:00.0000000+00:00,34.80896667,15.74535,2026-07-24 12:22:00,35.5742,17.84864,209.2084474182376
874,2026-07-24T12:52:00.0000000+00:00,34.80956667,15.7519,2026-07-24 12:52:00,35.56616,17.848997,208.31256211780473
875,2026-07-24T13:22:01.0000000+00:00,34.8093,15.75875,2026-07-24 13:22:01,35.557995,17.847597,207.28185702262275
876,2026-07-24T13:52:31.0000000+00:00,34.80891667,15.76508333,2026-07-24 13:52:31,35.54987,17.844505,206.16117144608978
877,2026-07-24T14:22:00.0000000+00:00,34.80756667,15.77158333,2026-07-24 14:22:00,35.541965,17.83983,204.94919643717958
878,2026-07-24T14:52:00.0000000+00:00,34.80576667,15.77805,2026-07-24 14:52:00,35.53163,17.839554,204.02285599444974
879,2026-07-24T15:22:00.0000000+00:00,34.80328333,15.78325,2026-07-24 15:22:00,35.521553,17.838215,203.1569936075907
880,2026-07-24T15:52:00.0000000+00:00,34.80083333,15.7872,2026-07-24 15:52:00,35.50811,17.842451,202.72037120623648
881,2026-07-24T16:22:00.0000000+00:00,34.79881667,15.79,2026-07-24 16:22:00,35.498894,17.83901,201.8994383877348
882,2026-07-24T16:52:01.0000000+00:00,34.79663333,15.79188333,2026-07-24 16:52:01,35.486702,17.836493,201.11838141080023
883,2026-07-24T17:22:00.0000000+00:00,34.79431667,15.79318333,2026-07-24 17:22:00,35.475994,17.828062,199.95900416871126
884,2026-07-24T17:52:00.0000000+00:00,34.792,15.79373333,2026-07-24 17:52:00,35.46897,17.81608,198.71603285260423
885,2026-07-24T18:22:00.0000000+00:00,34.79005,15.79346667,2026-07-24 18:22:00,35.465786,17.801203,197.4400175479167
886,2026-07-24T18:52:00.0000000+00:00,34.78858333,15.79253333,2026-07-24 18:52:00,35.464634,17.784517,196.1321898027581
887,2026-07-24T19:22:01.0000000+00:00,34.78751667,15.78941667,2026-07-24 19:22:01,35.465,17.766388,194.93413353040927
888,2026-07-24T19:52:00.0000000+00:00,34.78716667,15.78616667,2026-07-24 19:52:00,35.465748,17.747591,193.6780630875997
889,2026-07-24T20:22:00.0000000+00:00,34.78715,15.78268333,2026-07-24 20:22:00,35.4666,17.728289,192.39100114973414
890,2026-07-24T20:52:00.0000000+00:00,34.78758333,15.77848333,2026-07-24 20:52:00,35.467358,17.708483,191.0998915572625
891,2026-07-24T21:22:00.0000000+00:00,34.78838333,15.77393333,2026-07-24 21:22:00,35.468006,17.688381,189.79358651046715
892,2026-07-24T21:52:00.0000000+00:00,34.78993333,15.76926667,2026-07-24 21:52:00,35.46905,17.669237,188.5615546940393
893,2026-07-24T22:22:00.0000000+00:00,34.79231667,15.76371667,2026-07-24 22:22:00,35.470516,17.651348,187.48920569337108
894,2026-07-24T22:52:31.0000000+00:00,34.79578333,15.75835,2026-07-24 22:52:31,35.472553,17.634954,186.50217215219936
895,2026-07-24T23:22:01.0000000+00:00,34.80046667,15.75343333,2026-07-24 23:22:01,35.47519,17.62001,185.56912860753533
896,2026-07-24T23:52:19.0000000+00:00,34.80576667,15.7481,2026-07-24 23:52:19,35.478794,17.60603,184.76539279573169
897,2026-07-25T00:22:26.0000000+00:00,34.81136667,15.7434,2026-07-25 00:22:26,35.48332,17.592997,184.01475177700206
898,2026-07-25T00:52:31.0000000+00:00,34.81766667,15.73933333,2026-07-25 00:52:31,35.487995,17.58109,183.28004161160726
899,2026-07-25T01:22:25.0000000+00:00,34.82431667,15.73608333,2026-07-25 01:22:25,35.492527,17.570145,182.53454974570644
900,2026-07-25T01:52:00.0000000+00:00,34.83176667,15.73348333,2026-07-25 01:52:00,35.49695,17.560268,181.78214455549826
901,2026-07-25T02:22:00.0000000+00:00,34.83946667,15.73198333,2026-07-25 02:22:00,35.501163,17.551388,181.00054350265293
902,2026-07-25T02:52:00.0000000+00:00,34.8472,15.7313,2026-07-25 02:52:00,35.505028,17.543472,180.21457253932897
903,2026-07-25T03:22:00.0000000+00:00,34.85458333,15.73123333,2026-07-25 03:22:00,35.508533,17.536547,179.45993635961105
904,2026-07-25T03:52:00.0000000+00:00,34.86176667,15.73186667,2026-07-25 03:52:00,35.51181,17.53077,178.7417601179495
905,2026-07-25T04:22:00.0000000+00:00,34.86873333,15.73276667,2026-07-25 04:22:00,35.514854,17.52609,178.09262183762746
906,2026-07-25T04:52:00.0000000+00:00,34.876,15.73501667,2026-07-25 04:52:00,35.517624,17.52193,177.34881580317736
907,2026-07-25T05:22:00.0000000+00:00,34.88276667,15.73865,2026-07-25 05:22:00,35.52009,17.518198,176.53536972867664
908,2026-07-25T05:52:00.0000000+00:00,34.88876667,15.743,2026-07-25 05:52:00,35.52238,17.515015,175.7355152732255
909,2026-07-25T06:22:01.0000000+00:00,34.89368333,15.74798333,2026-07-25 06:22:01,35.52443,17.512363,174.96592336032094
910,2026-07-25T06:52:01.0000000+00:00,34.89773333,15.75315,2026-07-25 06:52:01,35.526093,17.510302,174.2528494784312
911,2026-07-25T07:22:00.0000000+00:00,34.90121667,15.75891667,2026-07-25 07:22:00,35.52732,17.508667,173.5322424837288
912,2026-07-25T07:52:00.0000000+00:00,34.90423333,15.76473333,2026-07-25 07:52:00,35.528076,17.50695,172.80103913948858
913,2026-07-25T08:22:00.0000000+00:00,34.9069,15.77035,2026-07-25 08:22:00,35.528362,17.504976,172.06067144108653
914,2026-07-25T08:52:00.0000000+00:00,34.90963333,15.77695,2026-07-25 08:52:00,35.528164,17.502916,171.2071687068372
915,2026-07-25T09:22:25.0000000+00:00,34.91186667,15.78285,2026-07-25 09:22:25,35.527508,17.500671,170.39917111347143
916,2026-07-25T09:52:00.0000000+00:00,34.91355,15.78863333,2026-07-25 09:52:00,35.526493,17.497969,169.57202206610611
917,2026-07-25T10:22:00.0000000+00:00,34.91456667,15.7939,2026-07-25 10:22:00,35.525288,17.494705,168.76343480141853
918,2026-07-25T10:52:00.0000000+00:00,34.91488333,15.7988,2026-07-25 10:52:00,35.523685,17.490831,167.9491181154387
919,2026-07-25T11:22:00.0000000+00:00,34.91481667,15.80335,2026-07-25 11:22:00,35.521664,17.486261,167.10525068641823
920,2026-07-25T11:52:00.0000000+00:00,34.91421667,15.80728333,2026-07-25 11:52:00,35.520077,17.480425,166.25123165865216
921,2026-07-25T12:22:00.0000000+00:00,34.91328333,15.8109,2026-07-25 12:22:00,35.51916,17.473352,165.36637887236714
922,2026-07-25T12:52:00.0000000+00:00,34.91236667,15.81398333,2026-07-25 12:52:00,35.51896,17.465687,164.50854509322596
923,2026-07-25T13:22:00.0000000+00:00,34.91111667,15.81595,2026-07-25 13:22:00,35.519577,17.457582,163.7608043771266
924,2026-07-25T13:52:00.0000000+00:00,34.91011667,15.81786667,2026-07-25 13:52:00,35.52109,17.449188,163.0242431763328
925,2026-07-25T14:22:19.0000000+00:00,34.90873333,15.81905,2026-07-25 14:22:19,35.52357,17.440628,162.39952225317015
926,2026-07-25T14:52:20.0000000+00:00,34.90723333,15.81951667,2026-07-25 14:52:20,35.52699,17.43201,161.8818035759473
927,2026-07-25T15:22:00.0000000+00:00,34.90595,15.81928333,2026-07-25 15:22:00,35.53122,17.423395,161.45360535042195
928,2026-07-25T15:52:00.0000000+00:00,34.90508333,15.81831667,2026-07-25 15:52:00,35.53624,17.414452,161.08077051112764
929,2026-07-25T16:22:01.0000000+00:00,34.90463333,15.81681667,2026-07-25 16:22:01,35.54195,17.405233,160.7466711618119
930,2026-07-25T16:52:00.0000000+00:00,34.90456667,15.81525,2026-07-25 16:52:00,35.548504,17.39591,160.4365888152043
931,2026-07-25T17:22:00.0000000+00:00,34.9051,15.81345,2026-07-25 17:22:00,35.555855,17.38662,160.1627635868778
932,2026-07-25T17:52:00.0000000+00:00,34.90636667,15.81173333,2026-07-25 17:52:00,35.563553,17.377462,159.87882461139165
933,2026-07-25T18:22:00.0000000+00:00,34.90856667,15.80976667,2026-07-25 18:22:00,35.57142,17.368784,159.61887616944705
934,2026-07-25T18:52:00.0000000+00:00,34.91118333,15.808,2026-07-25 18:52:00,35.579018,17.36253,159.50701853645938
935,2026-07-25T19:22:00.0000000+00:00,34.91441667,15.80603333,2026-07-25 19:22:00,35.58645,17.35871,159.56763331612015
936,2026-07-25T19:52:00.0000000+00:00,34.9181,15.80383333,2026-07-25 19:52:00,35.59488,17.355068,159.69089679193212
937,2026-07-25T20:22:00.0000000+00:00,34.92255,15.80128333,2026-07-25 20:22:00,35.60433,17.351397,159.85333960925072
938,2026-07-25T20:52:00.0000000+00:00,34.9276,15.79856667,2026-07-25 20:52:00,35.613724,17.348877,160.08764392137616
939,2026-07-25T21:22:00.0000000+00:00,34.93366667,15.79606667,2026-07-25 21:22:00,35.622826,17.347738,160.3456493469008
940,2026-07-25T21:52:00.0000000+00:00,34.94023333,15.79368333,2026-07-25 21:52:00,35.631714,17.34772,160.64583767892216
941,2026-07-25T22:22:25.0000000+00:00,34.94703333,15.79171667,2026-07-25 22:22:25,35.640396,17.348637,160.96389061343027
942,2026-07-25T22:52:00.0000000+00:00,34.95328333,15.79091667,2026-07-25 22:52:00,35.649143,17.349524,161.2200580717716
943,2026-07-25T23:22:00.0000000+00:00,34.9598,15.79125,2026-07-25 23:22:00,35.657837,17.35005,161.33991322380828
944,2026-07-25T23:52:00.0000000+00:00,34.96648333,15.79258333,2026-07-25 23:52:00,35.66625,17.349651,161.2831348151241
945,2026-07-26T00:22:00.0000000+00:00,34.97321667,15.79453333,2026-07-26 00:22:00,35.67433,17.348318,161.08367281549585
946,2026-07-26T00:52:00.0000000+00:00,34.98036667,15.79733333,2026-07-26 00:52:00,35.68237,17.346996,160.79299121454608
947,2026-07-26T01:22:00.0000000+00:00,34.98771667,15.8001,2026-07-26 01:22:00,35.690365,17.345816,160.50321715828173
948,2026-07-26T01:52:01.0000000+00:00,34.99535,15.80301667,2026-07-26 01:52:01,35.698486,17.34473,160.20087635610514
949,2026-07-26T02:22:01.0000000+00:00,35.00321667,15.80678333,2026-07-26 02:22:01,35.706707,17.343664,159.82549703118912
950,2026-07-26T02:52:00.0000000+00:00,35.01071667,15.81111667,2026-07-26 02:52:00,35.71437,17.342907,159.42070782196103
951,2026-07-26T03:22:01.0000000+00:00,35.01783333,15.81596667,2026-07-26 03:22:01,35.721256,17.34258,158.98898755078545
952,2026-07-26T03:52:01.0000000+00:00,35.02456667,15.82186667,2026-07-26 03:52:01,35.726658,17.34343,158.50828093352794
953,2026-07-26T04:22:00.0000000+00:00,35.03068333,15.82856667,2026-07-26 04:22:00,35.730442,17.345423,158.0017784777555
954,2026-07-26T04:52:00.0000000+00:00,35.03656667,15.83555,2026-07-26 04:52:00,35.732517,17.347698,157.4161231317634
955,2026-07-26T05:22:00.0000000+00:00,35.0418,15.84278333,2026-07-26 05:22:00,35.73322,17.349957,156.7713063595404
956,2026-07-26T05:52:01.0000000+00:00,35.04661667,15.84986667,2026-07-26 05:52:01,35.73462,17.351591,156.14998982078652
957,2026-07-26T06:22:00.0000000+00:00,35.05061667,15.85735,2026-07-26 06:22:00,35.73709,17.352362,155.5317693885376
958,2026-07-26T06:52:01.0000000+00:00,35.05411667,15.86485,2026-07-26 06:52:01,35.740322,17.35175,154.87182634158373
959,2026-07-26T07:22:00.0000000+00:00,35.05728333,15.8724,2026-07-26 07:22:00,35.744164,17.34965,154.14341217529355
960,2026-07-26T07:52:06.0000000+00:00,35.05983333,15.87985,2026-07-26 07:52:06,35.747723,17.346117,153.331249315798
961,2026-07-26T08:22:24.0000000+00:00,35.0621,15.88675,2026-07-26 08:22:24,35.7508,17.341335,152.45614733482245
962,2026-07-26T08:52:00.0000000+00:00,35.06408333,15.89316667,2026-07-26 08:52:00,35.7528,17.336475,151.57138125168282
963,2026-07-26T09:22:00.0000000+00:00,35.06611667,15.8992,2026-07-26 09:22:00,35.753963,17.331535,150.6627579554651
964,2026-07-26T09:52:00.0000000+00:00,35.06808333,15.90478333,2026-07-26 09:52:00,35.75607,17.325174,149.73620662617387
965,2026-07-26T10:22:00.0000000+00:00,35.07021667,15.90978333,2026-07-26 10:22:00,35.75973,17.31708,148.8009949793872
966,2026-07-26T10:52:00.0000000+00:00,35.07246667,15.91491667,2026-07-26 10:52:00,35.76616,17.306538,147.82154290423932
967,2026-07-26T11:22:00.0000000+00:00,35.07468333,15.92016667,2026-07-26 11:22:00,35.77532,17.293468,146.80874184196503
968,2026-07-26T11:52:19.0000000+00:00,35.07688333,15.92566667,2026-07-26 11:52:19,35.78518,17.277956,145.6495340837804
969,2026-07-26T12:22:00.0000000+00:00,35.07895,15.93061667,2026-07-26 12:22:00,35.795563,17.260782,144.46789323185058
970,2026-07-26T12:52:00.0000000+00:00,35.08138333,15.93475,2026-07-26 12:52:00,35.8076,17.246174,143.64316617081602
971,2026-07-26T13:22:00.0000000+00:00,35.084,15.93823333,2026-07-26 13:22:00,35.821342,17.23467,143.21751283470704
972,2026-07-26T13:52:01.0000000+00:00,35.0871,15.94053333,2026-07-26 13:52:01,35.835754,17.2242,142.98873281106358
973,2026-07-26T14:22:00.0000000+00:00,35.09078333,15.9424,2026-07-26 14:22:00,35.850628,17.21451,142.86065688443588
974,2026-07-26T14:52:00.0000000+00:00,35.09493333,15.9439,2026-07-26 14:52:00,35.86583,17.205935,142.84882112316174
975,2026-07-26T15:22:00.0000000+00:00,35.09966667,15.94506667,2026-07-26 15:22:00,35.881336,17.198698,142.95471145037152
976,2026-07-26T15:52:00.0000000+00:00,35.10518333,15.94648333,2026-07-26 15:52:00,35.897205,17.192322,143.0889854427449
977,2026-07-26T16:22:00.0000000+00:00,35.11118333,15.94888333,2026-07-26 16:22:00,35.91337,17.186792,143.21270477424383
978,2026-07-26T16:52:00.0000000+00:00,35.11753333,15.95145,2026-07-26 16:52:00,35.929764,17.182247,143.3982090123684
979,2026-07-26T17:22:00.0000000+00:00,35.12375,15.95403333,2026-07-26 17:22:00,35.946083,17.178612,143.66190255120188
980,2026-07-26T17:52:00.0000000+00:00,35.13056667,15.95708333,2026-07-26 17:52:00,35.961735,17.175974,143.88242222249738
981,2026-07-26T18:22:00.0000000+00:00,35.13763333,15.96065,2026-07-26 18:22:00,35.976463,17.174318,144.05934096210282
982,2026-07-26T18:52:00.0000000+00:00,35.14426667,15.96443333,2026-07-26 18:52:00,35.9904,17.173557,144.26376970778227
983,2026-07-26T19:22:00.0000000+00:00,35.15108333,15.9693,2026-07-26 19:22:00,36.003277,17.173822,144.37981169042504
984,2026-07-26T19:52:01.0000000+00:00,35.15838333,15.9751,2026-07-26 19:52:01,36.014297,17.176422,144.4244258309452
985,2026-07-26T20:22:00.0000000+00:00,35.16548333,15.98118333,2026-07-26 20:22:00,36.02342,17.181229,144.47768436570468
986,2026-07-26T20:52:00.0000000+00:00,35.17265,15.98735,2026-07-26 20:52:00,36.031487,17.186623,144.48359475801112
987,2026-07-26T21:22:01.0000000+00:00,35.17948333,15.99361667,2026-07-26 21:22:01,36.038685,17.191927,144.43815268272184
988,2026-07-26T21:52:00.0000000+00:00,35.18578333,16.00046667,2026-07-26 21:52:00,36.04535,17.195766,144.25451336966805
989,2026-07-26T22:22:00.0000000+00:00,35.19173333,16.00785,2026-07-26 22:22:00,36.051666,17.197802,143.91356071680852
990,2026-07-26T22:52:00.0000000+00:00,35.19776667,16.01481667,2026-07-26 22:52:00,36.05833,17.198399,143.52442347189285
991,2026-07-26T23:22:00.0000000+00:00,35.20368333,16.02178333,2026-07-26 23:22:00,36.0657,17.197704,143.11069045992036
992,2026-07-26T23:52:32.0000000+00:00,35.20976667,16.02918333,2026-07-26 23:52:32,36.07468,17.19687,142.7683374491988
993,2026-07-27T00:22:00.0000000+00:00,35.21593333,16.03668333,2026-07-27 00:22:00,36.08547,17.19594,142.5461106958755
994,2026-07-27T00:52:00.0000000+00:00,35.22251667,16.04418333,2026-07-27 00:52:00,36.09751,17.194265,142.34361499366327
995,2026-07-27T01:22:00.0000000+00:00,35.22943333,16.05203333,2026-07-27 01:22:00,36.110603,17.191833,142.1299952547058
996,2026-07-27T01:52:00.0000000+00:00,35.2357,16.05948333,2026-07-27 01:52:00,36.12351,17.189579,141.99954514855608
997,2026-07-27T02:22:00.0000000+00:00,35.2413,16.06723333,2026-07-27 02:22:00,36.13516,17.187834,141.846987317592
998,2026-07-27T02:52:00.0000000+00:00,35.24665,16.0743,2026-07-27 02:52:00,36.13911,17.187557,141.26140781945762
999,2026-07-27T03:22:00.0000000+00:00,35.25196667,16.08031667,2026-07-27 03:22:00,36.13544,17.188438,140.22920732816752
1000,2026-07-27T03:52:00.0000000+00:00,35.2572,16.08605,2026-07-27 03:52:00,36.13249,17.18632,139.0847824093239
1001,2026-07-27T04:22:31.0000000+00:00,35.26276667,16.09163333,2026-07-27 04:22:31,36.131622,17.18079,137.8652764507595
1002,2026-07-27T04:52:26.0000000+00:00,35.26773333,16.0966,2026-07-27 04:52:26,36.13122,17.173403,136.64984143388347
1003,2026-07-27T05:22:18.0000000+00:00,35.27205,16.10206667,2026-07-27 05:22:18,36.13118,17.164637,135.39396997278848
1004,2026-07-27T05:52:00.0000000+00:00,35.27643333,16.1073,2026-07-27 05:52:00,36.132694,17.155146,134.22634779917897
1005,2026-07-27T06:22:00.0000000+00:00,35.28026667,16.11241667,2026-07-27 06:22:00,36.13592,17.145193,133.21982053205704
1006,2026-07-27T06:52:23.0000000+00:00,35.28418333,16.11698333,2026-07-27 06:52:23,36.14069,17.135138,132.36366988590916
1007,2026-07-27T07:22:00.0000000+00:00,35.28768333,16.12105,2026-07-27 07:22:00,36.14699,17.125181,131.70950138111846
1008,2026-07-27T07:52:32.0000000+00:00,35.29115,16.12561667,2026-07-27 07:52:32,36.15523,17.115747,131.22645660834203
1009,2026-07-27T08:22:00.0000000+00:00,35.2948,16.12981667,2026-07-27 08:22:00,36.16537,17.106974,130.95891951744997
1010,2026-07-27T08:52:00.0000000+00:00,35.29956667,16.13378333,2026-07-27 08:52:00,36.176823,17.099037,130.78516667443697
1011,2026-07-27T09:22:00.0000000+00:00,35.30416667,16.13796667,2026-07-27 09:22:00,36.1894,17.092072,130.7773096330472
1012,2026-07-27T09:52:00.0000000+00:00,35.3083,16.14216667,2026-07-27 09:52:00,36.20296,17.086603,130.9926109247964
1013,2026-07-27T10:22:01.0000000+00:00,35.31273333,16.14713333,2026-07-27 10:22:01,36.21742,17.082813,131.32550744122642
1014,2026-07-27T10:52:00.0000000+00:00,35.31726667,16.15263333,2026-07-27 10:52:00,36.231823,17.081017,131.7419513415783
1015,2026-07-27T11:22:00.0000000+00:00,35.3216,16.15793333,2026-07-27 11:22:00,36.246243,17.080988,132.30059869156452
1016,2026-07-27T11:52:00.0000000+00:00,35.32586667,16.16328333,2026-07-27 11:52:00,36.26269,17.08123,133.06197062585997
1017,2026-07-27T12:22:19.0000000+00:00,35.33,16.16893333,2026-07-27 12:22:19,36.281235,17.081347,134.00582656997358
1018,2026-07-27T12:52:00.0000000+00:00,35.33413333,16.17416667,2026-07-27 12:52:00,36.30014,17.080544,134.96853627200198
1019,2026-07-27T13:22:00.0000000+00:00,35.33838333,16.1795,2026-07-27 13:22:00,36.318653,17.07896,135.85400380573952
1020,2026-07-27T13:52:00.0000000+00:00,35.3431,16.18475,2026-07-27 13:52:00,36.334633,17.078697,136.56073875301877
1021,2026-07-27T14:22:00.0000000+00:00,35.34798333,16.18946667,2026-07-27 14:22:00,36.34786,17.08036,137.14411189409668
1022,2026-07-27T14:52:19.0000000+00:00,35.35286667,16.19388333,2026-07-27 14:52:19,36.359856,17.08553,137.8206686128841
1023,2026-07-27T15:22:30.0000000+00:00,35.35736667,16.19908333,2026-07-27 15:22:30,36.370674,17.094057,138.56190652871027
1024,2026-07-27T15:52:00.0000000+00:00,35.36201667,16.20368333,2026-07-27 15:52:00,36.37658,17.103456,138.9242080621753
1025,2026-07-27T16:22:19.0000000+00:00,35.3671,16.20833333,2026-07-27 16:22:19,36.378098,17.112938,138.85544651111732
1026,2026-07-27T16:52:00.0000000+00:00,35.37205,16.21285,2026-07-27 16:52:00,36.37866,17.121851,138.69243943593062
1027,2026-07-27T17:22:00.0000000+00:00,35.3771,16.21738333,2026-07-27 17:22:00,36.37834,17.129799,138.39253795233105
1028,2026-07-27T17:52:00.0000000+00:00,35.38186667,16.2221,2026-07-27 17:52:00,36.377327,17.13668,137.99116466445653
1029,2026-07-27T18:22:00.0000000+00:00,35.38705,16.22681667,2026-07-27 18:22:00,36.3758,17.142378,137.4453179297707
1030,2026-07-27T18:52:00.0000000+00:00,35.39246667,16.23133333,2026-07-27 18:52:00,36.374012,17.146935,136.80620640050867
1031,2026-07-27T19:22:00.0000000+00:00,35.39771667,16.23556667,2026-07-27 19:22:00,36.37213,17.150478,136.13579005490604
1032,2026-07-27T19:52:04.0000000+00:00,35.39928333,16.24111667,2026-07-27 19:52:04,36.36995,17.154144,135.70152044421104
1033,2026-07-27T20:22:25.0000000+00:00,35.39825,16.24716667,2026-07-27 20:22:25,36.366745,17.158499,135.41834866186394
1034,2026-07-27T20:52:01.0000000+00:00,35.39653333,16.25293333,2026-07-27 20:52:01,36.362564,17.16156,135.05462538791815
1035,2026-07-27T21:22:00.0000000+00:00,35.39425,16.25811667,2026-07-27 21:22:00,36.357655,17.162928,134.61607299898975
1036,2026-07-27T21:52:00.0000000+00:00,35.39205,16.26288333,2026-07-27 21:52:00,36.353527,17.160835,134.07394378773552
1037,2026-07-27T22:22:00.0000000+00:00,35.38971667,16.26703333,2026-07-27 22:22:00,36.350346,17.155617,133.49235975647906
1038,2026-07-27T22:52:31.0000000+00:00,35.38796667,16.27025,2026-07-27 22:52:31,36.347485,17.151527,133.00075004811353
1039,2026-07-27T23:22:00.0000000+00:00,35.38678333,16.27236667,2026-07-27 23:22:00,36.344925,17.149273,132.64431272960007
1040,2026-07-27T23:52:00.0000000+00:00,35.38538333,16.2745,2026-07-27 23:52:00,36.3432,17.14819,132.4436978882355
1041,2026-07-28T00:22:00.0000000+00:00,35.38446667,16.27603333,2026-07-28 00:22:00,36.342243,17.147863,132.3408733235762
1042,2026-07-28T00:52:00.0000000+00:00,35.38416667,16.27728333,2026-07-28 00:52:00,36.341217,17.146091,132.11495395655598
1043,2026-07-28T01:22:25.0000000+00:00,35.38418333,16.27771667,2026-07-28 01:22:25,36.34033,17.142572,131.82331868369505
1044,2026-07-28T01:52:01.0000000+00:00,35.38495,16.27771667,2026-07-28 01:52:01,36.341908,17.137846,131.64418061613583
1045,2026-07-28T02:22:00.0000000+00:00,35.38603333,16.27811667,2026-07-28 02:22:00,36.345985,17.132011,131.5826641349974
1046,2026-07-28T02:52:00.0000000+00:00,35.38775,16.27831667,2026-07-28 02:52:00,36.34991,17.124962,131.40018767846158
1047,2026-07-28T03:22:00.0000000+00:00,35.38926667,16.27816667,2026-07-28 03:22:00,36.35341,17.116995,131.17112283458314
1048,2026-07-28T03:52:50.0000000+00:00,35.39091667,16.27715,2026-07-28 03:52:50,36.35749,17.110039,131.08346284024967
1049,2026-07-28T04:22:01.0000000+00:00,35.39286667,16.27566667,2026-07-28 04:22:01,36.36228,17.104685,131.14183588665523
1050,2026-07-28T04:52:00.0000000+00:00,35.39508333,16.27386667,2026-07-28 04:52:00,36.367115,17.102053,131.33655364729105
1051,2026-07-28T05:22:01.0000000+00:00,35.39733333,16.27225,2026-07-28 05:22:01,36.371773,17.101946,131.63230710111313
1052,2026-07-28T05:52:19.0000000+00:00,35.39961667,16.27126667,2026-07-28 05:52:19,36.375957,17.102528,131.88488424712602
1053,2026-07-28T06:22:00.0000000+00:00,35.40183333,16.27001667,2026-07-28 06:22:00,36.380375,17.103554,132.20080757578157
1054,2026-07-28T06:52:00.0000000+00:00,35.40486667,16.26843333,2026-07-28 06:52:00,36.38498,17.105082,132.50169818663414
1055,2026-07-28T07:22:01.0000000+00:00,35.40858333,16.26713333,2026-07-28 07:22:01,36.38972,17.107193,132.76816606247922
1056,2026-07-28T07:52:00.0000000+00:00,35.4126,16.26583333,2026-07-28 07:52:00,36.394516,17.109966,133.04615437621405
1057,2026-07-28T08:22:01.0000000+00:00,35.41766667,16.26441667,2026-07-28 08:22:01,36.399254,17.11344,133.26562635275215
1058,2026-07-28T08:52:00.0000000+00:00,35.42335,16.26358333,2026-07-28 08:52:00,36.4038,17.117624,133.4194145442617
1059,2026-07-28T09:22:00.0000000+00:00,35.4292,16.26351667,2026-07-28 09:22:00,36.408035,17.122478,133.52607700438517
1060,2026-07-28T09:52:00.0000000+00:00,35.43508333,16.26353333,2026-07-28 09:52:00,36.411842,17.127901,133.61794349513116
1061,2026-07-28T10:22:00.0000000+00:00,35.44085,16.26391667,2026-07-28 10:22:00,36.41516,17.13378,133.68345255092757
1062,2026-07-28T10:52:00.0000000+00:00,35.4465,16.26446667,2026-07-28 10:52:00,36.417934,17.139988,133.72157152775648
1063,2026-07-28T11:22:00.0000000+00:00,35.4522,16.26561667,2026-07-28 11:22:00,36.420113,17.146376,133.68234746554663
1064,2026-07-28T11:52:00.0000000+00:00,35.45766667,16.26751667,2026-07-28 11:52:00,36.42168,17.152796,133.57384800174822
1065,2026-07-28T12:22:00.0000000+00:00,35.46285,16.27063333,2026-07-28 12:22:00,36.422653,17.159111,133.3690548562689
1066,2026-07-28T12:52:03.0000000+00:00,35.46695,16.27498333,2026-07-28 12:52:03,36.42305,17.165218,133.1335458789857
1067,2026-07-28T13:22:00.0000000+00:00,35.46903333,16.2799,2026-07-28 13:22:00,36.42289,17.171026,132.98215834162806
1068,2026-07-28T13:52:00.0000000+00:00,35.4709,16.28305,2026-07-28 13:52:00,36.422215,17.17651,132.88347975459152
1069,2026-07-28T14:22:24.0000000+00:00,35.47246667,16.28756667,2026-07-28 14:22:24,36.421078,17.181622,132.67687038325658
1070,2026-07-28T14:52:00.0000000+00:00,35.47288333,16.292,2026-07-28 14:52:00,36.419533,17.186298,132.5170190277697
1071,2026-07-28T15:22:24.0000000+00:00,35.47211667,16.29628333,2026-07-28 15:22:24,36.417645,17.190462,132.4122848406637
1072,2026-07-28T15:52:19.0000000+00:00,35.47085,16.29881667,2026-07-28 15:52:19,36.415466,17.194014,132.38861639119244
1073,2026-07-28T16:22:55.0000000+00:00,35.4698,16.30033333,2026-07-28 16:22:55,36.41307,17.196846,132.34328053419443
1074,2026-07-28T16:52:25.0000000+00:00,35.46856667,16.3018,2026-07-28 16:52:25,36.41054,17.198862,132.2603887865132
1075,2026-07-28T17:22:00.0000000+00:00,35.46646667,16.30311667,2026-07-28 17:22:00,36.40797,17.199982,132.20981937945825
1076,2026-07-28T17:52:19.0000000+00:00,35.46365,16.30408333,2026-07-28 17:52:19,36.40544,17.200165,132.19359160848973
1077,2026-07-28T18:22:25.0000000+00:00,35.46095,16.30481667,2026-07-28 18:22:25,36.403023,17.199394,132.1374890543185
1078,2026-07-28T18:52:00.0000000+00:00,35.45851667,16.30496667,2026-07-28 18:52:00,36.40082,17.197666,132.05627313641523
1079,2026-07-28T19:22:00.0000000+00:00,35.45605,16.30423333,2026-07-28 19:22:00,36.39894,17.195078,132.00796338232306
1080,2026-07-28T19:52:00.0000000+00:00,35.45376667,16.30251667,2026-07-28 19:52:00,36.39748,17.19179,131.9957777695422
1081,2026-07-28T20:22:19.0000000+00:00,35.45161667,16.30003333,2026-07-28 20:22:19,36.3965,17.187956,132.02652271432552
1082,2026-07-28T20:52:00.0000000+00:00,35.44975,16.29648333,2026-07-28 20:52:00,36.39604,17.183678,132.11224021063626
1083,2026-07-28T21:22:00.0000000+00:00,35.4478,16.29241667,2026-07-28 21:22:00,36.39614,17.179045,132.26357324065728
1084,2026-07-28T21:52:00.0000000+00:00,35.44656667,16.28771667,2026-07-28 21:52:00,36.39685,17.17418,132.4268578114792
1085,2026-07-28T22:22:01.0000000+00:00,35.44563333,16.28241667,2026-07-28 22:22:01,36.398193,17.169287,132.65111468736984
1086,2026-07-28T22:52:00.0000000+00:00,35.4452,16.27695,2026-07-28 22:52:00,36.40019,17.164465,132.90117644480964
1087,2026-07-28T23:22:02.0000000+00:00,35.44505,16.27135,2026-07-28 23:22:02,36.40287,17.159653,133.19464808225615
1088,2026-07-28T23:52:00.0000000+00:00,35.44523333,16.26613333,2026-07-28 23:52:00,36.406258,17.155,133.5090612209084
1089,2026-07-29T00:22:01.0000000+00:00,35.44578333,16.26103333,2026-07-29 00:22:01,36.410343,17.150694,133.86516614754316
1090,2026-07-29T00:52:00.0000000+00:00,35.44711667,16.2553,2026-07-29 00:52:00,36.415085,17.146965,134.27512513387364
1091,2026-07-29T01:22:00.0000000+00:00,35.44926667,16.2497,2026-07-29 01:22:00,36.420403,17.144144,134.7047497575915
1092,2026-07-29T01:52:00.0000000+00:00,35.4525,16.24401667,2026-07-29 01:52:00,36.42621,17.142319,135.13894576057234
1093,2026-07-29T02:22:00.0000000+00:00,35.45625,16.23856667,2026-07-29 02:22:00,36.432354,17.141603,135.60462473979135
1094,2026-07-29T02:52:00.0000000+00:00,35.46038333,16.23351667,2026-07-29 02:52:00,36.4387,17.141994,136.09205317336318
1095,2026-07-29T03:22:00.0000000+00:00,35.46488333,16.2289,2026-07-29 03:22:00,36.445072,17.143463,136.5845545971041
1096,2026-07-29T03:52:00.0000000+00:00,35.46896667,16.22511667,2026-07-29 03:52:00,36.451256,17.145935,137.10714596393495
1097,2026-07-29T04:22:01.0000000+00:00,35.47338333,16.22208333,2026-07-29 04:22:01,36.457077,17.149302,137.57709245901512
1098,2026-07-29T04:52:03.0000000+00:00,35.47868333,16.21918333,2026-07-29 04:52:03,36.462383,17.15342,137.95820134158652
1099,2026-07-29T05:22:01.0000000+00:00,35.48471667,16.21666667,2026-07-29 05:22:01,36.467052,17.158113,138.2311087920923
1100,2026-07-29T05:52:00.0000000+00:00,35.4906,16.21473333,2026-07-29 05:52:00,36.470997,17.163197,138.44584891457876
1101,2026-07-29T06:22:00.0000000+00:00,35.49611667,16.21333333,2026-07-29 06:22:00,36.474148,17.168474,138.6074394841048
1102,2026-07-29T06:52:23.0000000+00:00,35.50151667,16.21255,2026-07-29 06:52:23,36.47647,17.173786,138.67810130661778
1103,2026-07-29T07:22:31.0000000+00:00,35.50735,16.2124,2026-07-29 07:22:31,36.477978,17.17896,138.599760784914
1104,2026-07-29T07:52:19.0000000+00:00,35.5129,16.21298333,2026-07-29 07:52:19,36.47872,17.183802,138.42322922672284
1105,2026-07-29T08:22:00.0000000+00:00,35.51803333,16.21335,2026-07-29 08:22:00,36.478767,17.188211,138.21340229721528
1106,2026-07-29T08:52:01.0000000+00:00,35.52296667,16.21375,2026-07-29 08:52:01,36.478207,17.192144,137.94280897679613
1107,2026-07-29T09:22:00.0000000+00:00,35.52758333,16.2141,2026-07-29 09:22:00,36.477142,17.195562,137.6325249552521
1108,2026-07-29T09:52:00.0000000+00:00,35.53206667,16.21471667,2026-07-29 09:52:00,36.4757,17.198473,137.25959773509098
1109,2026-07-29T10:22:00.0000000+00:00,35.53606667,16.21591667,2026-07-29 10:22:00,36.47401,17.200758,136.83882486234387
1110,2026-07-29T10:52:00.0000000+00:00,35.53983333,16.21675,2026-07-29 10:52:00,36.47223,17.202269,136.4083048659849
1111,2026-07-29T11:22:00.0000000+00:00,35.54355,16.21793333,2026-07-29 11:22:00,36.470467,17.203123,135.925816132848
1112,2026-07-29T11:52:00.0000000+00:00,35.54645,16.21926667,2026-07-29 11:52:00,36.468822,17.203405,135.48074712281752
1113,2026-07-29T12:22:01.0000000+00:00,35.54935,16.22056667,2026-07-29 12:22:01,36.46738,17.203165,135.024411415282
1114,2026-07-29T12:52:00.0000000+00:00,35.55178333,16.22146667,2026-07-29 12:52:00,36.466236,17.202438,134.62748620702564
1115,2026-07-29T13:22:00.0000000+00:00,35.55381667,16.22218333,2026-07-29 13:22:00,36.46545,17.201265,134.27892707337514
1116,2026-07-29T13:52:00.0000000+00:00,35.55565,16.22295,2026-07-29 13:52:00,36.465088,17.199705,133.95693044624207
1117,2026-07-29T14:22:03.0000000+00:00,35.55661667,16.22355,2026-07-29 14:22:03,36.46519,17.197824,133.73765069758448
1118,2026-07-29T14:52:00.0000000+00:00,35.55706667,16.22365,2026-07-29 14:52:00,36.46579,17.195694,133.61838937737198
1119,2026-07-29T15:22:08.0000000+00:00,35.55725,16.22298333,2026-07-29 15:22:08,36.466896,17.19339,133.5992398955618
1120,2026-07-29T15:52:22.0000000+00:00,35.55718333,16.22116667,2026-07-29 15:52:22,36.4685,17.190994,133.70520427963044
1121,2026-07-29T16:22:31.0000000+00:00,35.55611667,16.21908333,2026-07-29 16:22:31,36.470577,17.188604,133.95229547585473
1122,2026-07-29T16:52:01.0000000+00:00,35.55515,16.21701667,2026-07-29 16:52:01,36.47309,17.186316,134.23268493519183
1123,2026-07-29T17:22:01.0000000+00:00,35.55438333,16.21466667,2026-07-29 17:22:01,36.475986,17.184223,134.5569063535886
1124,2026-07-29T17:52:00.0000000+00:00,35.55341667,16.21178333,2026-07-29 17:52:00,36.47919,17.182419,134.97227942193166
1125,2026-07-29T18:22:00.0000000+00:00,35.5531,16.20848333,2026-07-29 18:22:00,36.482647,17.180983,135.39959312791666
1126,2026-07-29T18:52:00.0000000+00:00,35.55273333,16.20508333,2026-07-29 18:52:00,36.486286,17.180006,135.87937715570436
1127,2026-07-29T19:22:00.0000000+00:00,35.5526,16.20116667,2026-07-29 19:22:00,36.49006,17.179583,136.41266363023547
1128,2026-07-29T19:52:00.0000000+00:00,35.55318333,16.19688333,2026-07-29 19:52:00,36.493862,17.179838,136.9478204042765
1129,2026-07-29T20:22:00.0000000+00:00,35.55393333,16.19268333,2026-07-29 20:22:00,36.49767,17.180647,137.4966780438183
1130,2026-07-29T20:52:19.0000000+00:00,35.5553,16.18768333,2026-07-29 20:52:19,36.501457,17.181944,138.06628169542853
1131,2026-07-29T21:22:00.0000000+00:00,35.55648333,16.18275,2026-07-29 21:22:00,36.505157,17.18369,138.6670336567403
1132,2026-07-29T21:52:00.0000000+00:00,35.55705,16.17721667,2026-07-29 21:52:00,36.508717,17.185825,139.36651972116826
1133,2026-07-29T22:22:00.0000000+00:00,35.55778333,16.17165,2026-07-29 22:22:00,36.51206,17.188318,140.05710893051702
1134,2026-07-29T22:52:00.0000000+00:00,35.55883333,16.16588333,2026-07-29 22:52:00,36.51513,17.191132,140.73024836514574
1135,2026-07-29T23:22:25.0000000+00:00,35.55958333,16.1605,2026-07-29 23:22:25,36.517944,17.194202,141.40078839831975
1136,2026-07-29T23:52:00.0000000+00:00,35.56025,16.15476667,2026-07-29 23:52:00,36.520493,17.197496,142.09141963275835
1137,2026-07-30T00:22:00.0000000+00:00,35.56146667,16.14848333,2026-07-30 00:22:00,36.522755,17.200993,142.75865319739074
1138,2026-07-30T00:52:00.0000000+00:00,35.56285,16.14241667,2026-07-30 00:52:00,36.524708,17.204657,143.385899635465
1139,2026-07-30T01:22:00.0000000+00:00,35.56441667,16.13646667,2026-07-30 01:22:00,36.52631,17.208466,143.9733820240543
1140,2026-07-30T01:52:01.0000000+00:00,35.56673333,16.1306,2026-07-30 01:52:01,36.52757,17.212412,144.47704047619135
1141,2026-07-30T02:22:01.0000000+00:00,35.56966667,16.12496667,2026-07-30 02:22:01,36.528442,17.216473,144.89498137709742
1142,2026-07-30T02:52:00.0000000+00:00,35.57281667,16.12005,2026-07-30 02:52:00,36.528896,17.220598,145.2255923976957
1143,2026-07-30T03:22:01.0000000+00:00,35.57638333,16.11563333,2026-07-30 03:22:01,36.528904,17.22472,145.45959864738757
1144,2026-07-30T03:52:00.0000000+00:00,35.58043333,16.11206667,2026-07-30 03:52:00,36.52846,17.228746,145.56444971924154
1145,2026-07-30T04:22:00.0000000+00:00,35.58408333,16.10958333,2026-07-30 04:22:00,36.52759,17.232597,145.59418179544764
1146,2026-07-30T04:52:00.0000000+00:00,35.58728333,16.10753333,2026-07-30 04:52:00,36.526344,17.236189,145.5903504023596
1147,2026-07-30T05:22:17.0000000+00:00,35.58986667,16.10548333,2026-07-30 05:22:17,36.52479,17.239445,145.5938541425787
1148,2026-07-30T05:52:00.0000000+00:00,35.5925,16.10373333,2026-07-30 05:52:00,36.523037,17.24229,145.53557575340056
1149,2026-07-30T06:22:00.0000000+00:00,35.59491667,16.10263333,2026-07-30 06:22:00,36.521194,17.24468,145.42046533074046
1150,2026-07-30T06:53:01.0000000+00:00,35.59713333,16.10226667,2026-07-30 06:53:01,36.519367,17.246601,145.24773367053646
1151,2026-07-30T07:22:01.0000000+00:00,35.59905,16.10203333,2026-07-30 07:22:01,36.51767,17.24802,145.06936833510727
1152,2026-07-30T07:52:00.0000000+00:00,35.60095,16.10236667,2026-07-30 07:52:00,36.516193,17.248953,144.84346909739438
1153,2026-07-30T08:22:00.0000000+00:00,35.6021,16.10288333,2026-07-30 08:22:00,36.51501,17.24942,144.65832218414153
1154,2026-07-30T08:52:00.0000000+00:00,35.6029,16.10388333,2026-07-30 08:52:00,36.514164,17.249462,144.4684449751202
1155,2026-07-30T09:22:00.0000000+00:00,35.60336667,16.10468333,2026-07-30 09:22:00,36.513683,17.249115,144.3210407360724
1156,2026-07-30T09:52:00.0000000+00:00,35.6031,16.10505,2026-07-30 09:52:00,36.513535,17.248377,144.25984102952614
1157,2026-07-30T10:22:00.0000000+00:00,35.60185,16.10521667,2026-07-30 10:22:00,36.513706,17.247297,144.29143668101847
1158,2026-07-30T10:52:00.0000000+00:00,35.5996,16.10418333,2026-07-30 10:52:00,36.51419,17.245975,144.48769584890434
1159,2026-07-30T11:22:00.0000000+00:00,35.59691667,16.10295,2026-07-30 11:22:00,36.51498,17.244516,144.74623574026216
1160,2026-07-30T11:52:00.0000000+00:00,35.59418333,16.10068333,2026-07-30 11:52:00,36.516045,17.243023,145.09435001575795
1161,2026-07-30T12:22:00.0000000+00:00,35.59165,16.09746667,2026-07-30 12:22:00,36.51735,17.241592,145.51012475683524
1162,2026-07-30T12:52:00.0000000+00:00,35.58903333,16.09373333,2026-07-30 12:52:00,36.518856,17.2403,145.9900822743188
1163,2026-07-30T13:22:03.0000000+00:00,35.5864,16.08946667,2026-07-30 13:22:03,36.520508,17.239191,146.52856849561456
1164,2026-07-30T13:52:19.0000000+00:00,35.58391667,16.08393333,2026-07-30 13:52:19,36.522255,17.238312,147.15727967121362
1165,2026-07-30T14:22:55.0000000+00:00,35.5819,16.07806667,2026-07-30 14:22:55,36.52405,17.237682,147.78994197776768
1166,2026-07-30T14:52:00.0000000+00:00,35.57908333,16.07228333,2026-07-30 14:52:00,36.525856,17.237322,148.49866479270685
1167,2026-07-30T15:22:32.0000000+00:00,35.57608333,16.06536667,2026-07-30 15:22:32,36.527637,17.23723,149.3087602697502
1168,2026-07-30T15:52:00.0000000+00:00,35.5742,16.05905,2026-07-30 15:52:00,36.52932,17.237383,150.00024872106096
1169,2026-07-30T16:22:00.0000000+00:00,35.57196667,16.05248333,2026-07-30 16:22:00,36.530865,17.237766,150.7392491393647
1170,2026-07-30T16:52:17.0000000+00:00,35.57053333,16.04648333,2026-07-30 16:52:17,36.53222,17.238365,151.37802070234392
1171,2026-07-30T17:22:00.0000000+00:00,35.57021667,16.04083333,2026-07-30 17:22:00,36.533348,17.239164,151.9016550080582
1172,2026-07-30T17:52:00.0000000+00:00,35.57075,16.0359,2026-07-30 17:52:00,36.534195,17.240149,152.3032857001548
1173,2026-07-30T18:22:01.0000000+00:00,35.57121667,16.03213333,2026-07-30 18:22:01,36.53472,17.241302,152.622173584075
1174,2026-07-30T18:52:00.0000000+00:00,35.57181667,16.02858333,2026-07-30 18:52:00,36.534885,17.24265,152.90183261761328
1175,2026-07-30T19:22:00.0000000+00:00,35.57206667,16.02563333,2026-07-30 19:22:00,36.534664,17.244183,153.1530682208509
1176,2026-07-30T19:52:01.0000000+00:00,35.57266667,16.02303333,2026-07-30 19:52:01,36.53407,17.245913,153.33882129960543
1177,2026-07-30T20:22:01.0000000+00:00,35.57268333,16.02075,2026-07-30 20:22:01,36.533215,17.247831,153.5429689384667
1178,2026-07-30T20:52:00.0000000+00:00,35.57223333,16.01893333,2026-07-30 20:52:00,36.531998,17.249748,153.72602947766174
1179,2026-07-30T21:22:00.0000000+00:00,35.5713,16.01751667,2026-07-30 21:22:00,36.53043,17.251553,153.88688145961282
1180,2026-07-30T21:52:01.0000000+00:00,35.57015,16.01656667,2026-07-30 21:52:01,36.52865,17.253208,154.00867605236638
1181,2026-07-30T22:22:00.0000000+00:00,35.56906667,16.01641667,2026-07-30 22:22:00,36.526833,17.25464,154.05676133732683
1182,2026-07-30T22:52:00.0000000+00:00,35.5682,16.01706667,2026-07-30 22:52:00,36.525036,17.255762,154.01709250838437
1183,2026-07-30T23:22:00.0000000+00:00,35.56733333,16.01806667,2026-07-30 23:22:00,36.52337,17.256544,153.94278973980965
1184,2026-07-30T23:52:00.0000000+00:00,35.5658,16.01948333,2026-07-30 23:52:00,36.521866,17.256985,153.88323930013772
1185,2026-07-31T00:22:00.0000000+00:00,35.56413333,16.02093333,2026-07-31 00:22:00,36.520557,17.257156,153.82919489914187
1186,2026-07-31T00:52:00.0000000+00:00,35.56198333,16.023,2026-07-31 00:52:00,36.51948,17.257137,153.77809308840395
1187,2026-07-31T01:22:02.0000000+00:00,35.55938333,16.0256,2026-07-31 01:22:02,36.51865,17.256994,153.73843986525526
1188,2026-07-31T01:52:01.0000000+00:00,35.55608333,16.02826667,2026-07-31 01:52:01,36.517998,17.256765,153.75770584456842
1189,2026-07-31T02:22:19.0000000+00:00,35.55253333,16.03061667,2026-07-31 02:22:19,36.517487,17.256498,153.82624452274544
1190,2026-07-31T02:52:00.0000000+00:00,35.54883333,16.03283333,2026-07-31 02:52:00,36.517063,17.256224,153.922455979604
1191,2026-07-31T03:22:00.0000000+00:00,35.54451667,16.0346,2026-07-31 03:22:00,36.51667,17.255955,154.09972590207366
1192,2026-07-31T03:52:00.0000000+00:00,35.53985,16.03613333,2026-07-31 03:52:00,36.51625,17.255657,154.31682276816275
1193,2026-07-31T04:22:00.0000000+00:00,35.53458333,16.03706667,2026-07-31 04:22:00,36.515743,17.255322,154.61150375816024
1194,2026-07-31T04:52:00.0000000+00:00,35.52926667,16.03781667,2026-07-31 04:52:00,36.515106,17.254932,154.90975773368743
1195,2026-07-31T05:22:00.0000000+00:00,35.52453333,16.03848333,2026-07-31 05:22:00,36.514313,17.254467,155.15076476496762
1196,2026-07-31T05:52:00.0000000+00:00,35.51951667,16.03865,2026-07-31 05:52:00,36.513355,17.253893,155.42743244589653
1197,2026-07-31T06:22:00.0000000+00:00,35.51443333,16.03881667,2026-07-31 06:22:00,36.512253,17.253181,155.6899621151306
1198,2026-07-31T06:52:00.0000000+00:00,35.5094,16.03851667,2026-07-31 06:52:00,36.511032,17.252335,155.96106286260311
1199,2026-07-31T07:22:00.0000000+00:00,35.50426667,16.03798333,2026-07-31 07:22:00,36.50974,17.251337,156.2401398276043
1200,2026-07-31T07:52:00.0000000+00:00,35.4996,16.03731667,2026-07-31 07:52:00,36.50831,17.250124,156.46650748617049
1201,2026-07-31T08:22:00.0000000+00:00,35.4956,16.03633333,2026-07-31 08:22:00,36.506836,17.248695,156.64284390055232
1202,2026-07-31T08:52:00.0000000+00:00,35.4916,16.03591667,2026-07-31 08:52:00,36.5054,17.247057,156.7740156661461
1203,2026-07-31T09:22:00.0000000+00:00,35.48768333,16.0359,2026-07-31 09:22:00,36.504063,17.245218,156.8690368899359
1204,2026-07-31T09:52:00.0000000+00:00,35.48368333,16.0363,2026-07-31 09:52:00,36.502834,17.243172,156.9412225473944
1205,2026-07-31T10:22:01.0000000+00:00,35.47923333,16.03706667,2026-07-31 10:22:01,36.50153,17.240818,157.00295675444463
1206,2026-07-31T10:52:00.0000000+00:00,35.47433333,16.0382,2026-07-31 10:52:00,36.500362,17.238266,157.07866423090084
1207,2026-07-31T11:22:00.0000000+00:00,35.4691,16.0388,2026-07-31 11:22:00,36.4994,17.235584,157.22446164050947
1208,2026-07-31T11:52:00.0000000+00:00,35.46353333,16.03871667,2026-07-31 11:52:00,36.49868,17.23283,157.45636636324633
1209,2026-07-31T12:22:00.0000000+00:00,35.45798333,16.03835,2026-07-31 12:22:00,36.498207,17.230076,157.7260154020133
1210,2026-07-31T12:52:00.0000000+00:00,35.45225,16.03733333,2026-07-31 12:52:00,36.49798,17.227419,158.07811687668354
1211,2026-07-31T13:22:00.0000000+00:00,35.44638333,16.03621667,2026-07-31 13:22:00,36.497974,17.224955,158.47910701587654
1212,2026-07-31T13:52:00.0000000+00:00,35.44011667,16.03496667,2026-07-31 13:52:00,36.498165,17.222767,158.95557446877186
1213,2026-07-31T14:22:00.0000000+00:00,35.43435,16.03313333,2026-07-31 14:22:00,36.4985,17.220936,159.4609724798213
1214,2026-07-31T14:52:00.0000000+00:00,35.42891667,16.03083333,2026-07-31 14:52:00,36.498928,17.21952,160.00083391570828
1215,2026-07-31T15:22:17.0000000+00:00,35.42385,16.028,2026-07-31 15:22:17,36.499393,17.218552,160.57272340599914
1216,2026-07-31T15:52:01.0000000+00:00,35.41895,16.0253,2026-07-31 15:52:01,36.49985,17.218027,161.14927668428686
1217,2026-07-31T16:22:01.0000000+00:00,35.41426667,16.02251667,2026-07-31 16:22:01,36.50028,17.217926,161.73583117629857
1218,2026-07-31T16:52:00.0000000+00:00,35.41016667,16.0195,2026-07-31 16:52:00,36.500725,17.21824,162.31456800370643
1219,2026-07-31T17:22:00.0000000+00:00,35.40635,16.01665,2026-07-31 17:22:00,36.501156,17.218874,162.87732478083558
1220,2026-07-31T17:52:00.0000000+00:00,35.40298333,16.0143,2026-07-31 17:52:00,36.501495,17.219667,163.37449452482306
1221,2026-07-31T18:22:00.0000000+00:00,35.39946667,16.01235,2026-07-31 18:22:00,36.501797,17.220573,163.86434942463785
1222,2026-07-31T18:52:00.0000000+00:00,35.39656667,16.00998333,2026-07-31 18:52:00,36.502052,17.221453,164.32168698650545
1223,2026-07-31T19:22:00.0000000+00:00,35.39411667,16.00808333,2026-07-31 19:22:00,36.50228,17.222244,164.70623825063552
1224,2026-07-31T19:52:00.0000000+00:00,35.39168333,16.00635,2026-07-31 19:52:00,36.50254,17.222956,165.0773014857559
1225,2026-07-31T20:22:00.0000000+00:00,35.38951667,16.00496667,2026-07-31 20:22:00,36.502842,17.223564,165.40262053329613
1226,2026-07-31T20:52:00.0000000+00:00,35.38721667,16.00386667,2026-07-31 20:52:00,36.503212,17.224094,165.72299878367784
1227,2026-07-31T21:22:25.0000000+00:00,35.38455,16.00321667,2026-07-31 21:22:25,36.503654,17.224598,166.05190643016758
1228,2026-07-31T21:52:20.0000000+00:00,35.38188333,16.00265,2026-07-31 21:52:20,36.504166,17.225145,166.38391635684022
1229,2026-07-31T22:22:00.0000000+00:00,35.37945,16.00281667,2026-07-31 22:22:00,36.504734,17.225807,166.66488528776168
1230,2026-07-31T22:52:00.0000000+00:00,35.37755,16.00293333,2026-07-31 22:52:00,36.505344,17.226667,166.91912151630558
1231,2026-07-31T23:22:00.0000000+00:00,35.37568333,16.00378333,2026-07-31 23:22:00,36.505955,17.22774,167.1399855231418
1232,2026-07-31T23:52:17.0000000+00:00,35.37408333,16.00495,2026-07-31 23:52:17,36.506516,17.229038,167.3289046350815
1233,2026-08-01T00:22:00.0000000+00:00,35.37255,16.00601667,2026-08-01 00:22:00,36.506977,17.23056,167.52337174714742
1234,2026-08-01T00:52:00.0000000+00:00,35.3709,16.00728333,2026-08-01 00:52:00,36.5073,17.232275,167.71584659859218
1235,2026-08-01T01:22:00.0000000+00:00,35.36908333,16.00841667,2026-08-01 01:22:00,36.507454,17.234152,167.92569022194564
1236,2026-08-01T01:52:00.0000000+00:00,35.36673333,16.00945,2026-08-01 01:52:00,36.507385,17.236145,168.17481785033607
1237,2026-08-01T02:22:01.0000000+00:00,35.3643,16.0107,2026-08-01 02:22:01,36.507065,17.238209,168.4013861982395
1238,2026-08-01T02:52:00.0000000+00:00,35.36188333,16.0123,2026-08-01 02:52:00,36.506474,17.240286,168.58412552313098
1239,2026-08-01T03:22:00.0000000+00:00,35.35963333,16.01325,2026-08-01 03:22:00,36.505592,17.242315,168.76424887368327
1240,2026-08-01T03:52:01.0000000+00:00,35.35755,16.01411667,2026-08-01 03:52:01,36.504425,17.244228,168.90432050945023
1241,2026-08-01T04:22:00.0000000+00:00,35.35578333,16.01598333,2026-08-01 04:22:00,36.503002,17.24595,168.926348986798
1242,2026-08-01T04:52:00.0000000+00:00,35.35411667,16.0186,2026-08-01 04:52:00,36.50137,17.247408,168.861998717236
1243,2026-08-01T05:22:00.0000000+00:00,35.35246667,16.0214,2026-08-01 05:22:00,36.499584,17.248539,168.75406471172465
1244,2026-08-01T05:52:17.0000000+00:00,35.3501,16.02515,2026-08-01 05:52:17,36.497726,17.249296,168.62245537412184
1245,2026-08-01T06:22:00.0000000+00:00,35.34691667,16.02893333,2026-08-01 06:22:00,36.495853,17.249653,168.533501109147
1246,2026-08-01T06:52:31.0000000+00:00,35.34295,16.03311667,2026-08-01 06:52:31,36.494045,17.2496,168.46997288114912
1247,2026-08-01T07:22:00.0000000+00:00,35.33868333,16.03766667,2026-08-01 07:22:00,36.492336,17.249147,168.39647423836598
1248,2026-08-01T07:52:00.0000000+00:00,35.33381667,16.04208333,2026-08-01 07:52:00,36.490757,17.248318,168.3728865693061
1249,2026-08-01T08:22:00.0000000+00:00,35.32893333,16.0461,2026-08-01 08:22:00,36.489395,17.247166,168.37550188898584
1250,2026-08-01T08:52:00.0000000+00:00,35.3241,16.04961667,2026-08-01 08:52:00,36.48832,17.245764,168.4148059070653
1251,2026-08-01T09:22:00.0000000+00:00,35.3189,16.05261667,2026-08-01 09:22:00,36.48757,17.244175,168.53477670414745
1252,2026-08-01T09:52:00.0000000+00:00,35.3129,16.05475,2026-08-01 09:52:00,36.487167,17.24247,168.79849565113983
1253,2026-08-01T10:22:01.0000000+00:00,35.30655,16.05573333,2026-08-01 10:22:01,36.48701,17.240658,169.17554455628874
1254,2026-08-01T10:52:19.0000000+00:00,35.29983333,16.0562,2026-08-01 10:52:19,36.487087,17.238758,169.63098219365267
1255,2026-08-01T11:22:25.0000000+00:00,35.29323333,16.05645,2026-08-01 11:22:25,36.48743,17.236813,170.1116254786128
1256,2026-08-01T11:52:00.0000000+00:00,35.28715,16.05533333,2026-08-01 11:52:00,36.48804,17.234844,170.64779378406834
1257,2026-08-01T12:22:00.0000000+00:00,35.2817,16.05318333,2026-08-01 12:22:00,36.48892,17.23286,171.21016919436943
1258,2026-08-01T12:52:00.0000000+00:00,35.27708333,16.05098333,2026-08-01 12:52:00,36.490036,17.230856,171.72278878689696
1259,2026-08-01T13:22:01.0000000+00:00,35.27351667,16.04906667,2026-08-01 13:22:01,36.491386,17.228825,172.14690379372922
1260,2026-08-01T13:52:19.0000000+00:00,35.27068333,16.04798333,2026-08-01 13:52:19,36.49297,17.226772,172.48034404830867
1261,2026-08-01T14:22:00.0000000+00:00,35.26863333,16.04728333,2026-08-01 14:22:00,36.494797,17.22472,172.74548729027805
1262,2026-08-01T14:52:00.0000000+00:00,35.26658333,16.0472,2026-08-01 14:52:00,36.49687,17.222717,173.0013185503256
1263,2026-08-01T15:22:00.0000000+00:00,35.26515,16.04721667,2026-08-01 15:22:00,36.499172,17.220837,173.22550647054103
1264,2026-08-01T15:52:00.0000000+00:00,35.26408333,16.04778333,2026-08-01 15:52:00,36.501686,17.219177,173.4182957669317
1265,2026-08-01T16:22:00.0000000+00:00,35.26343333,16.04901667,2026-08-01 16:22:00,36.50436,17.21785,173.57090521525876
1266,2026-08-01T16:52:00.0000000+00:00,35.26298333,16.05076667,2026-08-01 16:52:00,36.507137,17.216965,173.71166732168203
1267,2026-08-01T17:22:00.0000000+00:00,35.26283333,16.05293333,2026-08-01 17:22:00,36.509956,17.216625,173.83753506663592
1268,2026-08-01T17:52:00.0000000+00:00,35.26278333,16.05573333,2026-08-01 17:52:00,36.51273,17.21692,173.9511892174272
1269,2026-08-01T18:22:00.0000000+00:00,35.26215,16.05975,2026-08-01 18:22:00,36.515385,17.217922,174.07957080153324
1270,2026-08-01T18:52:01.0000000+00:00,35.2621,16.06396667,2026-08-01 18:52:01,36.517838,17.219671,174.16881978303192
1271,2026-08-01T19:22:00.0000000+00:00,35.26123333,16.06916667,2026-08-01 19:22:00,36.52001,17.222185,174.29498386672984
1272,2026-08-01T19:52:01.0000000+00:00,35.26065,16.07478333,2026-08-01 19:52:01,36.52182,17.225447,174.38210015252713
1273,2026-08-01T20:22:00.0000000+00:00,35.25968333,16.08133333,2026-08-01 20:22:00,36.5232,17.229414,174.45376694171904
1274,2026-08-01T20:52:00.0000000+00:00,35.25853333,16.08801667,2026-08-01 20:52:00,36.524086,17.234022,174.52550322463975
1275,2026-08-01T21:22:20.0000000+00:00,35.2575,16.09468333,2026-08-01 21:22:20,36.524387,17.239141,174.56334462885053
1276,2026-08-01T21:52:00.0000000+00:00,35.25648333,16.10168333,2026-08-01 21:52:00,36.524006,17.244541,174.53570556308668
1277,2026-08-01T22:22:00.0000000+00:00,35.25563333,16.11008333,2026-08-01 22:22:00,36.52293,17.250027,174.3614777217672
1278,2026-08-01T22:52:00.0000000+00:00,35.2546,16.11885,2026-08-01 22:52:00,36.521175,17.255377,174.11650668360718
1279,2026-08-01T23:22:00.0000000+00:00,35.25308333,16.12773333,2026-08-01 23:22:00,36.518806,17.260351,173.83431562362367
1280,2026-08-01T23:52:00.0000000+00:00,35.25105,16.13678333,2026-08-01 23:52:00,36.51593,17.264763,173.51536903451122
1281,2026-08-02T00:22:01.0000000+00:00,35.24935,16.14596667,2026-08-02 00:22:01,36.5127,17.268505,173.0924031341485
1282,2026-08-02T00:52:00.0000000+00:00,35.24768333,16.1548,2026-08-02 00:52:00,36.509327,17.271631,172.64040218554334
1283,2026-08-02T01:22:00.0000000+00:00,35.24628333,16.16383333,2026-08-02 01:22:00,36.505924,17.273933,172.10795490668147
1284,2026-08-02T01:52:01.0000000+00:00,35.24548333,16.17371667,2026-08-02 01:52:01,36.50263,17.275356,171.44135817662732
1285,2026-08-02T02:22:00.0000000+00:00,35.24481667,16.1831,2026-08-02 02:22:00,36.49957,17.275904,170.76550173823705
1286,2026-08-02T02:52:00.0000000+00:00,35.24431667,16.19173333,2026-08-02 02:52:00,36.496838,17.27562,170.10142453651682
1287,2026-08-02T03:22:00.0000000+00:00,35.24411667,16.19956667,2026-08-02 03:22:00,36.49452,17.27459,169.45173259927478
1288,2026-08-02T03:52:00.0000000+00:00,35.24396667,16.20733333,2026-08-02 03:52:00,36.492664,17.272903,168.8110561804338
1289,2026-08-02T04:22:00.0000000+00:00,35.2443,16.215,2026-08-02 04:22:00,36.491314,17.270666,168.15120098577557
1290,2026-08-02T04:52:00.0000000+00:00,35.24503333,16.22265,2026-08-02 04:52:00,36.49051,17.26799,167.4851299959263
1291,2026-08-02T05:22:00.0000000+00:00,35.24633333,16.2306,2026-08-02 05:22:00,36.490246,17.264975,166.78699585040553
1292,2026-08-02T05:52:00.0000000+00:00,35.24841667,16.23775,2026-08-02 05:52:00,36.49053,17.261726,166.09807206483882
1293,2026-08-02T06:22:01.0000000+00:00,35.25131667,16.24451667,2026-08-02 06:22:01,36.491337,17.258356,165.3974334140512
1294,2026-08-02T06:52:00.0000000+00:00,35.25491667,16.2514,2026-08-02 06:52:00,36.492672,17.255,164.67759741686632
1295,2026-08-02T07:22:00.0000000+00:00,35.25811667,16.25908333,2026-08-02 07:22:00,36.494507,17.251783,164.01159327391474
1296,2026-08-02T07:52:00.0000000+00:00,35.26148333,16.2676,2026-08-02 07:52:00,36.496822,17.24884,163.3508237328455
1297,2026-08-02T08:22:00.0000000+00:00,35.26523333,16.27621667,2026-08-02 08:22:00,36.49959,17.246323,162.71630292429666
1298,2026-08-02T08:52:00.0000000+00:00,35.26905,16.28538333,2026-08-02 08:52:00,36.502792,17.244379,162.1207925545187
1299,2026-08-02T09:22:00.0000000+00:00,35.27416667,16.29568333,2026-08-02 09:22:00,36.506382,17.243143,161.42275429411862
1300,2026-08-02T09:52:00.0000000+00:00,35.27943333,16.30781667,2026-08-02 09:52:00,36.510277,17.24272,160.69536343092864
1301,2026-08-02T10:22:00.0000000+00:00,35.28506667,16.32006667,2026-08-02 10:22:00,36.514404,17.243217,159.99720527338968
1302,2026-08-02T10:52:00.0000000+00:00,35.29095,16.33303333,2026-08-02 10:52:00,36.518654,17.244722,159.3049490202416
1303,2026-08-02T11:22:31.0000000+00:00,35.29653333,16.34645,2026-08-02 11:22:31,36.5229,17.247288,158.67301054086315
1304,2026-08-02T11:52:00.0000000+00:00,35.30113333,16.36003333,2026-08-02 11:52:00,36.52698,17.250933,158.1652640122664
1305,2026-08-02T12:22:00.0000000+00:00,35.30543333,16.37308333,2026-08-02 12:22:00,36.530727,17.255608,157.72885524393573
1306,2026-08-02T12:52:00.0000000+00:00,35.30913333,16.38516667,2026-08-02 12:52:00,36.533978,17.261206,157.39055620349313
1307,2026-08-02T13:22:00.0000000+00:00,35.31243333,16.39663333,2026-08-02 13:22:00,36.536587,17.26758,157.09321901790327
1308,2026-08-02T13:52:00.0000000+00:00,35.31553333,16.40731667,2026-08-02 13:52:00,36.538445,17.274565,156.80619284912433
1309,2026-08-02T14:22:00.0000000+00:00,35.31815,16.41846667,2026-08-02 14:22:00,36.53947,17.281967,156.4838816651948
1310,2026-08-02T14:52:00.0000000+00:00,35.3207,16.42975,2026-08-02 14:52:00,36.539623,17.289585,156.0881543631225
1311,2026-08-02T15:22:00.0000000+00:00,35.32338333,16.44075,2026-08-02 15:22:00,36.538918,17.297188,155.60862962150964
1312,2026-08-02T15:52:00.0000000+00:00,35.3259,16.45238333,2026-08-02 15:52:00,36.53744,17.304491,155.0296970062961
1313,2026-08-02T16:22:00.0000000+00:00,35.32875,16.46406667,2026-08-02 16:22:00,36.5353,17.311283,154.32940295434832
1314,2026-08-02T16:52:00.0000000+00:00,35.33116667,16.4757,2026-08-02 16:52:00,36.532623,17.317373,153.59043684227183
1315,2026-08-02T17:22:17.0000000+00:00,35.33351667,16.48666667,2026-08-02 17:22:17,36.52954,17.322603,152.8106658690374
1316,2026-08-02T17:52:00.0000000+00:00,35.33595,16.4968,2026-08-02 17:52:00,36.526188,17.326843,151.98961353173664
1317,2026-08-02T18:22:00.0000000+00:00,35.3376,16.50605,2026-08-02 18:22:00,36.522705,17.33002,151.22433029056626
1318,2026-08-02T18:52:00.0000000+00:00,35.33928333,16.51481667,2026-08-02 18:52:00,36.519215,17.332119,150.42914245770672
1319,2026-08-02T19:22:02.0000000+00:00,35.34115,16.5242,2026-08-02 19:22:02,36.515827,17.333214,149.55529534822418
1320,2026-08-02T19:52:00.0000000+00:00,35.34288333,16.5332,2026-08-02 19:52:00,36.512634,17.333458,148.69384304017836
1321,2026-08-02T20:22:00.0000000+00:00,35.34496667,16.54115,2026-08-02 20:22:00,36.509705,17.333048,147.84216993796935
1322,2026-08-02T20:52:00.0000000+00:00,35.34716667,16.54896667,2026-08-02 20:52:00,36.507107,17.332205,146.9993839543993
1323,2026-08-02T21:22:00.0000000+00:00,35.34915,16.55651667,2026-08-02 21:22:00,36.504887,17.331139,146.217943667901
1324,2026-08-02T21:52:19.0000000+00:00,35.35123333,16.56388333,2026-08-02 21:52:19,36.503075,17.330008,145.4731511477034
1325,2026-08-02T22:22:00.0000000+00:00,35.35351667,16.57028333,2026-08-02 22:22:00,36.501682,17.32891,144.79354500588624
1326,2026-08-02T22:52:00.0000000+00:00,35.35601667,16.57671667,2026-08-02 22:52:00,36.500698,17.327896,144.13595722439703
1327,2026-08-02T23:22:00.0000000+00:00,35.35866667,16.58285,2026-08-02 23:22:00,36.500122,17.326967,143.52084426618794
1328,2026-08-02T23:52:00.0000000+00:00,35.3613,16.58813333,2026-08-02 23:52:00,36.49994,17.32611,142.98595407683672
1329,2026-08-03T00:22:00.0000000+00:00,35.36426667,16.59308333,2026-08-03 00:22:00,36.50015,17.325314,142.47365459133252
1330,2026-08-03T00:53:20.0000000+00:00,35.36778333,16.59858333,2026-08-03 00:53:20,36.500744,17.324575,141.92537314946307
1331,2026-08-03T01:22:00.0000000+00:00,35.37143333,16.60366667,2026-08-03 01:22:00,36.501736,17.323921,141.4248260168245
1332,2026-08-03T01:52:00.0000000+00:00,35.37535,16.60843333,2026-08-03 01:52:00,36.503124,17.323383,140.95517628335486
1333,2026-08-03T02:22:00.0000000+00:00,35.37946667,16.61263333,2026-08-03 02:22:00,36.50488,17.323038,140.5338916447337
1334,2026-08-03T02:52:00.0000000+00:00,35.38366667,16.61691667,2026-08-03 02:52:00,36.506927,17.322952,140.14102696421216
1335,2026-08-03T03:22:00.0000000+00:00,35.38835,16.62226667,2026-08-03 03:22:00,36.509193,17.323235,139.69342447579334
1336,2026-08-03T03:52:01.0000000+00:00,35.39323333,16.62788333,2026-08-03 03:52:01,36.511566,17.32395,139.244134667276
1337,2026-08-03T04:22:01.0000000+00:00,35.3978,16.63283333,2026-08-03 04:22:01,36.513954,17.325127,138.87378791137155
1338,2026-08-03T04:52:00.0000000+00:00,35.4023,16.63835,2026-08-03 04:52:00,36.51628,17.326754,138.49994716491358
1339,2026-08-03T05:22:00.0000000+00:00,35.40645,16.64385,2026-08-03 05:22:00,36.51848,17.328796,138.16541794065688
1340,2026-08-03T05:53:19.0000000+00:00,35.41013333,16.6498,2026-08-03 05:53:19,36.52049,17.33119,137.85543166464933
1341,2026-08-03T06:22:01.0000000+00:00,35.41311667,16.65571667,2026-08-03 06:22:01,36.522278,17.333853,137.6055881354889
1342,2026-08-03T06:52:01.0000000+00:00,35.41618333,16.66191667,2026-08-03 06:52:01,36.52382,17.336678,137.31816213075115
1343,2026-08-03T07:22:00.0000000+00:00,35.41926667,16.66813333,2026-08-03 07:22:00,36.525105,17.339567,137.00603287129306
1344,2026-08-03T07:52:00.0000000+00:00,35.42235,16.67426667,2026-08-03 07:52:00,36.526115,17.342436,136.6690640348303
1345,2026-08-03T08:22:00.0000000+00:00,35.42516667,16.6805,2026-08-03 08:22:00,36.526848,17.34521,136.32332907964167
1346,2026-08-03T08:52:00.0000000+00:00,35.42731667,16.68698333,2026-08-03 08:52:00,36.52729,17.347818,135.99967855062724
1347,2026-08-03T09:22:00.0000000+00:00,35.42961667,16.69388333,2026-08-03 09:22:00,36.527466,17.350225,135.61020222379497
1348,2026-08-03T09:52:00.0000000+00:00,35.43196667,16.70168333,2026-08-03 09:52:00,36.52744,17.352436,135.15322987305632
1349,2026-08-03T10:22:00.0000000+00:00,35.43388333,16.71028333,2026-08-03 10:22:00,36.527252,17.354485,134.68737257038129
1350,2026-08-03T10:52:00.0000000+00:00,35.4356,16.71925,2026-08-03 10:52:00,36.526974,17.356441,134.21648643018986
1351,2026-08-03T11:22:00.0000000+00:00,35.43681667,16.72826667,2026-08-03 11:22:00,36.526684,17.358383,133.79385957735911
1352,2026-08-03T11:52:00.0000000+00:00,35.43813333,16.73726667,2026-08-03 11:52:00,36.526436,17.360376,133.3697420586534
1353,2026-08-03T12:22:00.0000000+00:00,35.43895,16.74573333,2026-08-03 12:22:00,36.52628,17.362465,133.03141315776696
1354,2026-08-03T12:52:00.0000000+00:00,35.44005,16.75393333,2026-08-03 12:52:00,36.526222,17.364662,132.68961674516444
1355,2026-08-03T13:22:31.0000000+00:00,35.44063333,16.76226667,2026-08-03 13:22:31,36.52625,17.366955,132.40903214763
1356,2026-08-03T13:52:22.0000000+00:00,35.44066667,16.7701,2026-08-03 13:52:22,36.526344,17.36933,132.2143103437848
1357,2026-08-03T14:22:00.0000000+00:00,35.44008333,16.77756667,2026-08-03 14:22:00,36.526485,17.371763,132.10389155121365
1358,2026-08-03T14:52:00.0000000+00:00,35.43923333,16.78481667,2026-08-03 14:52:00,36.52666,17.374233,132.0348307508627
1359,2026-08-03T15:22:00.0000000+00:00,35.43811667,16.79191667,2026-08-03 15:22:00,36.526863,17.37672,132.00317305523905
1360,2026-08-03T15:52:00.0000000+00:00,35.4365,16.79906667,2026-08-03 15:52:00,36.527096,17.379217,132.02617223282587
1361,2026-08-03T16:22:00.0000000+00:00,35.43446667,16.806,2026-08-03 16:22:00,36.52735,17.381716,132.1029929942406
1362,2026-08-03T16:52:00.0000000+00:00,35.43203333,16.81291667,2026-08-03 16:52:00,36.527622,17.384216,132.22516390780248
1363,2026-08-03T17:22:19.0000000+00:00,35.42916667,16.81956667,2026-08-03 17:22:19,36.527878,17.386713,132.40098421284065
1364,2026-08-03T17:52:00.0000000+00:00,35.42553333,16.82536667,2026-08-03 17:52:00,36.52809,17.38919,132.68142816591396
1365,2026-08-03T18:22:01.0000000+00:00,35.42168333,16.83065,2026-08-03 18:22:01,36.52823,17.391623,132.99397972369
1366,2026-08-03T18:52:00.0000000+00:00,35.41785,16.83525,2026-08-03 18:52:00,36.528267,17.393965,133.3163676200151
1367,2026-08-03T19:22:00.0000000+00:00,35.4146,16.83931667,2026-08-03 19:22:00,36.528183,17.39616,133.57949548628483
1368,2026-08-03T19:52:00.0000000+00:00,35.41145,16.84311667,2026-08-03 19:52:00,36.527973,17.39815,133.8219063769515
1369,2026-08-03T20:22:01.0000000+00:00,35.40861667,16.84628333,2026-08-03 20:22:01,36.52764,17.399874,134.03208237276758
1370,2026-08-03T20:52:00.0000000+00:00,35.40595,16.84923333,2026-08-03 20:52:00,36.527206,17.401281,134.21157419700376
1371,2026-08-03T21:22:00.0000000+00:00,35.40308333,16.85221667,2026-08-03 21:22:00,36.52669,17.402348,134.39116946338274
1372,2026-08-03T21:52:00.0000000+00:00,35.4006,16.85451667,2026-08-03 21:52:00,36.526115,17.40307,134.53683533661987
1373,2026-08-03T22:22:00.0000000+00:00,35.39845,16.85688333,2026-08-03 22:22:00,36.525505,17.403482,134.63193201508963
1374,2026-08-03T22:52:00.0000000+00:00,35.39675,16.85985,2026-08-03 22:52:00,36.524864,17.403633,134.6493735564248
1375,2026-08-03T23:22:00.0000000+00:00,35.39503333,16.86248333,2026-08-03 23:22:00,36.524204,17.403591,134.67197375709023
1376,2026-08-03T23:52:00.0000000+00:00,35.39388333,16.86538333,2026-08-03 23:52:00,36.52353,17.403421,134.6216380608297
1377,2026-08-04T00:22:00.0000000+00:00,35.39261667,16.8687,2026-08-04 00:22:00,36.522854,17.403172,134.56805392118721
1378,2026-08-04T00:52:00.0000000+00:00,35.39161667,16.87173333,2026-08-04 00:52:00,36.522217,17.402815,134.4973712049597
1379,2026-08-04T01:22:00.0000000+00:00,35.39018333,16.87496667,2026-08-04 01:22:00,36.52168,17.402363,134.47301918251804
1380,2026-08-04T01:52:00.0000000+00:00,35.38868333,16.87716667,2026-08-04 01:52:00,36.52133,17.4018,134.50592370528312
1381,2026-08-04T02:22:00.0000000+00:00,35.3879,16.87935,2026-08-04 02:22:00,36.521255,17.401125,134.48930569898832
1382,2026-08-04T02:52:00.0000000+00:00,35.38756667,16.88088333,2026-08-04 02:52:00,36.52147,17.400335,134.47365510994612
1383,2026-08-04T03:22:00.0000000+00:00,35.38731667,16.8827,2026-08-04 03:22:00,36.52201,17.399458,134.47223217574313
1384,2026-08-04T03:52:00.0000000+00:00,35.38741667,16.88495,2026-08-04 03:52:00,36.522923,17.39855,134.45883297727895
1385,2026-08-04T04:22:00.0000000+00:00,35.3873,16.88785,2026-08-04 04:22:00,36.524208,17.397703,134.4895420154219
1386,2026-08-04T04:52:00.0000000+00:00,35.38676667,16.89116667,2026-08-04 04:52:00,36.525852,17.397028,134.5949542880716
1387,2026-08-04T05:22:00.0000000+00:00,35.3857,16.89446667,2026-08-04 05:22:00,36.527824,17.39664,134.80143333994664
1388,2026-08-04T05:52:00.0000000+00:00,35.38428333,16.89826667,2026-08-04 05:52:00,36.530075,17.39664,135.07162818127952
1389,2026-08-04T06:22:17.0000000+00:00,35.38311667,16.90195,2026-08-04 06:22:17,36.532543,17.397114,135.35749789980198
1390,2026-08-04T06:52:00.0000000+00:00,35.38261667,16.90595,2026-08-04 06:52:00,36.53516,17.398115,135.596133094216
1391,2026-08-04T07:22:00.0000000+00:00,35.38226667,16.90983333,2026-08-04 07:22:00,36.53784,17.39967,135.84630503440366
1392,2026-08-04T07:52:00.0000000+00:00,35.38265,16.91445,2026-08-04 07:52:00,36.5405,17.401766,136.01224852574606
1393,2026-08-04T08:22:00.0000000+00:00,35.38321667,16.91956667,2026-08-04 08:22:00,36.543053,17.404364,136.14802348284445
1394,2026-08-04T08:52:00.0000000+00:00,35.38361667,16.92616667,2026-08-04 08:52:00,36.54542,17.407389,136.25272311768686
1395,2026-08-04T09:22:00.0000000+00:00,35.38361667,16.93351667,2026-08-04 09:22:00,36.54754,17.41076,136.36257279890066
1396,2026-08-04T09:52:00.0000000+00:00,35.383,16.9418,2026-08-04 09:52:00,36.549343,17.414398,136.48705211203546
1397,2026-08-04T10:22:00.0000000+00:00,35.38171667,16.9512,2026-08-04 10:22:00,36.55078,17.41818,136.6182139394634
1398,2026-08-04T10:52:00.0000000+00:00,35.3796,16.96103333,2026-08-04 10:52:00,36.551826,17.42199,136.7874360788538
1399,2026-08-04T11:22:00.0000000+00:00,35.37661667,16.97236667,2026-08-04 11:22:00,36.55247,17.425718,136.96677194477832
1400,2026-08-04T11:52:00.0000000+00:00,35.3728,16.98513333,2026-08-04 11:52:00,36.552708,17.429289,137.1537625477553
1401,2026-08-04T12:22:00.0000000+00:00,35.36821667,16.99841667,2026-08-04 12:22:00,36.552563,17.432644,137.36958123965348
1402,2026-08-04T12:52:00.0000000+00:00,35.36216667,17.01141667,2026-08-04 12:52:00,36.552063,17.435751,137.71195358639932
1403,2026-08-04T13:22:01.0000000+00:00,35.3554,17.0241,2026-08-04 13:22:01,36.551258,17.438602,138.10806689908426
1404,2026-08-04T13:52:00.0000000+00:00,35.34786667,17.0356,2026-08-04 13:52:00,36.55019,17.44121,138.58781103694565
1405,2026-08-04T14:22:00.0000000+00:00,35.33901667,17.04636667,2026-08-04 14:22:00,36.54889,17.44359,139.20250978574953
1406,2026-08-04T14:52:00.0000000+00:00,35.32966667,17.05716667,2026-08-04 14:52:00,36.54739,17.44575,139.85040184089172
1407,2026-08-04T15:22:00.0000000+00:00,35.3201,17.06705,2026-08-04 15:22:00,36.545723,17.447678,140.52533730433893
1408,2026-08-04T15:52:00.0000000+00:00,35.31016667,17.07663333,2026-08-04 15:52:00,36.54392,17.449337,141.23165217917395
1409,2026-08-04T16:22:00.0000000+00:00,35.29998333,17.08601667,2026-08-04 16:22:00,36.542015,17.450678,141.95724016223062
1410,2026-08-04T16:52:00.0000000+00:00,35.28961667,17.09498333,2026-08-04 16:52:00,36.54005,17.451635,142.70297606349217
1411,2026-08-04T17:22:00.0000000+00:00,35.27893333,17.10213333,2026-08-04 17:22:00,36.538074,17.452145,143.51438946369245
1412,2026-08-04T17:52:00.0000000+00:00,35.26906667,17.1077,2026-08-04 17:52:00,36.536133,17.45216,144.26659172909567
1413,2026-08-04T18:22:00.0000000+00:00,35.26001667,17.11291667,2026-08-04 18:22:00,36.53427,17.45166,144.93852904257793
1414,2026-08-04T18:52:04.0000000+00:00,35.25193333,17.11786667,2026-08-04 18:52:04,36.532543,17.450666,145.51860434946752
1415,2026-08-04T19:22:01.0000000+00:00,35.24501667,17.12361667,2026-08-04 19:22:01,36.531,17.449238,145.97195450568907
1416,2026-08-04T19:52:00.0000000+00:00,35.23921667,17.12981667,2026-08-04 19:52:00,36.529697,17.447458,146.32002540071707
1417,2026-08-04T20:22:00.0000000+00:00,35.23321667,17.13661667,2026-08-04 20:22:00,36.528698,17.44542,146.71278084519824
1418,2026-08-04T20:52:00.0000000+00:00,35.22756667,17.14345,2026-08-04 20:52:00,36.528053,17.443216,147.10775292893445
1419,2026-08-04T21:22:00.0000000+00:00,35.22223333,17.14998333,2026-08-04 21:22:00,36.527832,17.440937,147.52353045878132
1420,2026-08-04T21:52:00.0000000+00:00,35.21663333,17.15666667,2026-08-04 21:52:00,36.528072,17.43867,148.0224566522542
1421,2026-08-04T22:22:00.0000000+00:00,35.21115,17.16323333,2026-08-04 22:22:00,36.52882,17.436506,148.57249903581717
1422,2026-08-04T22:52:00.0000000+00:00,35.2062,17.16946667,2026-08-04 22:52:00,36.53008,17.434553,149.1337065746799
1423,2026-08-04T23:22:00.0000000+00:00,35.20138333,17.1756,2026-08-04 23:22:00,36.53187,17.43287,149.74866305206885
1424,2026-08-04T23:52:00.0000000+00:00,35.19645,17.1819,2026-08-04 23:52:00,36.53418,17.431501,150.43946478048028
1425,2026-08-05T00:22:00.0000000+00:00,35.19193333,17.18843333,2026-08-05 00:22:00,36.536884,17.430555,151.13475269204375
1426,2026-08-05T00:52:01.0000000+00:00,35.18778333,17.19398333,2026-08-05 00:52:01,36.539867,17.430115,151.8429034020433
1427,2026-08-05T01:22:00.0000000+00:00,35.18368333,17.19956667,2026-08-05 01:22:00,36.543045,17.430243,152.57666820984326
1428,2026-08-05T01:52:00.0000000+00:00,35.17965,17.20528333,2026-08-05 01:52:00,36.54632,17.430973,153.32154248597007
1429,2026-08-05T02:22:00.0000000+00:00,35.17571667,17.21113333,2026-08-05 02:22:00,36.54959,17.432308,154.06251337268222
1430,2026-08-05T02:52:00.0000000+00:00,35.17228333,17.21733333,2026-08-05 02:52:00,36.552757,17.43424,154.74113304937913
1431,2026-08-05T03:22:00.0000000+00:00,35.16941667,17.22466667,2026-08-05 03:22:00,36.55572,17.436739,155.33012848562194
1432,2026-08-05T03:52:00.0000000+00:00,35.16678333,17.2336,2026-08-05 03:52:00,36.558403,17.439783,155.85241911513646
1433,2026-08-05T04:22:00.0000000+00:00,35.16385,17.24293333,2026-08-05 04:22:00,36.560738,17.443298,156.3723909418485
1434,2026-08-05T04:52:00.0000000+00:00,35.16071667,17.25243333,2026-08-05 04:52:00,36.562683,17.447197,156.87625034682992
1435,2026-08-05T05:22:00.0000000+00:00,35.1577,17.26128333,2026-08-05 05:22:00,36.564194,17.451376,157.33039091211904
1436,2026-08-05T05:52:19.0000000+00:00,35.15453333,17.27085,2026-08-05 05:52:19,36.565247,17.455725,157.74636619037125
1437,2026-08-05T06:22:01.0000000+00:00,35.15111667,17.28068333,2026-08-05 06:22:01,36.565823,17.46015,158.13704248170674
1438,2026-08-05T06:52:00.0000000+00:00,35.14656667,17.29068333,2026-08-05 06:52:00,36.565914,17.46461,158.60046612841796
1439,2026-08-05T07:22:00.0000000+00:00,35.14135,17.3007,2026-08-05 07:22:00,36.56553,17.46904,159.08626472669263
1440,2026-08-05T07:52:00.0000000+00:00,35.13571667,17.31098333,2026-08-05 07:52:00,36.56468,17.473381,159.56573384924235
1441,2026-08-05T08:22:00.0000000+00:00,35.13005,17.32133333,2026-08-05 08:22:00,36.56338,17.47758,160.00018628685584
1442,2026-08-05T08:52:00.0000000+00:00,35.12425,17.33123333,2026-08-05 08:52:00,36.561657,17.481583,160.405872382213
1443,2026-08-05T09:22:00.0000000+00:00,35.11876667,17.34086667,2026-08-05 09:22:00,36.55953,17.485388,160.73393739893257
1444,2026-08-05T09:52:00.0000000+00:00,35.11311667,17.34986667,2026-08-05 09:52:00,36.556995,17.488998,161.0411490585145
1445,2026-08-05T10:22:25.0000000+00:00,35.10635,17.35956667,2026-08-05 10:22:25,36.55411,17.492292,161.4276101322684
1446,2026-08-05T10:52:01.0000000+00:00,35.09946667,17.36818333,2026-08-05 10:52:01,36.55098,17.495129,161.80599769729133
1447,2026-08-05T11:22:00.0000000+00:00,35.0922,17.37673333,2026-08-05 11:22:00,36.547718,17.497406,162.21139493976517
1448,2026-08-05T11:52:01.0000000+00:00,35.08508333,17.38455,2026-08-05 11:52:01,36.54447,17.49904,162.60471881027894
1449,2026-08-05T12:22:00.0000000+00:00,35.07778333,17.39195,2026-08-05 12:22:00,36.541393,17.499998,163.0372718390414
1450,2026-08-05T12:52:00.0000000+00:00,35.0695,17.39935,2026-08-05 12:52:00,36.538624,17.500307,163.61248975351268
1451,2026-08-05T13:22:25.0000000+00:00,35.06073333,17.40575,2026-08-05 13:22:25,36.53627,17.500034,164.29234803066805
1452,2026-08-05T13:52:25.0000000+00:00,35.05183333,17.41155,2026-08-05 13:52:25,36.534405,17.499283,165.04424931867814
1453,2026-08-05T14:22:00.0000000+00:00,35.04295,17.41613333,2026-08-05 14:22:00,36.533066,17.498173,165.85853478799427
1454,2026-08-05T14:52:29.0000000+00:00,35.03423333,17.42011667,2026-08-05 14:52:29,36.53224,17.496841,166.71444805611463
1455,2026-08-05T15:22:00.0000000+00:00,35.02613333,17.42318333,2026-08-05 15:22:00,36.531902,17.495426,167.56059667093444
1456,2026-08-05T15:52:01.0000000+00:00,35.01836667,17.42625,2026-08-05 15:52:01,36.53201,17.4941,168.42047247830558
1457,2026-08-05T16:22:01.0000000+00:00,35.01075,17.42911667,2026-08-05 16:22:01,36.532516,17.49298,169.31078001320765
1459,2026-08-05T16:52:00.0000000+00:00,35.00343333,17.43128333,2026-08-05 16:52:00,36.53338,17.492167,170.21064978987724
1460,2026-08-05T17:22:01.0000000+00:00,34.99641667,17.43311667,2026-08-05 17:22:01,36.53456,17.49174,171.11574699420052
1461,2026-08-05T17:52:01.0000000+00:00,34.98956667,17.43481667,2026-08-05 17:52:01,36.53602,17.491777,172.0342274312366
1462,2026-08-05T18:22:00.0000000+00:00,34.9832,17.43628333,2026-08-05 18:22:00,36.53771,17.492317,172.9272817130792
1463,2026-08-05T18:52:00.0000000+00:00,34.97728333,17.43765,2026-08-05 18:52:00,36.539593,17.493313,173.79346618411347
1464,2026-08-05T19:22:19.0000000+00:00,34.97156667,17.43868333,2026-08-05 19:22:19,36.541645,17.494673,174.657846424543
1465,2026-08-05T19:52:00.0000000+00:00,34.96646667,17.43981667,2026-08-05 19:52:00,36.5438,17.496403,175.4657814803008
1466,2026-08-05T20:22:00.0000000+00:00,34.96183333,17.441,2026-08-05 20:22:00,36.54593,17.498653,176.2200658029144
1467,2026-08-05T20:52:01.0000000+00:00,34.9575,17.44241667,2026-08-05 20:52:01,36.547966,17.501373,176.93180734763303
1468,2026-08-05T21:22:00.0000000+00:00,34.95373333,17.44423333,2026-08-05 21:22:00,36.54987,17.504457,177.56533806294854
1469,2026-08-05T21:52:00.0000000+00:00,34.95036667,17.44636667,2026-08-05 21:52:00,36.551605,17.507778,178.13564088085266
1470,2026-08-05T22:22:49.0000000+00:00,34.94721667,17.4494,2026-08-05 22:22:49,36.55316,17.511232,178.6599983839384
1471,2026-08-05T22:52:19.0000000+00:00,34.944,17.45278333,2026-08-05 22:52:19,36.554546,17.514708,179.17186104653942
1472,2026-08-05T23:22:00.0000000+00:00,34.94045,17.45658333,2026-08-05 23:22:00,36.555756,17.51818,179.6998625481038
1473,2026-08-05T23:52:00.0000000+00:00,34.93575,17.46176667,2026-08-05 23:52:00,36.556763,17.521671,180.32955895821385
1474,2026-08-06T00:22:00.0000000+00:00,34.9305,17.46646667,2026-08-06 00:22:00,36.55757,17.525183,180.9994851347245
1475,2026-08-06T00:52:00.0000000+00:00,34.92531667,17.47146667,2026-08-06 00:52:00,36.558205,17.528824,181.64266746920697
1476,2026-08-06T01:22:00.0000000+00:00,34.92025,17.47666667,2026-08-06 01:22:00,36.5586,17.532608,182.24627890521805
1477,2026-08-06T01:52:00.0000000+00:00,34.91483333,17.4817,2026-08-06 01:52:00,36.558727,17.536495,182.85957994399817
1478,2026-08-06T02:22:00.0000000+00:00,34.90915,17.48656667,2026-08-06 02:22:00,36.558586,17.54043,183.47349895614823
1479,2026-08-06T02:52:30.0000000+00:00,34.90385,17.49148333,2026-08-06 02:52:30,36.55817,17.544348,184.0139608289802
1480,2026-08-06T03:22:28.0000000+00:00,34.89878333,17.4965,2026-08-06 03:22:28,36.55748,17.548166,184.4977161183558
1481,2026-08-06T03:52:26.0000000+00:00,34.89391667,17.50171667,2026-08-06 03:52:26,36.556545,17.551783,184.93109411244322
1482,2026-08-06T04:22:00.0000000+00:00,34.88911667,17.50713333,2026-08-06 04:22:00,36.555386,17.555107,185.3310925984955
1483,2026-08-06T04:52:00.0000000+00:00,34.8843,17.51213333,2026-08-06 04:52:00,36.55403,17.558056,185.71197811865585
1484,2026-08-06T05:22:31.0000000+00:00,34.87988333,17.51721667,2026-08-06 05:22:31,36.55253,17.560558,186.0308783900547
1485,2026-08-06T05:52:03.0000000+00:00,34.87576667,17.52263333,2026-08-06 05:52:03,36.550953,17.562563,186.30691606885372
1486,2026-08-06T06:24:01.0000000+00:00,34.87118333,17.5291,2026-08-06 06:24:01,36.549404,17.564068,186.63636199437337
1487,2026-08-06T06:52:01.0000000+00:00,34.86703333,17.5351,2026-08-06 06:52:01,36.54797,17.565073,186.931217496719
1488,2026-08-06T07:22:29.0000000+00:00,34.86216667,17.54206667,2026-08-06 07:22:29,36.54674,17.565565,187.32808506069043
1489,2026-08-06T07:52:00.0000000+00:00,34.85751667,17.5488,2026-08-06 07:52:00,36.545834,17.565556,187.7382123772023
1490,2026-08-06T08:22:00.0000000+00:00,34.85236667,17.55558333,2026-08-06 08:22:00,36.545357,17.565084,188.25394111105464
1491,2026-08-06T08:52:00.0000000+00:00,34.84768333,17.56231667,2026-08-06 08:52:00,36.545395,17.564222,188.77700550255324
1492,2026-08-06T09:22:00.0000000+00:00,34.84343333,17.56886667,2026-08-06 09:22:00,36.546005,17.563084,189.3181993760804
1493,2026-08-06T09:52:00.0000000+00:00,34.83858333,17.57588333,2026-08-06 09:52:00,36.547184,17.56182,189.99203041066514
1494,2026-08-06T10:22:00.0000000+00:00,34.833,17.58321667,2026-08-06 10:22:00,36.548874,17.560566,190.80755771886805
1495,2026-08-06T10:52:04.0000000+00:00,34.82696667,17.59028333,2026-08-06 10:52:04,36.550972,17.55947,191.72082704198678
1496,2026-08-06T11:22:00.0000000+00:00,34.82095,17.59693333,2026-08-06 11:22:00,36.553352,17.558662,192.66533455338592
1497,2026-08-06T11:52:31.0000000+00:00,34.81436667,17.60311667,2026-08-06 11:52:31,36.555866,17.558245,193.68825259389055
1498,2026-08-06T12:22:02.0000000+00:00,34.80753333,17.60921667,2026-08-06 12:22:02,36.558376,17.558266,194.73917068200166
1499,2026-08-06T12:52:00.0000000+00:00,34.80045,17.61453333,2026-08-06 12:52:00,36.560753,17.558716,195.80163290249115
1500,2026-08-06T13:22:19.0000000+00:00,34.79313333,17.61891667,2026-08-06 13:22:19,36.562897,17.559566,196.8617738970173
1501,2026-08-06T13:52:00.0000000+00:00,34.7862,17.62291667,2026-08-06 13:52:00,36.56472,17.56076,197.84218224020486
1502,2026-08-06T14:22:03.0000000+00:00,34.77891667,17.6268,2026-08-06 14:22:03,36.56617,17.562222,198.8189751644094
1503,2026-08-06T14:52:01.0000000+00:00,34.77125,17.62988333,2026-08-06 14:52:01,36.567226,17.563873,199.79259962201846
1504,2026-08-06T15:22:00.0000000+00:00,34.7641,17.63191667,2026-08-06 15:22:00,36.56789,17.565643,200.66164121095605
1505,2026-08-06T15:52:00.0000000+00:00,34.75681667,17.63398333,2026-08-06 15:52:00,36.568172,17.567474,201.5032987207426
1506,2026-08-06T16:22:00.0000000+00:00,34.7501,17.63543333,2026-08-06 16:22:00,36.56812,17.569304,202.2427435817122
1507,2026-08-06T16:52:00.0000000+00:00,34.74376667,17.63631667,2026-08-06 16:52:00,36.567795,17.571062,202.9083103676029
1508,2026-08-06T17:22:01.0000000+00:00,34.73816667,17.63676667,2026-08-06 17:22:01,36.567276,17.572693,203.4699872268334
1509,2026-08-06T17:52:29.0000000+00:00,34.73285,17.637,2026-08-06 17:52:29,36.56664,17.574152,203.987223092653
1510,2026-08-06T18:22:00.0000000+00:00,34.7282,17.63683333,2026-08-06 18:22:00,36.56595,17.575418,204.42347017751254
1511,2026-08-06T18:52:00.0000000+00:00,34.72405,17.63678333,2026-08-06 18:52:00,36.56525,17.576502,204.8045782318876
1512,2026-08-06T19:22:00.0000000+00:00,34.7204,17.63678333,2026-08-06 19:22:00,36.564587,17.57741,205.13449351714846
1513,2026-08-06T19:52:19.0000000+00:00,34.7168,17.637,2026-08-06 19:52:19,36.56399,17.578165,205.4669664982675
1514,2026-08-06T20:22:24.0000000+00:00,34.71303333,17.63723333,2026-08-06 20:22:24,36.56346,17.578812,205.8258621003751
1515,2026-08-06T20:52:19.0000000+00:00,34.70915,17.63783333,2026-08-06 20:52:19,36.562992,17.579401,206.20554828211712
1516,2026-08-06T21:22:01.0000000+00:00,34.70521667,17.63935,2026-08-06 21:22:01,36.562565,17.57999,206.59748225605955
1517,2026-08-06T21:52:00.0000000+00:00,34.70131667,17.6412,2026-08-06 21:52:00,36.562153,17.58065,206.98787986125603
