FID,UtcTimestamp,lat,lon,time_utc,pred_lat,pred_lon,separation_km
0,2026-07-06T07:51:54.0000000+00:00,36.17141667,14.52626667,2026-07-06 07:51:54,36.171417,14.526267,0.0001797323178584275
1,2026-07-06T08:21:54.0000000+00:00,36.16743333,14.52871667,2026-07-06 08:21:54,36.171223,14.530799,0.46104460837636047
2,2026-07-06T08:51:54.0000000+00:00,36.16313333,14.53085,2026-07-06 08:51:54,36.170986,14.535435,0.9651665111696816
3,2026-07-06T09:21:54.0000000+00:00,36.15881667,14.53266667,2026-07-06 09:21:54,36.170685,14.540159,1.4811368035937473
4,2026-07-06T09:51:54.0000000+00:00,36.15411667,14.53395,2026-07-06 09:51:54,36.170303,14.54495,2.052771020126727
5,2026-07-06T10:21:54.0000000+00:00,36.14945,14.5347,2026-07-06 10:21:54,36.169815,14.549746,2.6365706933429047
6,2026-07-06T10:51:54.0000000+00:00,36.14481667,14.53526667,2026-07-06 10:51:54,36.16919,14.55453,3.214831603581804
7,2026-07-06T11:21:54.0000000+00:00,36.14016667,14.53585,2026-07-06 11:21:54,36.16843,14.559297,3.7825996528058217
8,2026-07-06T11:51:54.0000000+00:00,36.13561667,14.53598333,2026-07-06 11:51:54,36.167423,14.564037,4.341981099578405
9,2026-07-06T12:21:55.0000000+00:00,36.13095,14.5359,2026-07-06 12:21:55,36.16583,14.569446,4.9105049939274
10,2026-07-06T12:51:54.0000000+00:00,36.12608333,14.53571667,2026-07-06 12:51:54,36.164497,14.574094,5.488037802593721
11,2026-07-06T13:21:54.0000000+00:00,36.12026667,14.53618333,2026-07-06 13:21:54,36.162945,14.578644,6.0876264827908395
12,2026-07-06T13:51:54.0000000+00:00,36.1147,14.53713333,2026-07-06 13:51:54,36.16112,14.583054,6.606764777535884
13,2026-07-06T14:21:54.0000000+00:00,36.10891667,14.53868333,2026-07-06 14:21:54,36.159035,14.587279,7.078390609964653
14,2026-07-06T14:51:55.0000000+00:00,36.10316667,14.54038333,2026-07-06 14:51:55,36.15673,14.591294,7.508611176546238
15,2026-07-06T15:21:54.0000000+00:00,36.09768333,14.54193333,2026-07-06 15:21:54,36.154205,14.595063,7.891242854965949
16,2026-07-06T15:51:55.0000000+00:00,36.0928,14.54376667,2026-07-06 15:51:55,36.151485,14.59855,8.172658763404453
17,2026-07-06T16:21:54.0000000+00:00,36.08773333,14.54515,2026-07-06 16:21:54,36.148598,14.6017275,8.463496003092853
18,2026-07-06T16:51:55.0000000+00:00,36.08268333,14.54551667,2026-07-06 16:51:55,36.145077,14.605909,8.807084137039201
19,2026-07-06T17:21:54.0000000+00:00,36.07753333,14.54503333,2026-07-06 17:21:54,36.14196,14.608431,9.151855726345982
20,2026-07-06T17:51:54.0000000+00:00,36.07298333,14.54446667,2026-07-06 17:51:54,36.13877,14.610698,9.429474844194733
21,2026-07-06T18:22:01.0000000+00:00,36.06845,14.54343333,2026-07-06 18:22:01,36.135498,14.612734,9.713278372229572
22,2026-07-06T18:51:54.0000000+00:00,36.06411667,14.54186667,2026-07-06 18:51:54,36.132236,14.614542,10.000547809182772
23,2026-07-06T19:21:55.0000000+00:00,36.06045,14.54046667,2026-07-06 19:21:55,36.129147,14.616108,10.224490845284196
24,2026-07-06T19:51:54.0000000+00:00,36.05705,14.53943333,2026-07-06 19:51:54,36.126133,14.617557,10.406018899792587
25,2026-07-06T20:21:54.0000000+00:00,36.0539,14.53871667,2026-07-06 20:21:54,36.123344,14.618872,10.559427769269677
26,2026-07-06T20:51:56.0000000+00:00,36.051,14.5383,2026-07-06 20:51:56,36.120796,14.620116,10.690403326139451
27,2026-07-06T21:21:54.0000000+00:00,36.04856667,14.53861667,2026-07-06 21:21:54,36.118443,14.621407,10.757404242517536
28,2026-07-06T21:51:55.0000000+00:00,36.04635,14.53931667,2026-07-06 21:51:55,36.11628,14.622806,10.805174699609474
29,2026-07-06T22:21:54.0000000+00:00,36.04455,14.5411,2026-07-06 22:21:54,36.11441,14.624286,10.780959274061004
30,2026-07-06T22:52:19.0000000+00:00,36.04321667,14.54351667,2026-07-06 22:52:19,36.112755,14.625962,10.70909854722009
31,2026-07-06T23:21:54.0000000+00:00,36.0426,14.54633333,2026-07-06 23:21:54,36.11125,14.62792,10.584688797857229
32,2026-07-06T23:52:01.0000000+00:00,36.0422,14.54968333,2026-07-06 23:52:01,36.109978,14.630103,10.441970091772557
33,2026-07-07T00:21:54.0000000+00:00,36.04221667,14.5535,2026-07-07 00:21:54,36.108852,14.632598,10.268263854058226
34,2026-07-07T00:52:25.0000000+00:00,36.04236667,14.55828333,2026-07-07 00:52:25,36.10784,14.635441,10.054488426765428
35,2026-07-07T01:21:55.0000000+00:00,36.04195,14.56328333,2026-07-07 01:21:55,36.1069,14.6386795,9.903323742707135
36,2026-07-07T01:51:55.0000000+00:00,36.041,14.56903333,2026-07-07 01:51:55,36.106018,14.642273,9.77739950567095
37,2026-07-07T02:21:54.0000000+00:00,36.04016667,14.57506667,2026-07-07 02:21:54,36.105145,14.646215,9.648542802928947
38,2026-07-07T02:51:55.0000000+00:00,36.0392,14.58105,2026-07-07 02:51:55,36.104107,14.651222,9.58464832904267
39,2026-07-07T03:21:54.0000000+00:00,36.03788333,14.58736667,2026-07-07 03:21:54,36.103065,14.655909,9.512267499752724
40,2026-07-07T03:52:00.0000000+00:00,36.03526667,14.59391667,2026-07-07 03:52:00,36.101894,14.660938,9.548531738127133
41,2026-07-07T04:21:54.0000000+00:00,36.0324,14.60066667,2026-07-07 04:21:54,36.10051,14.666276,9.598684612229617
42,2026-07-07T04:51:55.0000000+00:00,36.02906667,14.60751667,2026-07-07 04:51:55,36.098793,14.672038,9.682323458453624
43,2026-07-07T05:21:54.0000000+00:00,36.02545,14.61431667,2026-07-07 05:21:54,36.096767,14.677992,9.779949475396842
44,2026-07-07T05:52:01.0000000+00:00,36.0208,14.62125,2026-07-07 05:52:01,36.094376,14.684223,9.948606848322774
45,2026-07-07T06:22:00.0000000+00:00,36.01581667,14.62805,2026-07-07 06:22:00,36.09165,14.690469,10.128491839250628
46,2026-07-07T06:51:55.0000000+00:00,36.00983333,14.6348,2026-07-07 06:51:55,36.088535,14.696767,10.3739119793374
47,2026-07-07T07:21:55.0000000+00:00,36.00305,14.64131667,2026-07-07 07:21:55,36.085022,14.70304,10.671397985073101
48,2026-07-07T07:51:55.0000000+00:00,35.99591667,14.64721667,2026-07-07 07:51:55,36.08112,14.709109,10.9876974193421
49,2026-07-07T08:21:54.0000000+00:00,35.98846667,14.65233333,2026-07-07 08:21:54,36.075745,14.717488,11.336237287278754
50,2026-07-07T08:51:57.0000000+00:00,35.98088333,14.65663333,2026-07-07 08:51:57,36.06944,14.726916,11.700996306530504
51,2026-07-07T09:21:54.0000000+00:00,35.97313333,14.66035,2026-07-07 09:21:54,36.064545,14.732307,12.049630972181015
52,2026-07-07T09:52:25.0000000+00:00,35.96548333,14.66318333,2026-07-07 09:52:25,36.05942,14.737281,12.39038947116524
53,2026-07-07T10:21:54.0000000+00:00,35.95838333,14.66553333,2026-07-07 10:21:54,36.054142,14.741884,12.6704899121464
54,2026-07-07T10:51:54.0000000+00:00,35.95105,14.66756667,2026-07-07 10:51:54,36.04879,14.746035,12.959308632367339
55,2026-07-07T11:21:55.0000000+00:00,35.94378333,14.66883333,2026-07-07 11:21:55,36.043407,14.74977,13.256476263794802
56,2026-07-07T11:51:54.0000000+00:00,35.93675,14.66968333,2026-07-07 11:51:54,36.03808,14.753013,13.533747721840847
57,2026-07-07T12:21:54.0000000+00:00,35.92951667,14.6699,2026-07-07 12:21:54,36.032845,14.755837,13.849208630533962
58,2026-07-07T12:51:55.0000000+00:00,35.92285,14.66943333,2026-07-07 12:51:55,36.027756,14.758242,14.139840552183339
59,2026-07-07T13:21:54.0000000+00:00,35.91641667,14.66851667,2026-07-07 13:21:54,36.022827,14.760258,14.427976793861855
60,2026-07-07T13:52:01.0000000+00:00,35.91013333,14.6676,2026-07-07 13:52:01,36.01806,14.761935,14.700502927193146
61,2026-07-07T14:22:02.0000000+00:00,35.90418333,14.66626667,2026-07-07 14:22:02,36.013416,14.763379,14.964135146342421
62,2026-07-07T14:51:55.0000000+00:00,35.89815,14.66426667,2026-07-07 14:51:55,36.008873,14.764666,15.272590005566464
63,2026-07-07T15:22:31.0000000+00:00,35.89233333,14.66216667,2026-07-07 15:22:31,36.00442,14.765849,15.570750698178252
64,2026-07-07T15:51:54.0000000+00:00,35.88783333,14.6609,2026-07-07 15:51:54,35.999702,14.770507,15.877292751477098
65,2026-07-07T16:21:54.0000000+00:00,35.8837,14.66033333,2026-07-07 16:21:54,35.995453,14.771568,15.959197430374804
66,2026-07-07T16:51:55.0000000+00:00,35.88001667,14.66003333,2026-07-07 16:51:55,35.99135,14.772591,15.99820430226827
67,2026-07-07T17:21:54.0000000+00:00,35.87761667,14.65943333,2026-07-07 17:21:54,35.987396,14.77366,15.961766584050899
68,2026-07-07T17:51:55.0000000+00:00,35.87635,14.66086667,2026-07-07 17:51:55,35.983696,14.774644,15.72973527531928
69,2026-07-07T18:21:54.0000000+00:00,35.87546667,14.6635,2026-07-07 18:21:54,35.980267,14.775611,15.417364411136745
70,2026-07-07T18:51:59.0000000+00:00,35.8742,14.6661,2026-07-07 18:51:59,35.977177,14.776547,15.166428666273724
71,2026-07-07T19:21:54.0000000+00:00,35.8726,14.66788333,2026-07-07 19:21:54,35.9745,14.777484,15.025834495488619
72,2026-07-07T19:51:54.0000000+00:00,35.87186667,14.66975,2026-07-07 19:51:54,35.972263,14.778445,14.846706850195083
73,2026-07-07T20:21:54.0000000+00:00,35.87096667,14.67131667,2026-07-07 20:21:54,35.97043,14.779548,14.741259965109718
74,2026-07-07T20:51:54.0000000+00:00,35.86988333,14.67401667,2026-07-07 20:51:54,35.968925,14.78097,14.630139944223524
75,2026-07-07T21:21:54.0000000+00:00,35.86853333,14.67761667,2026-07-07 21:21:54,35.9678,14.782531,14.52912163686124
76,2026-07-07T21:51:54.0000000+00:00,35.8675,14.68108333,2026-07-07 21:51:54,35.96694,14.784456,14.454345891640614
77,2026-07-07T22:21:54.0000000+00:00,35.86638333,14.68416667,2026-07-07 22:21:54,35.966312,14.786709,14.447749074359796
78,2026-07-07T22:51:54.0000000+00:00,35.86481667,14.68756667,2026-07-07 22:51:54,35.965824,14.78936,14.49744613167064
79,2026-07-07T23:21:54.0000000+00:00,35.86291667,14.69103333,2026-07-07 23:21:54,35.965416,14.792345,14.599509856148803
80,2026-07-07T23:52:04.0000000+00:00,35.86053333,14.69501667,2026-07-07 23:52:04,35.964905,14.795884,14.737855994213065
81,2026-07-08T00:22:01.0000000+00:00,35.8574,14.6998,2026-07-08 00:22:01,35.96427,14.799692,14.904817982090531
82,2026-07-08T00:51:54.0000000+00:00,35.85391667,14.70506667,2026-07-08 00:51:54,35.963375,14.803857,15.076369282361037
83,2026-07-08T01:22:31.0000000+00:00,35.85018333,14.71095,2026-07-08 01:22:31,35.962128,14.808357,15.228581657289709
84,2026-07-08T01:52:01.0000000+00:00,35.84653333,14.7165,2026-07-08 01:52:01,35.959423,14.816177,15.432882245612019
85,2026-07-08T02:21:54.0000000+00:00,35.84235,14.72185,2026-07-08 02:21:54,35.957275,14.821136,15.597482901843284
86,2026-07-08T02:51:54.0000000+00:00,35.83708333,14.7271,2026-07-08 02:51:54,35.95459,14.82629,15.828940963753253
87,2026-07-08T03:21:55.0000000+00:00,35.83133333,14.73263333,2026-07-08 03:21:55,35.950333,14.83428,16.09129490705146
88,2026-07-08T03:51:55.0000000+00:00,35.82541667,14.73856667,2026-07-08 03:51:55,35.94668,14.839152,16.245652750549404
89,2026-07-08T04:21:54.0000000+00:00,35.81916667,14.74498333,2026-07-08 04:21:54,35.942547,14.843754,16.35231753547237
90,2026-07-08T04:52:01.0000000+00:00,35.8122,14.75091667,2026-07-08 04:52:01,35.937218,14.849635,16.50343073165924
91,2026-07-08T05:22:19.0000000+00:00,35.80401667,14.75583333,2026-07-08 05:22:19,35.932243,14.853728,16.76618061275973
92,2026-07-08T05:51:55.0000000+00:00,35.7956,14.75945,2026-07-08 05:51:55,35.927063,14.857542,17.082762818285627
93,2026-07-08T06:21:54.0000000+00:00,35.78768333,14.76223333,2026-07-08 06:21:54,35.921738,14.861075,17.36509866489593
94,2026-07-08T06:51:54.0000000+00:00,35.7799,14.7645,2026-07-08 06:51:54,35.91631,14.864349,17.637063365068418
95,2026-07-08T07:21:54.0000000+00:00,35.77158333,14.76611667,2026-07-08 07:21:54,35.91083,14.867354,17.97256099622424
96,2026-07-08T07:51:55.0000000+00:00,35.76346667,14.7668,2026-07-08 07:51:55,35.90534,14.870083,18.318060626517553
97,2026-07-08T08:22:07.0000000+00:00,35.75525,14.76645,2026-07-08 08:22:07,35.899887,14.872487,18.70965765687361
98,2026-07-08T08:52:01.0000000+00:00,35.74701667,14.76478333,2026-07-08 08:52:01,35.89449,14.874624,19.1566317230683
99,2026-07-08T09:21:54.0000000+00:00,35.73921667,14.7625,2026-07-08 09:21:54,35.88898,14.876661,19.57761475221462
100,2026-07-08T09:51:54.0000000+00:00,35.73205,14.75938333,2026-07-08 09:51:54,35.88334,14.878538,19.96121458809464
101,2026-07-08T10:22:01.0000000+00:00,35.7253,14.75666667,2026-07-08 10:22:01,35.87777,14.880022,20.27768954352807
102,2026-07-08T10:51:55.0000000+00:00,35.71873333,14.75341667,2026-07-08 10:51:55,35.87219,14.881302,20.59597108449756
103,2026-07-08T11:21:54.0000000+00:00,35.71318333,14.75045,2026-07-08 11:21:54,35.865948,14.884874,20.870026154696077
104,2026-07-08T11:51:54.0000000+00:00,35.70913333,14.74855,2026-07-08 11:51:54,35.860355,14.885737,20.8776814159414
105,2026-07-08T12:21:55.0000000+00:00,35.70578333,14.74688333,2026-07-08 12:21:55,35.85477,14.886401,20.8050995395463
106,2026-07-08T12:52:02.0000000+00:00,35.70291667,14.74548333,2026-07-08 12:52:02,35.84919,14.886833,20.66760953617048
107,2026-07-08T13:22:01.0000000+00:00,35.70095,14.74546667,2026-07-08 13:22:01,35.843636,14.886837,20.356487007767655
108,2026-07-08T13:51:54.0000000+00:00,35.69916667,14.74633333,2026-07-08 13:51:54,35.837666,14.889716,20.112597623483335
109,2026-07-08T14:21:55.0000000+00:00,35.6972,14.74715,2026-07-08 14:21:55,35.832355,14.888581,19.7152666139404
110,2026-07-08T14:51:54.0000000+00:00,35.6953,14.7481,2026-07-08 14:51:54,35.82733,14.88688,19.296107561846707
111,2026-07-08T15:23:01.0000000+00:00,35.69376667,14.74995,2026-07-08 15:23:01,35.822685,14.884628,18.793084119656584
112,2026-07-08T15:52:01.0000000+00:00,35.6918,14.75146667,2026-07-08 15:52:01,35.818466,14.881881,18.353826821503812
113,2026-07-08T16:21:54.0000000+00:00,35.68965,14.75298333,2026-07-08 16:21:54,35.814735,14.878708,17.94927056778689
114,2026-07-08T16:52:03.0000000+00:00,35.6876,14.75421667,2026-07-08 16:52:03,35.811543,14.8751745,17.580856651568876
115,2026-07-08T17:21:55.0000000+00:00,35.68576667,14.75568333,2026-07-08 17:21:55,35.808907,14.871405,17.22057922936251
116,2026-07-08T17:51:54.0000000+00:00,35.68441667,14.75763333,2026-07-08 17:51:54,35.806774,14.867689,16.845295204475804
117,2026-07-08T18:21:54.0000000+00:00,35.68346667,14.76018333,2026-07-08 18:21:54,35.804737,14.866455,16.547493188238143
118,2026-07-08T18:52:01.0000000+00:00,35.68236667,14.76321667,2026-07-08 18:52:01,35.803642,14.863031,16.217423097322797
119,2026-07-08T19:22:19.0000000+00:00,35.68085,14.76628333,2026-07-08 19:22:19,35.802906,14.860009,15.992239323905327
120,2026-07-08T19:51:54.0000000+00:00,35.6794,14.76978333,2026-07-08 19:51:54,35.802414,14.85751,15.804714813466678
121,2026-07-08T20:22:19.0000000+00:00,35.67741667,14.77325,2026-07-08 20:22:19,35.80208,14.855677,15.731978078857164
122,2026-07-08T20:51:54.0000000+00:00,35.67541667,14.77705,2026-07-08 20:51:54,35.801838,14.854511,15.699825796306532
123,2026-07-08T21:21:54.0000000+00:00,35.67308333,14.78111667,2026-07-08 21:21:54,35.801636,14.853992,15.735080563999542
124,2026-07-08T21:51:54.0000000+00:00,35.67021667,14.78518333,2026-07-08 21:51:54,35.80136,14.854249,15.859244659488363
125,2026-07-08T22:21:55.0000000+00:00,35.66696667,14.78861667,2026-07-08 22:21:55,35.80097,14.855261,16.068796723241245
126,2026-07-08T22:52:02.0000000+00:00,35.66381667,14.79211667,2026-07-08 22:52:02,35.80044,14.856951,16.280003858299665
127,2026-07-08T23:22:22.0000000+00:00,35.66011667,14.79631667,2026-07-08 23:22:22,35.799744,14.859335,16.53501243720376
128,2026-07-08T23:51:54.0000000+00:00,35.65608333,14.8005,2026-07-08 23:51:54,35.79883,14.862473,16.82946150974822
129,2026-07-09T00:22:01.0000000+00:00,35.65111667,14.8048,2026-07-09 00:22:01,35.797726,14.866064,17.214635153950162
130,2026-07-09T00:52:04.0000000+00:00,35.6461,14.8088,2026-07-09 00:52:04,35.796387,14.8701315,17.604397295418277
131,2026-07-09T01:22:08.0000000+00:00,35.64025,14.81255,2026-07-09 01:22:08,35.794758,14.874659,18.072249638372707
132,2026-07-09T01:51:54.0000000+00:00,35.63415,14.81565,2026-07-09 01:51:54,35.79154,14.881791,18.491349394961144
133,2026-07-09T02:22:49.0000000+00:00,35.6279,14.81835,2026-07-09 02:22:49,35.789272,14.8863535,18.96522128340801
134,2026-07-09T02:52:02.0000000+00:00,35.62271667,14.82011667,2026-07-09 02:52:02,35.78664,14.890777,19.311789201004423
135,2026-07-09T03:22:01.0000000+00:00,35.61786667,14.82146667,2026-07-09 03:22:01,35.783554,14.895065,19.585418176085344
136,2026-07-09T03:52:01.0000000+00:00,35.61268333,14.8227,2026-07-09 03:52:01,35.780014,14.898796,19.834740499165576
137,2026-07-09T04:21:54.0000000+00:00,35.60778333,14.82336667,2026-07-09 04:21:54,35.775932,14.902101,20.003741400107913
138,2026-07-09T04:51:54.0000000+00:00,35.60291667,14.82411667,2026-07-09 04:51:54,35.771255,14.904943,20.091338009117575
139,2026-07-09T05:21:54.0000000+00:00,35.59773333,14.82441667,2026-07-09 05:21:54,35.76593,14.907188,20.141483943611693
140,2026-07-09T05:51:55.0000000+00:00,35.5923,14.82516667,2026-07-09 05:51:55,35.759842,14.908772,20.102191829186324
141,2026-07-09T06:22:01.0000000+00:00,35.58648333,14.8254,2026-07-09 06:22:01,35.75302,14.909638,20.020717342959298
142,2026-07-09T06:52:01.0000000+00:00,35.58058333,14.82545,2026-07-09 06:52:01,35.744305,14.91175,19.804330660987613
143,2026-07-09T07:21:55.0000000+00:00,35.5746,14.825,2026-07-09 07:21:55,35.73641,14.910825,19.59197414089015
144,2026-07-09T07:52:03.0000000+00:00,35.56878333,14.82358333,2026-07-09 07:52:03,35.72832,14.908806,19.33890079157595
145,2026-07-09T08:22:52.0000000+00:00,35.5631,14.8215,2026-07-09 08:22:52,35.720295,14.905797,19.066989396530335
146,2026-07-09T08:52:19.0000000+00:00,35.55768333,14.81983333,2026-07-09 08:52:19,35.712635,14.90194,18.759638943829636
147,2026-07-09T09:21:54.0000000+00:00,35.55253333,14.81826667,2026-07-09 09:21:54,35.70549,14.897252,18.44542004221788
148,2026-07-09T09:51:54.0000000+00:00,35.54728333,14.81643333,2026-07-09 09:51:54,35.69895,14.891885,18.191328226851557
149,2026-07-09T10:21:55.0000000+00:00,35.542,14.81415,2026-07-09 10:21:55,35.693104,14.885984,18.01299738629933
150,2026-07-09T10:51:54.0000000+00:00,35.53678333,14.81123333,2026-07-09 10:51:54,35.688084,14.879505,17.920103996070615
151,2026-07-09T11:21:54.0000000+00:00,35.53191667,14.80778333,2026-07-09 11:21:54,35.68388,14.872718,17.888146426585717
152,2026-07-09T11:51:54.0000000+00:00,35.52736667,14.80473333,2026-07-09 11:51:54,35.68045,14.865961,17.899602095069646
153,2026-07-09T12:22:01.0000000+00:00,35.52308333,14.80173333,2026-07-09 12:22:01,35.677837,14.859111,17.972881531256956
154,2026-07-09T12:51:54.0000000+00:00,35.51951667,14.7988,2026-07-09 12:51:54,35.675945,14.852531,18.05985314154735
155,2026-07-09T13:22:01.0000000+00:00,35.51625,14.79616667,2026-07-09 13:22:01,35.674576,14.849046,18.242827252509354
156,2026-07-09T13:52:02.0000000+00:00,35.51361667,14.7941,2026-07-09 13:52:02,35.674072,14.842884,18.378911777794805
157,2026-07-09T14:21:54.0000000+00:00,35.51168333,14.79156667,2026-07-09 14:21:54,35.6741,14.837301,18.52716968638435
158,2026-07-09T14:51:54.0000000+00:00,35.51036667,14.78971667,2026-07-09 14:51:54,35.674603,14.832048,18.65878853854136
159,2026-07-09T15:21:56.0000000+00:00,35.50905,14.78838333,2026-07-09 15:21:56,35.675465,14.827298,18.83602485555246
160,2026-07-09T15:51:54.0000000+00:00,35.508,14.78753333,2026-07-09 15:51:54,35.676598,14.823069,19.020633019297897
161,2026-07-09T16:21:54.0000000+00:00,35.50683333,14.78713333,2026-07-09 16:21:54,35.67791,14.819561,19.24747703928202
162,2026-07-09T16:51:54.0000000+00:00,35.50578333,14.78658333,2026-07-09 16:51:54,35.679317,14.816714,19.487426110466213
163,2026-07-09T17:22:01.0000000+00:00,35.50496667,14.78606667,2026-07-09 17:22:01,35.680756,14.81438,19.713658168433174
164,2026-07-09T17:51:54.0000000+00:00,35.50413333,14.78545,2026-07-09 17:51:54,35.682137,14.812628,19.94514635101584
165,2026-07-09T18:22:01.0000000+00:00,35.50313333,14.78458333,2026-07-09 18:22:01,35.68339,14.811614,20.19220041838103
166,2026-07-09T18:51:54.0000000+00:00,35.50271667,14.78345,2026-07-09 18:51:54,35.684456,14.811215,20.363898616848267
167,2026-07-09T19:21:54.0000000+00:00,35.50288333,14.78231667,2026-07-09 19:21:54,35.685272,14.811436,20.450970881343103
168,2026-07-09T19:51:54.0000000+00:00,35.50363333,14.78175,2026-07-09 19:51:54,35.685787,14.812025,20.43886389346311
169,2026-07-09T20:21:54.0000000+00:00,35.50466667,14.78211667,2026-07-09 20:21:54,35.68596,14.813166,20.353348794484432
170,2026-07-09T20:51:55.0000000+00:00,35.50605,14.7824,2026-07-09 20:51:55,35.685764,14.81469,20.19547333542243
171,2026-07-09T21:22:02.0000000+00:00,35.5076,14.78256667,2026-07-09 21:22:02,35.685173,14.816593,19.983532449358204
172,2026-07-09T21:51:54.0000000+00:00,35.50906667,14.78283333,2026-07-09 21:51:54,35.68421,14.818922,19.74657897564236
173,2026-07-09T22:21:54.0000000+00:00,35.51058333,14.78323333,2026-07-09 22:21:54,35.68279,14.821258,19.454695357540587
174,2026-07-09T22:52:17.0000000+00:00,35.51226667,14.78443333,2026-07-09 22:52:17,35.680946,14.823649,19.088486962543687
175,2026-07-09T23:21:55.0000000+00:00,35.51381667,14.7858,2026-07-09 23:21:55,35.678684,14.825967,18.68880019658512
176,2026-07-09T23:52:19.0000000+00:00,35.51533333,14.78723333,2026-07-09 23:52:19,35.67619,14.828502,18.271345546816274
177,2026-07-10T00:22:19.0000000+00:00,35.51623333,14.78875,2026-07-10 00:22:19,35.673126,14.830504,17.8494156455858
178,2026-07-10T00:51:54.0000000+00:00,35.51655,14.79,2026-07-10 00:51:54,35.669712,14.832159,17.452041817481376
179,2026-07-10T01:21:58.0000000+00:00,35.5165,14.79156667,2026-07-10 01:21:58,35.66605,14.8334255,17.05442548348352
180,2026-07-10T01:51:54.0000000+00:00,35.51591667,14.793,2026-07-10 01:51:54,35.66219,14.834095,16.68396211380584
181,2026-07-10T02:21:54.0000000+00:00,35.51475,14.79501667,2026-07-10 02:21:54,35.6582,14.8341875,16.33923419905774
182,2026-07-10T02:51:55.0000000+00:00,35.51275,14.7963,2026-07-10 02:51:55,35.65418,14.833643,16.08459450161076
183,2026-07-10T03:21:54.0000000+00:00,35.51055,14.79731667,2026-07-10 03:21:54,35.650215,14.832413,15.850879226098746
184,2026-07-10T03:51:54.0000000+00:00,35.50788333,14.79791667,2026-07-10 03:51:54,35.646378,14.830532,15.67986250283447
185,2026-07-10T04:21:54.0000000+00:00,35.50476667,14.79796667,2026-07-10 04:21:54,35.642708,14.8279915,15.57677383491418
186,2026-07-10T04:51:54.0000000+00:00,35.5013,14.7975,2026-07-10 04:51:54,35.639202,14.825004,15.534598003038688
187,2026-07-10T05:21:55.0000000+00:00,35.49806667,14.79575,2026-07-10 05:21:55,35.63587,14.821552,15.49972542950086
188,2026-07-10T05:52:01.0000000+00:00,35.49513333,14.7927,2026-07-10 05:52:01,35.632748,14.817761,15.469105948359937
189,2026-07-10T06:21:55.0000000+00:00,35.4923,14.78866667,2026-07-10 06:21:55,35.629852,14.813526,15.459564226747055
190,2026-07-10T06:51:55.0000000+00:00,35.48983333,14.78345,2026-07-10 06:51:55,35.627235,14.808982,15.452131592789371
191,2026-07-10T07:21:54.0000000+00:00,35.48718333,14.77711667,2026-07-10 07:21:54,35.624935,14.804135,15.511036959815769
192,2026-07-10T07:51:54.0000000+00:00,35.48473333,14.77023333,2026-07-10 07:51:54,35.622986,14.799037,15.592141662629281
193,2026-07-10T08:21:54.0000000+00:00,35.48243333,14.76291667,2026-07-10 08:21:54,35.62143,14.793744,15.705051403970483
194,2026-07-10T08:51:56.0000000+00:00,35.4805,14.75481667,2026-07-10 08:51:56,35.62029,14.788361,15.837053336331834
195,2026-07-10T09:21:54.0000000+00:00,35.47895,14.74623333,2026-07-10 09:21:54,35.61961,14.782926,15.98913003154053
196,2026-07-10T09:51:54.0000000+00:00,35.47826667,14.73685,2026-07-10 09:51:54,35.619404,14.77758,16.120382530286246
197,2026-07-10T10:21:54.0000000+00:00,35.47838333,14.72796667,2026-07-10 10:21:54,35.619637,14.772339,16.211305236388647
198,2026-07-10T10:51:54.0000000+00:00,35.4799,14.71965,2026-07-10 10:51:54,35.62062,14.766543,16.212415783020862
199,2026-07-10T11:21:54.0000000+00:00,35.48221667,14.7113,2026-07-10 11:21:54,35.621613,14.761876,16.16125993643324
200,2026-07-10T11:51:54.0000000+00:00,35.48478333,14.70365,2026-07-10 11:51:54,35.62355,14.755838,16.136445957961563
201,2026-07-10T12:21:54.0000000+00:00,35.48788333,14.69645,2026-07-10 12:21:54,35.62506,14.7521,16.062758423417556
202,2026-07-10T12:51:54.0000000+00:00,35.49145,14.68963333,2026-07-10 12:51:54,35.62672,14.748899,15.968284243433093
203,2026-07-10T13:21:54.0000000+00:00,35.49568333,14.68296667,2026-07-10 13:21:54,35.628433,14.746226,15.831285168477702
204,2026-07-10T13:51:55.0000000+00:00,35.50023333,14.67691667,2026-07-10 13:51:55,35.63014,14.744016,15.668126076389541
205,2026-07-10T14:21:54.0000000+00:00,35.50516667,14.67138333,2026-07-10 14:21:54,35.63241,14.741321,15.49819002940696
206,2026-07-10T14:51:54.0000000+00:00,35.51016667,14.66658333,2026-07-10 14:51:54,35.635258,14.737897,15.3322360433893
207,2026-07-10T15:22:01.0000000+00:00,35.51471667,14.66308333,2026-07-10 15:22:01,35.636738,14.736435,15.103058791334936
208,2026-07-10T15:51:54.0000000+00:00,35.51891667,14.65968333,2026-07-10 15:51:54,35.63814,14.735049,14.906615826325758
209,2026-07-10T16:22:19.0000000+00:00,35.52298333,14.65631667,2026-07-10 16:22:19,35.64092,14.731812,14.784429169998079
210,2026-07-10T16:51:54.0000000+00:00,35.52623333,14.65413333,2026-07-10 16:51:54,35.642197,14.730345,14.620552352698006
211,2026-07-10T17:22:25.0000000+00:00,35.52888333,14.65196667,2026-07-10 17:22:25,35.643456,14.728818,14.511990703727522
212,2026-07-10T17:51:54.0000000+00:00,35.53111667,14.64965,2026-07-10 17:51:54,35.644726,14.727183,14.447861900791525
213,2026-07-10T18:21:54.0000000+00:00,35.53306667,14.64748333,2026-07-10 18:21:54,35.64602,14.725488,14.404897938140584
214,2026-07-10T18:51:55.0000000+00:00,35.53498333,14.64553333,2026-07-10 18:51:55,35.647366,14.723725,14.357769668802579
215,2026-07-10T19:21:54.0000000+00:00,35.53633333,14.6437,2026-07-10 19:21:54,35.648735,14.722071,14.367556503490768
216,2026-07-10T19:51:56.0000000+00:00,35.53746667,14.64183333,2026-07-10 19:51:56,35.650112,14.720542,14.40609951625292
217,2026-07-10T20:21:54.0000000+00:00,35.53868333,14.6405,2026-07-10 20:21:54,35.65146,14.719191,14.418062180418504
218,2026-07-10T20:51:54.0000000+00:00,35.54,14.6399,2026-07-10 20:51:54,35.65273,14.718046,14.389313179699675
219,2026-07-10T21:21:54.0000000+00:00,35.54083333,14.63948333,2026-07-10 21:21:54,35.653877,14.717119,14.397147966929591
220,2026-07-10T21:51:54.0000000+00:00,35.5411,14.63891667,2026-07-10 21:51:54,35.654854,14.716412,14.459881876438546
221,2026-07-10T22:21:54.0000000+00:00,35.54078333,14.63835,2026-07-10 22:21:54,35.655617,14.715903,14.567457065400498
222,2026-07-10T22:52:01.0000000+00:00,35.54,14.63743333,2026-07-10 22:52:01,35.656193,14.71534,14.715500483306819
223,2026-07-10T23:21:54.0000000+00:00,35.53855,14.63603333,2026-07-10 23:21:54,35.65639,14.715109,14.926967215521824
224,2026-07-10T23:51:54.0000000+00:00,35.53665,14.63365,2026-07-10 23:51:54,35.65641,14.714914,15.209087250123345
225,2026-07-11T00:22:25.0000000+00:00,35.53435,14.63063333,2026-07-11 00:22:25,35.656277,14.714709,15.543282748106504
226,2026-07-11T00:51:54.0000000+00:00,35.53216667,14.62745,2026-07-11 00:51:54,35.65602,14.714428,15.859462151423427
227,2026-07-11T01:21:54.0000000+00:00,35.5297,14.62391667,2026-07-11 01:21:54,35.655727,14.713994,16.208728662252504
228,2026-07-11T01:52:03.0000000+00:00,35.52696667,14.61983333,2026-07-11 01:52:03,35.655388,14.713521,16.60345869468615
229,2026-07-11T02:21:54.0000000+00:00,35.52453333,14.61505,2026-07-11 02:21:54,35.65506,14.712909,16.998605582265697
230,2026-07-11T02:51:56.0000000+00:00,35.52258333,14.60933333,2026-07-11 02:51:56,35.65469,14.712319,17.39281933753102
231,2026-07-11T03:21:58.0000000+00:00,35.52101667,14.6027,2026-07-11 03:21:58,35.654324,14.71165,17.79827672705125
232,2026-07-11T03:51:54.0000000+00:00,35.51978333,14.59611667,2026-07-11 03:51:54,35.653923,14.710949,18.174165957635438
233,2026-07-11T04:21:54.0000000+00:00,35.51916667,14.58893333,2026-07-11 04:21:54,35.653503,14.710136,18.52701188907738
234,2026-07-11T04:51:54.0000000+00:00,35.51896667,14.58218333,2026-07-11 04:51:54,35.652992,14.709309,18.82166623656119
235,2026-07-11T05:22:01.0000000+00:00,35.51906667,14.57571667,2026-07-11 05:22:01,35.65238,14.708419,19.072248093021102
236,2026-07-11T05:51:54.0000000+00:00,35.5198,14.56968333,2026-07-11 05:51:54,35.65165,14.707472,19.24036926226768
237,2026-07-11T06:21:54.0000000+00:00,35.52101667,14.564,2026-07-11 06:21:54,35.650787,14.706445,19.342692967134937
238,2026-07-11T06:51:54.0000000+00:00,35.52218333,14.55965,2026-07-11 06:51:54,35.64978,14.70532,19.360334318717424
239,2026-07-11T07:21:57.0000000+00:00,35.5233,14.55623333,2026-07-11 07:21:57,35.648647,14.704062,19.312277687272545
240,2026-07-11T07:51:56.0000000+00:00,35.52468333,14.55345,2026-07-11 07:51:56,35.647404,14.702644,19.189217644844305
241,2026-07-11T08:21:54.0000000+00:00,35.5263,14.55046667,2026-07-11 08:21:54,35.64607,14.701039,19.046084458494935
242,2026-07-11T08:51:55.0000000+00:00,35.52778333,14.54721667,2026-07-11 08:51:55,35.64472,14.699211,18.92036433342032
243,2026-07-11T09:21:56.0000000+00:00,35.52946667,14.54448333,2026-07-11 09:21:56,35.643414,14.697156,18.73877637707084
244,2026-07-11T09:51:57.0000000+00:00,35.53145,14.54146667,2026-07-11 09:51:57,35.642185,14.694888,18.549537275552005
245,2026-07-11T10:21:55.0000000+00:00,35.53365,14.53823333,2026-07-11 10:21:55,35.64104,14.692426,18.35765459286304
246,2026-07-11T10:51:57.0000000+00:00,35.53585,14.53515,2026-07-11 10:51:57,35.64001,14.689792,18.157247365023927
247,2026-07-11T11:21:54.0000000+00:00,35.53791667,14.53225,2026-07-11 11:21:54,35.639114,14.687012,17.957375202459577
248,2026-07-11T11:51:55.0000000+00:00,35.5399,14.52926667,2026-07-11 11:51:55,35.63838,14.684116,17.77547970866967
249,2026-07-11T12:21:54.0000000+00:00,35.54171667,14.52593333,2026-07-11 12:21:54,35.637833,14.681134,17.640278947708843
250,2026-07-11T12:51:57.0000000+00:00,35.54366667,14.52285,2026-07-11 12:51:57,35.637512,14.678102,17.492001740065398
251,2026-07-11T13:21:54.0000000+00:00,35.54556667,14.51956667,2026-07-11 13:21:54,35.63745,14.675055,17.379850298398505
252,2026-07-11T13:51:54.0000000+00:00,35.54753333,14.51603333,2026-07-11 13:51:54,35.637665,14.672034,17.303469598207688
253,2026-07-11T14:22:01.0000000+00:00,35.55,14.51276667,2026-07-11 14:22:01,35.638165,14.669079,17.200867261579734
254,2026-07-11T14:51:56.0000000+00:00,35.5524,14.51005,2026-07-11 14:51:56,35.638954,14.666229,17.08920909127425
255,2026-07-11T15:21:55.0000000+00:00,35.5548,14.50755,2026-07-11 15:21:55,35.640026,14.663529,16.991265603372867
256,2026-07-11T15:51:56.0000000+00:00,35.55651667,14.50535,2026-07-11 15:51:56,35.641388,14.66099,16.943512765046435
257,2026-07-11T16:21:56.0000000+00:00,35.55768333,14.50293333,2026-07-11 16:21:56,35.642956,14.658698,16.977565196374528
258,2026-07-11T16:51:56.0000000+00:00,35.55881667,14.50091667,2026-07-11 16:51:56,35.644695,14.656652,17.012846927236726
259,2026-07-11T17:21:57.0000000+00:00,35.55948333,14.4994,2026-07-11 17:21:57,35.646576,14.654849,17.06752810942558
260,2026-07-11T17:51:55.0000000+00:00,35.55995,14.49785,2026-07-11 17:51:55,35.648464,14.653366,17.162588197234733
261,2026-07-11T18:22:19.0000000+00:00,35.56,14.49595,2026-07-11 18:22:19,35.65033,14.652166,17.330461655022795
262,2026-07-11T18:52:01.0000000+00:00,35.56018333,14.4938,2026-07-11 18:52:01,35.65302,14.650672,17.541028396067425
263,2026-07-11T19:22:01.0000000+00:00,35.56038333,14.49156667,2026-07-11 19:22:01,35.656803,14.648802,17.804644475116987
264,2026-07-11T19:52:01.0000000+00:00,35.56058333,14.48911667,2026-07-11 19:52:01,35.658264,14.648415,18.03762742539067
265,2026-07-11T20:22:02.0000000+00:00,35.5607,14.48623333,2026-07-11 20:22:02,35.65957,14.648219,18.311038469996802
266,2026-07-11T20:52:16.0000000+00:00,35.56093333,14.48325,2026-07-11 20:52:16,35.66181,14.647402,18.601839718307893
267,2026-07-11T21:21:57.0000000+00:00,35.56086667,14.48015,2026-07-11 21:21:57,35.66267,14.647614,18.902808199253762
268,2026-07-11T21:52:07.0000000+00:00,35.56058333,14.47708333,2026-07-11 21:52:07,35.663372,14.647939,19.214234910063265
269,2026-07-11T22:22:01.0000000+00:00,35.56003333,14.47395,2026-07-11 22:22:01,35.663845,14.648398,19.543347753965975
270,2026-07-11T22:52:00.0000000+00:00,35.55956667,14.47056667,2026-07-11 22:52:00,35.66415,14.648947,19.881375888629695
271,2026-07-11T23:22:00.0000000+00:00,35.55933333,14.46695,2026-07-11 23:22:00,35.666332,14.648587,20.27713945121477
272,2026-07-11T23:51:54.0000000+00:00,35.55951667,14.46328333,2026-07-11 23:51:54,35.66634,14.649321,20.589141794604675
273,2026-07-12T00:22:04.0000000+00:00,35.5595,14.46008333,2026-07-12 00:22:04,35.667282,14.650361,20.964213353213523
274,2026-07-12T00:52:27.0000000+00:00,35.55936667,14.45751667,2026-07-12 00:52:27,35.667164,14.651255,21.22245908894631
275,2026-07-12T01:22:01.0000000+00:00,35.55916667,14.4552,2026-07-12 01:22:01,35.66707,14.652257,21.477230778787018
276,2026-07-12T01:52:01.0000000+00:00,35.55951667,14.45271667,2026-07-12 01:52:01,35.666965,14.653368,21.71978788106448
277,2026-07-12T02:22:00.0000000+00:00,35.55983333,14.45048333,2026-07-12 02:22:00,35.666744,14.654588,21.948590491646367
278,2026-07-12T02:52:01.0000000+00:00,35.55995,14.44865,2026-07-12 02:52:01,35.666466,14.655895,22.164449014547838
279,2026-07-12T03:22:25.0000000+00:00,35.56018333,14.44666667,2026-07-12 03:22:25,35.666004,14.657263,22.380417453385654
280,2026-07-12T03:52:01.0000000+00:00,35.56056667,14.44501667,2026-07-12 03:52:01,35.665386,14.658663,22.557712073105325
281,2026-07-12T04:22:00.0000000+00:00,35.5611,14.44328333,2026-07-12 04:22:00,35.664764,14.660064,22.73533667593075
282,2026-07-12T04:51:56.0000000+00:00,35.56175,14.44218333,2026-07-12 04:51:56,35.66405,14.661428,22.851773439084983
283,2026-07-12T05:22:01.0000000+00:00,35.5623,14.4412,2026-07-12 05:22:01,35.66337,14.662731,22.96385072838385
284,2026-07-12T05:51:59.0000000+00:00,35.56303333,14.44105,2026-07-12 05:51:59,35.662746,14.663951,22.99884750510529
285,2026-07-12T06:21:57.0000000+00:00,35.56376667,14.44171667,2026-07-12 06:21:57,35.662205,14.665092,22.96853825987857
286,2026-07-12T06:52:01.0000000+00:00,35.56426667,14.44313333,2026-07-12 06:52:01,35.66222,14.666309,22.927093835364968
287,2026-07-12T07:22:01.0000000+00:00,35.56471667,14.44495,2026-07-12 07:22:01,35.661846,14.667366,22.822954196542348
288,2026-07-12T07:52:01.0000000+00:00,35.5649,14.44658333,2026-07-12 07:52:01,35.66141,14.668459,22.747637158414157
289,2026-07-12T08:22:01.0000000+00:00,35.5647,14.44816667,2026-07-12 08:22:01,35.66092,14.669644,22.700663676291718
290,2026-07-12T08:52:01.0000000+00:00,35.56435,14.44976667,2026-07-12 08:52:01,35.6603,14.670993,22.66657303984147
291,2026-07-12T09:22:00.0000000+00:00,35.56381667,14.45135,2026-07-12 09:22:00,35.659657,14.672526,22.65698824750818
292,2026-07-12T09:52:00.0000000+00:00,35.56276667,14.45296667,2026-07-12 09:52:00,35.658836,14.674211,22.674594742898616
293,2026-07-12T10:22:00.0000000+00:00,35.56151667,14.45456667,2026-07-12 10:22:00,35.657528,14.675983,22.68559303848458
294,2026-07-12T10:51:58.0000000+00:00,35.56023333,14.45623333,2026-07-12 10:51:58,35.655937,14.677652,22.67007378120625
295,2026-07-12T11:22:00.0000000+00:00,35.55886667,14.45753333,2026-07-12 11:22:00,35.653755,14.67933,22.658178233905375
296,2026-07-12T11:52:00.0000000+00:00,35.5574,14.45851667,2026-07-12 11:52:00,35.65103,14.680801,22.63302674681263
297,2026-07-12T12:22:01.0000000+00:00,35.55575,14.45911667,2026-07-12 12:22:01,35.647984,14.681966,22.608029829952308
298,2026-07-12T12:52:00.0000000+00:00,35.5538,14.4594,2026-07-12 12:52:00,35.644688,14.682739,22.580765842245523
299,2026-07-12T13:22:00.0000000+00:00,35.55153333,14.4591,2026-07-12 13:22:00,35.641285,14.683049,22.574598856401035
300,2026-07-12T13:52:00.0000000+00:00,35.54911667,14.45773333,2026-07-12 13:52:00,35.637836,14.682833,22.618251280956727
301,2026-07-12T14:22:00.0000000+00:00,35.54675,14.45613333,2026-07-12 14:22:00,35.63462,14.682118,22.650080793869133
302,2026-07-12T14:52:01.0000000+00:00,35.54476667,14.4539,2026-07-12 14:52:01,35.63164,14.68092,22.6877822326176
303,2026-07-12T15:22:00.0000000+00:00,35.54336667,14.45143333,2026-07-12 15:22:00,35.62888,14.679243,22.688991087838374
304,2026-07-12T15:52:00.0000000+00:00,35.54241667,14.44845,2026-07-12 15:52:00,35.626667,14.677253,22.712723664586004
305,2026-07-12T16:22:00.0000000+00:00,35.5417,14.4454,2026-07-12 16:22:00,35.624924,14.675004,22.732395751958588
306,2026-07-12T16:52:04.0000000+00:00,35.54138333,14.44201667,2026-07-12 16:52:04,35.623856,14.672673,22.78573830031024
307,2026-07-12T17:22:01.0000000+00:00,35.54161667,14.43833333,2026-07-12 17:22:01,35.62351,14.670399,22.876621637238706
308,2026-07-12T17:52:01.0000000+00:00,35.54245,14.43491667,2026-07-12 17:52:01,35.62413,14.668372,22.982481063611772
309,2026-07-12T18:22:01.0000000+00:00,35.5439,14.43238333,2026-07-12 18:22:01,35.625156,14.666548,23.022547143546984
310,2026-07-12T18:52:01.0000000+00:00,35.54558333,14.42993333,2026-07-12 18:52:01,35.626743,14.665079,23.09951954215133
311,2026-07-12T19:21:57.0000000+00:00,35.54775,14.42773333,2026-07-12 19:21:57,35.62893,14.664059,23.198265992293315
312,2026-07-12T19:52:01.0000000+00:00,35.55013333,14.42548333,2026-07-12 19:52:01,35.63144,14.663476,23.341967133583815
313,2026-07-12T20:22:01.0000000+00:00,35.55241667,14.42335,2026-07-12 20:22:01,35.634094,14.663332,23.523201932990172
314,2026-07-12T20:52:01.0000000+00:00,35.55493333,14.42138333,2026-07-12 20:52:01,35.636944,14.663662,23.728328103604266
315,2026-07-12T21:22:25.0000000+00:00,35.55736667,14.41953333,2026-07-12 21:22:25,35.640003,14.664493,23.978260059948617
316,2026-07-12T21:52:25.0000000+00:00,35.55956667,14.41796667,2026-07-12 21:52:25,35.643005,14.665791,24.250973020601283
317,2026-07-12T22:21:57.0000000+00:00,35.5615,14.4167,2026-07-12 22:21:57,35.645588,14.6674385,24.52158985102002
318,2026-07-12T22:52:01.0000000+00:00,35.56316667,14.41581667,2026-07-12 22:52:01,35.647705,14.669395,24.777483645711985
319,2026-07-12T23:22:17.0000000+00:00,35.56458333,14.41488333,2026-07-12 23:22:17,35.649532,14.671741,25.068640051208668
320,2026-07-12T23:52:00.0000000+00:00,35.56576667,14.414,2026-07-12 23:52:00,35.650524,14.674372,25.355107252989512
321,2026-07-13T00:22:01.0000000+00:00,35.56656667,14.41335,2026-07-13 00:22:01,35.65081,14.677243,25.629916086189006
322,2026-07-13T00:52:01.0000000+00:00,35.56693333,14.41265,2026-07-13 00:52:01,35.650433,14.68027,25.914045232970874
323,2026-07-13T01:22:00.0000000+00:00,35.567,14.41165,2026-07-13 01:22:00,35.64943,14.683329,26.2151648781012
324,2026-07-13T01:52:31.0000000+00:00,35.56695,14.411,2026-07-13 01:52:31,35.647564,14.68628,26.451597703319095
325,2026-07-13T02:22:00.0000000+00:00,35.56606667,14.41098333,2026-07-13 02:22:00,35.645073,14.688983,26.624084751657612
326,2026-07-13T02:52:01.0000000+00:00,35.56456667,14.41061667,2026-07-13 02:52:01,35.64196,14.691287,26.7945726166697
327,2026-07-13T03:22:00.0000000+00:00,35.5628,14.40998333,2026-07-13 03:22:00,35.63847,14.693063,26.94126533537314
328,2026-07-13T03:52:01.0000000+00:00,35.56048333,14.40936667,2026-07-13 03:52:01,35.634632,14.694222,27.042874342339044
329,2026-07-13T04:22:00.0000000+00:00,35.55643333,14.40828333,2026-07-13 04:22:00,35.6306,14.694718,27.180763727163555
330,2026-07-13T04:52:00.0000000+00:00,35.5511,14.40683333,2026-07-13 04:52:00,35.626415,14.694531,27.32994415025408
331,2026-07-13T05:22:02.0000000+00:00,35.5456,14.40508333,2026-07-13 05:22:02,35.622265,14.693669,27.454122749879478
332,2026-07-13T05:52:00.0000000+00:00,35.53976667,14.40293333,2026-07-13 05:52:00,35.618294,14.692143,27.574090195053415
333,2026-07-13T06:22:01.0000000+00:00,35.53321667,14.39998333,2026-07-13 06:22:01,35.61446,14.689971,27.739409694279903
334,2026-07-13T06:52:00.0000000+00:00,35.52656667,14.3964,2026-07-13 06:52:00,35.61088,14.687167,27.92047003877697
335,2026-07-13T07:22:01.0000000+00:00,35.5197,14.39155,2026-07-13 07:22:01,35.607616,14.683743,28.179877766261864
336,2026-07-13T07:52:01.0000000+00:00,35.5125,14.38571667,2026-07-13 07:52:01,35.60472,14.679728,28.50446545262205
337,2026-07-13T08:21:57.0000000+00:00,35.50433333,14.37925,2026-07-13 08:21:57,35.60225,14.675171,28.89986996268518
338,2026-07-13T08:52:01.0000000+00:00,35.49661667,14.37203333,2026-07-13 08:52:01,35.600117,14.670185,29.326559646923315
339,2026-07-13T09:22:00.0000000+00:00,35.48905,14.36425,2026-07-13 09:22:00,35.598354,14.664851,29.789527366145265
340,2026-07-13T09:52:01.0000000+00:00,35.48195,14.3562,2026-07-13 09:52:01,35.59699,14.659264,30.25826530177651
341,2026-07-13T10:22:03.0000000+00:00,35.47558333,14.34751667,2026-07-13 10:22:03,35.595963,14.65354,30.755992770397434
342,2026-07-13T10:52:00.0000000+00:00,35.46951667,14.33791667,2026-07-13 10:52:00,35.594604,14.645233,31.093420992416746
343,2026-07-13T11:22:00.0000000+00:00,35.46471667,14.3267,2026-07-13 11:22:00,35.59418,14.639332,31.74287559859726
344,2026-07-13T11:52:31.0000000+00:00,35.4603,14.3136,2026-07-13 11:52:31,35.594017,14.633406,32.53683551499484
345,2026-07-13T12:22:00.0000000+00:00,35.457,14.30051667,2026-07-13 12:22:00,35.594036,14.627372,33.27332966413265
346,2026-07-13T12:52:00.0000000+00:00,35.4544,14.28671667,2026-07-13 12:52:00,35.593994,14.619528,33.883336110627404
347,2026-07-13T13:22:01.0000000+00:00,35.45248333,14.27341667,2026-07-13 13:22:01,35.594383,14.6134405,34.581339823572854
348,2026-07-13T13:52:00.0000000+00:00,35.45141667,14.26056667,2026-07-13 13:52:00,35.594936,14.607353,35.208404812627606
349,2026-07-13T14:22:00.0000000+00:00,35.45166667,14.24808333,2026-07-13 14:22:00,35.59562,14.59895,35.55945175864563
350,2026-07-13T14:52:29.0000000+00:00,35.45305,14.23603333,2026-07-13 14:52:29,35.5965,14.593014,36.02913282765992
351,2026-07-13T15:22:00.0000000+00:00,35.4552,14.2252,2026-07-13 15:22:00,35.59751,14.5871725,36.378886113448594
352,2026-07-13T15:52:01.0000000+00:00,35.45823333,14.21563333,2026-07-13 15:52:01,35.598618,14.581373,36.59353276375337
353,2026-07-13T16:21:57.0000000+00:00,35.46188333,14.20748333,2026-07-13 16:21:57,35.599873,14.575902,36.69981052153821
354,2026-07-13T16:52:00.0000000+00:00,35.46545,14.20045,2026-07-13 16:52:00,35.601234,14.5707245,36.75014781277526
355,2026-07-13T17:22:00.0000000+00:00,35.46866667,14.19416667,2026-07-13 17:22:00,35.602722,14.565963,36.79652669943085
356,2026-07-13T17:52:21.0000000+00:00,35.4717,14.18926667,2026-07-13 17:52:21,35.60431,14.561622,36.77704223725216
357,2026-07-13T18:22:25.0000000+00:00,35.47453333,14.18578333,2026-07-13 18:22:25,35.606018,14.557805,36.69866716940784
358,2026-07-13T18:52:31.0000000+00:00,35.4771,14.1835,2026-07-13 18:52:31,35.607765,14.5543585,36.564852766242936
359,2026-07-13T19:22:00.0000000+00:00,35.4795,14.18155,2026-07-13 19:22:00,35.609604,14.551558,36.46873432322718
360,2026-07-13T19:52:01.0000000+00:00,35.48163333,14.18035,2026-07-13 19:52:01,35.611446,14.549317,36.368670512607174
361,2026-07-13T20:22:00.0000000+00:00,35.48326667,14.17936667,2026-07-13 20:22:00,35.61325,14.547689,36.32220752369379
362,2026-07-13T20:52:01.0000000+00:00,35.48428333,14.17881667,2026-07-13 20:52:01,35.614582,14.54608,36.24762861225554
363,2026-07-13T21:22:00.0000000+00:00,35.48486667,14.17848333,2026-07-13 21:22:00,35.616074,14.545504,36.267703109809915
364,2026-07-13T21:52:00.0000000+00:00,35.4849,14.17803333,2026-07-13 21:52:00,35.617367,14.545455,36.35720378236363
365,2026-07-13T22:22:00.0000000+00:00,35.48451667,14.17795,2026-07-13 22:22:00,35.618397,14.545735,36.45094511021759
366,2026-07-13T22:52:09.0000000+00:00,35.48351667,14.17808333,2026-07-13 22:52:09,35.61917,14.546293,36.567073134045785
367,2026-07-13T23:22:24.0000000+00:00,35.48181667,14.17818333,2026-07-13 23:22:24,35.619656,14.547043,36.721585906133164
368,2026-07-13T23:52:00.0000000+00:00,35.47918333,14.17826667,2026-07-13 23:52:00,35.61982,14.548002,36.924760105034466
369,2026-07-14T00:22:31.0000000+00:00,35.47606667,14.17845,2026-07-14 00:22:31,35.619637,14.549045,37.13473542330559
370,2026-07-14T00:52:00.0000000+00:00,35.47255,14.17905,2026-07-14 00:52:00,35.619137,14.550232,37.32887946177858
371,2026-07-14T01:22:00.0000000+00:00,35.46785,14.17971667,2026-07-14 01:22:00,35.61826,14.55162,37.57577059248961
372,2026-07-14T01:52:00.0000000+00:00,35.46261667,14.18018333,2026-07-14 01:52:00,35.616306,14.553304,37.83920380014968
373,2026-07-14T02:22:01.0000000+00:00,35.45726667,14.18033333,2026-07-14 02:22:01,35.61477,14.554804,38.14227907396965
374,2026-07-14T02:52:00.0000000+00:00,35.45211667,14.17995,2026-07-14 02:52:00,35.612907,14.5563,38.4633501033012
375,2026-07-14T03:22:00.0000000+00:00,35.44708333,14.17936667,2026-07-14 03:22:00,35.610767,14.557638,38.768711039223355
376,2026-07-14T03:52:01.0000000+00:00,35.44203333,14.17881667,2026-07-14 03:52:01,35.60839,14.558717,39.04048127219878
377,2026-07-14T04:21:57.0000000+00:00,35.43651667,14.17761667,2026-07-14 04:21:57,35.605816,14.559563,39.36049942630599
378,2026-07-14T04:52:01.0000000+00:00,35.43046667,14.17495,2026-07-14 04:52:01,35.60308,14.560099,39.79343210502248
379,2026-07-14T05:22:01.0000000+00:00,35.42403333,14.17208333,2026-07-14 05:22:01,35.59957,14.56199,40.32930686825037
380,2026-07-14T05:52:01.0000000+00:00,35.41753333,14.16936667,2026-07-14 05:52:01,35.59657,14.561966,40.7332853663902
381,2026-07-14T06:21:59.0000000+00:00,35.4111,14.16643333,2026-07-14 06:21:59,35.593437,14.561739,41.12890425689558
382,2026-07-14T06:51:59.0000000+00:00,35.40493333,14.16341667,2026-07-14 06:51:59,35.59017,14.561252,41.48926923355234
383,2026-07-14T07:21:57.0000000+00:00,35.39856667,14.16041667,2026-07-14 07:21:57,35.586765,14.560583,41.83816600274721
384,2026-07-14T07:52:00.0000000+00:00,35.3919,14.15718333,2026-07-14 07:52:00,35.58323,14.559663,42.19614290871634
385,2026-07-14T08:21:58.0000000+00:00,35.38501667,14.15413333,2026-07-14 08:21:58,35.579563,14.558531,42.52901779868594
386,2026-07-14T08:51:57.0000000+00:00,35.37778333,14.15088333,2026-07-14 08:51:57,35.575794,14.557122,42.87149098862901
387,2026-07-14T09:22:00.0000000+00:00,35.37023333,14.14666667,2026-07-14 09:22:00,35.571934,14.55544,43.28189409279979
388,2026-07-14T09:52:00.0000000+00:00,35.36286667,14.14168333,2026-07-14 09:52:00,35.568,14.553582,43.72454799040882
389,2026-07-14T10:21:58.0000000+00:00,35.35571667,14.13546667,2026-07-14 10:21:58,35.564037,14.551467,44.228516686935066
390,2026-07-14T10:51:58.0000000+00:00,35.34891667,14.12838333,2026-07-14 10:51:58,35.560123,14.549088,44.76165538709723
391,2026-07-14T11:22:00.0000000+00:00,35.34256667,14.12168333,2026-07-14 11:22:00,35.556343,14.546356,45.21974421717377
392,2026-07-14T11:52:01.0000000+00:00,35.3368,14.11528333,2026-07-14 11:52:01,35.55282,14.543358,45.61485326412688
393,2026-07-14T12:22:01.0000000+00:00,35.33183333,14.10888333,2026-07-14 12:22:01,35.54956,14.540152,45.96251048098273
394,2026-07-14T12:52:01.0000000+00:00,35.32763333,14.10256667,2026-07-14 12:52:01,35.54664,14.536892,46.2741746543579
395,2026-07-14T13:21:59.0000000+00:00,35.32386667,14.09636667,2026-07-14 13:21:59,35.544094,14.533657,46.5755156171797
396,2026-07-14T13:51:58.0000000+00:00,35.32061667,14.09001667,2026-07-14 13:51:58,35.541924,14.530537,46.8887269097145
397,2026-07-14T14:22:01.0000000+00:00,35.31795,14.08391667,2026-07-14 14:22:01,35.54004,14.527686,47.186025419049706
398,2026-07-14T14:52:00.0000000+00:00,35.31588333,14.0792,2026-07-14 14:52:00,35.53843,14.525118,47.379388282113986
399,2026-07-14T15:21:58.0000000+00:00,35.31391667,14.07516667,2026-07-14 15:21:58,35.536945,14.522976,47.55428413826643
400,2026-07-14T15:51:58.0000000+00:00,35.31195,14.0715,2026-07-14 15:51:58,35.53553,14.521255,47.73736258111038
401,2026-07-14T16:22:01.0000000+00:00,35.31045,14.06855,2026-07-14 16:22:01,35.5339,14.520485,47.89946608957825
402,2026-07-14T16:52:01.0000000+00:00,35.30931667,14.06616667,2026-07-14 16:52:01,35.532436,14.519578,47.995395874868606
403,2026-07-14T17:22:00.0000000+00:00,35.30818333,14.06431667,2026-07-14 17:22:00,35.53088,14.518985,48.06912900840841
404,2026-07-14T17:52:01.0000000+00:00,35.30698333,14.06323333,2026-07-14 17:52:01,35.5292,14.518647,48.10039742115379
405,2026-07-14T18:22:00.0000000+00:00,35.30565,14.06261667,2026-07-14 18:22:00,35.527428,14.518466,48.10971576319384
406,2026-07-14T18:52:00.0000000+00:00,35.30426667,14.06255,2026-07-14 18:52:00,35.525566,14.518325,48.077502079224175
407,2026-07-14T19:22:00.0000000+00:00,35.30293333,14.0633,2026-07-14 19:22:00,35.523552,14.518176,47.96950079847154
408,2026-07-14T19:52:00.0000000+00:00,35.30138333,14.06441667,2026-07-14 19:52:00,35.52131,14.518018,47.83155660892036
409,2026-07-14T20:22:01.0000000+00:00,35.29911667,14.06563333,2026-07-14 20:22:01,35.518967,14.517694,47.70857794519887
410,2026-07-14T20:52:01.0000000+00:00,35.2963,14.06695,2026-07-14 20:52:01,35.51657,14.517152,47.58903652013759
411,2026-07-14T21:22:01.0000000+00:00,35.29345,14.06803333,2026-07-14 21:22:01,35.51465,14.51838,47.65443021162597
412,2026-07-14T21:52:00.0000000+00:00,35.29125,14.06986667,2026-07-14 21:52:00,35.512142,14.517531,47.42974241709019
413,2026-07-14T22:22:00.0000000+00:00,35.28896667,14.07193333,2026-07-14 22:22:00,35.509754,14.51643,47.17932929167914
414,2026-07-14T22:52:00.0000000+00:00,35.28648333,14.0742,2026-07-14 22:52:00,35.50749,14.515152,46.91888995492697
415,2026-07-14T23:22:00.0000000+00:00,35.2833,14.07628333,2026-07-14 23:22:00,35.505405,14.513757,46.71632471795956
416,2026-07-14T23:52:26.0000000+00:00,35.27961667,14.07826667,2026-07-14 23:52:26,35.503548,14.512302,46.561589322888125
417,2026-07-15T00:22:01.0000000+00:00,35.27586667,14.08036667,2026-07-15 00:22:01,35.501965,14.510871,46.42236439698514
418,2026-07-15T00:52:31.0000000+00:00,35.27181667,14.082,2026-07-15 00:52:31,35.500645,14.509635,46.37109086601643
419,2026-07-15T01:22:00.0000000+00:00,35.26791667,14.08316667,2026-07-15 01:22:00,35.499557,14.50871,46.38644901240861
420,2026-07-15T01:53:01.0000000+00:00,35.26396667,14.08441667,2026-07-15 01:53:01,35.498672,14.508169,46.443122347140466
421,2026-07-15T02:22:00.0000000+00:00,35.25996667,14.08533333,2026-07-15 02:22:00,35.49792,14.5080385,46.569898147693436
422,2026-07-15T02:52:00.0000000+00:00,35.25563333,14.08516667,2026-07-15 02:52:00,35.497234,14.508301,46.83423636565715
423,2026-07-15T03:22:00.0000000+00:00,35.25133333,14.08441667,2026-07-15 03:22:00,35.49654,14.508903,47.16642481708937
424,2026-07-15T03:52:00.0000000+00:00,35.24735,14.08335,2026-07-15 03:52:00,35.495777,14.509778,47.51819811839768
425,2026-07-15T04:22:01.0000000+00:00,35.24345,14.08236667,2026-07-15 04:22:01,35.49488,14.510826,47.863571864680125
426,2026-07-15T04:52:00.0000000+00:00,35.2401,14.08105,2026-07-15 04:52:00,35.49382,14.511929,48.19118533837237
427,2026-07-15T05:22:06.0000000+00:00,35.23686667,14.0795,2026-07-15 05:22:06,35.491856,14.515731,48.668656086873
428,2026-07-15T05:52:01.0000000+00:00,35.2336,14.07845,2026-07-15 05:52:01,35.490482,14.516788,48.9474581747737
429,2026-07-15T06:22:00.0000000+00:00,35.23058333,14.07761667,2026-07-15 06:22:00,35.488926,14.517865,49.18391747688069
430,2026-07-15T06:52:01.0000000+00:00,35.2278,14.07695,2026-07-15 06:52:01,35.487198,14.518919,49.379984460340324
431,2026-07-15T07:21:59.0000000+00:00,35.22536667,14.07671667,2026-07-15 07:21:59,35.485313,14.519805,49.49886877775947
432,2026-07-15T07:52:31.0000000+00:00,35.22298333,14.07771667,2026-07-15 07:52:31,35.48328,14.520728,49.51684975978806
433,2026-07-15T08:22:20.0000000+00:00,35.22063333,14.07895,2026-07-15 08:22:20,35.481117,14.521526,49.49806071024618
434,2026-07-15T08:52:00.0000000+00:00,35.2182,14.07961667,2026-07-15 08:52:00,35.478844,14.522434,49.527000116557076
435,2026-07-15T09:22:00.0000000+00:00,35.21631667,14.08061667,2026-07-15 09:22:00,35.476482,14.523357,49.491039653106895
436,2026-07-15T09:52:01.0000000+00:00,35.21428333,14.08165,2026-07-15 09:52:01,35.47405,14.524387,49.465800504977935
437,2026-07-15T10:22:01.0000000+00:00,35.21235,14.08308333,2026-07-15 10:22:01,35.471565,14.525382,49.39878511911913
438,2026-07-15T10:52:00.0000000+00:00,35.21096667,14.08468333,2026-07-15 10:52:00,35.469078,14.526344,49.28079038582261
439,2026-07-15T11:22:00.0000000+00:00,35.20978333,14.0868,2026-07-15 11:22:00,35.466633,14.527266,49.11174758823013
440,2026-07-15T11:52:19.0000000+00:00,35.20883333,14.08926667,2026-07-15 11:52:19,35.464268,14.528155,48.90467373404636
441,2026-07-15T12:22:00.0000000+00:00,35.20825,14.09143333,2026-07-15 12:22:00,35.462032,14.529063,48.705485449790714
442,2026-07-15T12:52:01.0000000+00:00,35.20791667,14.0939,2026-07-15 12:52:01,35.45993,14.529968,48.47686603512547
443,2026-07-15T13:22:01.0000000+00:00,35.20733333,14.09708333,2026-07-15 13:22:01,35.457954,14.530872,48.21900420832301
444,2026-07-15T13:52:00.0000000+00:00,35.2068,14.10138333,2026-07-15 13:52:00,35.456085,14.531738,47.87950205123551
445,2026-07-15T14:22:00.0000000+00:00,35.20621667,14.10586667,2026-07-15 14:22:00,35.454334,14.532573,47.53495182121779
446,2026-07-15T14:52:00.0000000+00:00,35.20515,14.11136667,2026-07-15 14:52:00,35.45266,14.533256,47.14089659727762
447,2026-07-15T15:23:01.0000000+00:00,35.203,14.11741667,2026-07-15 15:23:01,35.451073,14.533781,46.77235965475029
448,2026-07-15T15:52:01.0000000+00:00,35.20066667,14.12316667,2026-07-15 15:52:01,35.449554,14.534112,46.430852902082734
449,2026-07-15T16:22:02.0000000+00:00,35.19826667,14.12891667,2026-07-15 16:22:02,35.448105,14.534242,46.086881009992354
450,2026-07-15T16:52:01.0000000+00:00,35.1958,14.1349,2026-07-15 16:52:01,35.446716,14.534192,45.72500451579491
451,2026-07-15T17:22:00.0000000+00:00,35.19381667,14.1408,2026-07-15 17:22:00,35.44539,14.533998,45.333887605155255
452,2026-07-15T17:52:01.0000000+00:00,35.19158333,14.14668333,2026-07-15 17:52:01,35.44415,14.533833,44.972920872724266
453,2026-07-15T18:22:00.0000000+00:00,35.18935,14.15241667,2026-07-15 18:22:00,35.442924,14.533493,44.61515466258892
454,2026-07-15T18:52:00.0000000+00:00,35.1866,14.15796667,2026-07-15 18:52:00,35.441776,14.5332155,44.321094868999516
455,2026-07-15T19:22:01.0000000+00:00,35.1835,14.16301667,2026-07-15 19:22:01,35.440693,14.532984,44.09978601722809
456,2026-07-15T19:52:01.0000000+00:00,35.18031667,14.1671,2026-07-15 19:52:01,35.439674,14.532746,43.96009788130162
457,2026-07-15T20:22:01.0000000+00:00,35.17716667,14.17041667,2026-07-15 20:22:01,35.4387,14.532378,43.86932025003536
458,2026-07-15T20:52:31.0000000+00:00,35.17375,14.17325,2026-07-15 20:52:31,35.43774,14.531943,43.83059783914521
459,2026-07-15T21:22:00.0000000+00:00,35.17011667,14.17531667,2026-07-15 21:22:00,35.436806,14.531556,43.868346920231645
460,2026-07-15T21:52:01.0000000+00:00,35.16665,14.17696667,2026-07-15 21:52:01,35.43589,14.531171,43.9260007746362
461,2026-07-15T22:22:00.0000000+00:00,35.16368333,14.17838333,2026-07-15 22:22:00,35.434994,14.530759,43.963074902210764
462,2026-07-15T22:52:00.0000000+00:00,35.16075,14.17983333,2026-07-15 22:52:00,35.434128,14.530307,43.996590507315425
463,2026-07-15T23:22:18.0000000+00:00,35.15825,14.18078333,2026-07-15 23:22:18,35.433323,14.529795,44.03211886360097
464,2026-07-15T23:52:01.0000000+00:00,35.15635,14.18158333,2026-07-15 23:52:01,35.432396,14.5295725,44.04103308949409
465,2026-07-16T00:22:00.0000000+00:00,35.15495,14.18205,2026-07-16 00:22:00,35.431812,14.529,44.037142050171546
466,2026-07-16T00:52:00.0000000+00:00,35.15401667,14.18246667,2026-07-16 00:52:00,35.431236,14.52856,44.009752747492314
467,2026-07-16T01:22:00.0000000+00:00,35.1531,14.1829,2026-07-16 01:22:00,35.430943,14.527996,43.99401198064205
468,2026-07-16T01:52:20.0000000+00:00,35.15166667,14.18303333,2026-07-16 01:52:20,35.43075,14.527336,44.04016332430564
469,2026-07-16T02:22:00.0000000+00:00,35.1501,14.18326667,2026-07-16 02:22:00,35.430714,14.526771,44.109100697024026
470,2026-07-16T02:52:01.0000000+00:00,35.14821667,14.18381667,2026-07-16 02:52:01,35.430717,14.526103,44.18023244388435
471,2026-07-16T03:22:01.0000000+00:00,35.14646667,14.18478333,2026-07-16 03:22:01,35.43081,14.525456,44.223527997063336
472,2026-07-16T03:52:00.0000000+00:00,35.14458333,14.1864,2026-07-16 03:52:00,35.43091,14.524722,44.23323177932689
473,2026-07-16T04:22:00.0000000+00:00,35.14256667,14.18785,2026-07-16 04:22:00,35.430992,14.523889,44.25894391445326
474,2026-07-16T04:51:59.0000000+00:00,35.13975,14.1887,2026-07-16 04:51:59,35.431065,14.522969,44.382682836475524
475,2026-07-16T05:22:01.0000000+00:00,35.13658333,14.18895,2026-07-16 05:22:01,35.43112,14.521973,44.568595940873955
476,2026-07-16T05:51:59.0000000+00:00,35.13325,14.18923333,2026-07-16 05:51:59,35.43119,14.520979,44.76963683850435
477,2026-07-16T06:22:00.0000000+00:00,35.13015,14.18931667,2026-07-16 06:22:00,35.43126,14.520017,44.9679789998352
478,2026-07-16T06:51:59.0000000+00:00,35.12716667,14.18928333,2026-07-16 06:51:59,35.431316,14.519087,45.16667720338206
479,2026-07-16T07:21:59.0000000+00:00,35.1244,14.18898333,2026-07-16 07:21:59,35.43136,14.51819,45.36556171868468
480,2026-07-16T07:51:59.0000000+00:00,35.12181667,14.18851667,2026-07-16 07:51:59,35.431377,14.51736,45.56249914684942
481,2026-07-16T08:21:59.0000000+00:00,35.1192,14.18776667,2026-07-16 08:21:59,35.431374,14.516679,45.7868024356738
482,2026-07-16T08:52:02.0000000+00:00,35.11671667,14.18635,2026-07-16 08:52:02,35.43133,14.516137,46.0446743724552
483,2026-07-16T09:21:59.0000000+00:00,35.11465,14.18446667,2026-07-16 09:21:59,35.431232,14.515698,46.296444427447575
484,2026-07-16T09:52:00.0000000+00:00,35.11273333,14.18256667,2026-07-16 09:52:00,35.43107,14.515335,46.53547390705282
485,2026-07-16T10:22:01.0000000+00:00,35.11145,14.18083333,2026-07-16 10:22:01,35.430836,14.515087,46.71212664150851
486,2026-07-16T10:52:01.0000000+00:00,35.11068333,14.17908333,2026-07-16 10:52:01,35.430542,14.5149,46.844423798577964
487,2026-07-16T11:22:00.0000000+00:00,35.11025,14.17713333,2026-07-16 11:22:00,35.43018,14.514749,46.95692431123882
488,2026-07-16T11:52:01.0000000+00:00,35.11055,14.17526667,2026-07-16 11:52:01,35.429745,14.51464,46.99969219877965
489,2026-07-16T12:22:00.0000000+00:00,35.11103333,14.17401667,2026-07-16 12:22:00,35.429222,14.514564,46.98530342187554
490,2026-07-16T12:52:01.0000000+00:00,35.11196667,14.17381667,2026-07-16 12:52:01,35.4286,14.51449,46.86279087324255
491,2026-07-16T13:22:02.0000000+00:00,35.11305,14.17473333,2026-07-16 13:22:02,35.427856,14.514381,46.64862736123067
492,2026-07-16T13:51:59.0000000+00:00,35.11433333,14.1774,2026-07-16 13:51:59,35.426975,14.514199,46.297112569360316
493,2026-07-16T14:22:00.0000000+00:00,35.1138,14.1813,2026-07-16 14:22:00,35.425945,14.513881,46.003436820348966
494,2026-07-16T14:52:01.0000000+00:00,35.11275,14.18545,2026-07-16 14:52:01,35.424778,14.513353,45.716161128408764
495,2026-07-16T15:21:59.0000000+00:00,35.11091667,14.18996667,2026-07-16 15:21:59,35.423508,14.512544,45.45100214573691
496,2026-07-16T15:51:59.0000000+00:00,35.10875,14.19515,2026-07-16 15:51:59,35.42191,14.513033,45.226707369222325
497,2026-07-16T16:22:01.0000000+00:00,35.10638333,14.201,2026-07-16 16:22:01,35.420612,14.511464,44.89302219176156
498,2026-07-16T16:52:00.0000000+00:00,35.10361667,14.20738333,2026-07-16 16:52:00,35.419415,14.509474,44.55726704792807
499,2026-07-16T17:21:59.0000000+00:00,35.10063333,14.21408333,2026-07-16 17:21:59,35.418392,14.507074,44.22805137961703
500,2026-07-16T17:52:19.0000000+00:00,35.0974,14.21983333,2026-07-16 17:52:19,35.417618,14.504311,43.98874642324103
501,2026-07-16T18:21:59.0000000+00:00,35.09436667,14.22505,2026-07-16 18:21:59,35.416676,14.503298,43.84919797948925
502,2026-07-16T18:51:59.0000000+00:00,35.09066667,14.23001667,2026-07-16 18:51:59,35.416553,14.500044,43.752642926155175
503,2026-07-16T19:22:01.0000000+00:00,35.0864,14.2347,2026-07-16 19:22:01,35.416744,14.49693,43.77524564013579
504,2026-07-16T19:52:01.0000000+00:00,35.08173333,14.23866667,2026-07-16 19:52:01,35.417206,14.494445,43.94267830831075
505,2026-07-16T20:22:00.0000000+00:00,35.07718333,14.242,2026-07-16 20:22:00,35.41809,14.491324,44.15367068526453
506,2026-07-16T20:52:01.0000000+00:00,35.07323333,14.24468333,2026-07-16 20:52:01,35.41922,14.4885,44.38822162711042
507,2026-07-16T21:22:00.0000000+00:00,35.0695,14.24678333,2026-07-16 21:22:00,35.42051,14.486083,44.672520819911384
508,2026-07-16T21:52:00.0000000+00:00,35.06581667,14.24853333,2026-07-16 21:52:00,35.421608,14.485175,45.02203656827022
509,2026-07-16T22:22:01.0000000+00:00,35.06225,14.2501,2026-07-16 22:22:01,35.422966,14.483844,45.38050841539062
510,2026-07-16T22:52:01.0000000+00:00,35.05903333,14.25168333,2026-07-16 22:52:01,35.424232,14.483139,45.72603566816385
511,2026-07-16T23:22:00.0000000+00:00,35.05635,14.25363333,2026-07-16 23:22:00,35.42534,14.483067,46.01728364017657
512,2026-07-16T23:52:00.0000000+00:00,35.0535,14.25636667,2026-07-16 23:52:00,35.426243,14.483587,46.29981916394094
513,2026-07-17T00:22:00.0000000+00:00,35.05071667,14.25926667,2026-07-17 00:22:00,35.42691,14.484618,46.56910076870234
514,2026-07-17T00:51:59.0000000+00:00,35.04823333,14.262,2026-07-17 00:51:59,35.427296,14.486058,46.8048016284798
515,2026-07-17T01:22:00.0000000+00:00,35.0458,14.26478333,2026-07-17 01:22:00,35.42736,14.487774,47.01341092481448
516,2026-07-17T01:52:31.0000000+00:00,35.04315,14.26781667,2026-07-17 01:52:31,35.42709,14.489595,47.20516154845132
517,2026-07-17T02:22:00.0000000+00:00,35.04066667,14.27138333,2026-07-17 02:22:00,35.426476,14.491364,47.32443961414876
518,2026-07-17T02:52:00.0000000+00:00,35.03803333,14.27521667,2026-07-17 02:52:00,35.42553,14.492933,47.40869907020875
519,2026-07-17T03:22:01.0000000+00:00,35.0356,14.27955,2026-07-17 03:22:01,35.42428,14.494195,47.41271009201465
520,2026-07-17T03:52:00.0000000+00:00,35.03256667,14.2839,2026-07-17 03:52:00,35.42278,14.495079,47.44033688286027
521,2026-07-17T04:22:00.0000000+00:00,35.02945,14.28811667,2026-07-17 04:22:00,35.421085,14.495557,47.449433361348426
522,2026-07-17T04:52:00.0000000+00:00,35.02623333,14.29121667,2026-07-17 04:52:00,35.41927,14.49563,47.48438227886232
523,2026-07-17T05:22:00.0000000+00:00,35.02265,14.29371667,2026-07-17 05:22:00,35.41732,14.494897,47.53847046785638
524,2026-07-17T05:52:00.0000000+00:00,35.01865,14.29655,2026-07-17 05:52:00,35.41543,14.494248,47.6350954512782
525,2026-07-17T06:22:01.0000000+00:00,35.01441667,14.29996667,2026-07-17 06:22:01,35.413548,14.493302,47.730380887268154
526,2026-07-17T06:52:00.0000000+00:00,35.01006667,14.30413333,2026-07-17 06:52:00,35.41148,14.491967,47.78608830336197
527,2026-07-17T07:22:01.0000000+00:00,35.0057,14.30878333,2026-07-17 07:22:01,35.409676,14.490483,47.85724657686544
528,2026-07-17T07:52:25.0000000+00:00,35.0009,14.31381667,2026-07-17 07:52:25,35.407932,14.488752,47.96967293266429
529,2026-07-17T08:22:00.0000000+00:00,34.99588333,14.31885,2026-07-17 08:22:00,35.406246,14.486789,48.11398014246408
530,2026-07-17T08:52:00.0000000+00:00,34.99091667,14.32355,2026-07-17 08:52:00,35.40463,14.484608,48.274179461203694
531,2026-07-17T09:22:00.0000000+00:00,34.98595,14.32656667,2026-07-17 09:22:00,35.403095,14.482218,48.49271340799857
532,2026-07-17T09:52:01.0000000+00:00,34.98086667,14.32853333,2026-07-17 09:52:01,35.401752,14.480351,48.791312100460516
533,2026-07-17T10:22:00.0000000+00:00,34.97548333,14.32996667,2026-07-17 10:22:00,35.400433,14.477581,49.11953031160134
534,2026-07-17T10:52:17.0000000+00:00,34.96975,14.33238333,2026-07-17 10:52:17,35.399258,14.474667,49.4786678261317
535,2026-07-17T11:22:00.0000000+00:00,34.96493333,14.33368333,2026-07-17 11:22:00,35.398247,14.471647,49.787090688259966
536,2026-07-17T11:52:01.0000000+00:00,34.96015,14.3338,2026-07-17 11:52:01,35.397823,14.468042,50.17319269473562
537,2026-07-17T12:22:00.0000000+00:00,34.95578333,14.33308333,2026-07-17 12:22:00,35.397217,14.464947,50.5270703844486
538,2026-07-17T12:52:00.0000000+00:00,34.95241667,14.33158333,2026-07-17 12:52:00,35.39685,14.4618635,50.81765987012174
539,2026-07-17T13:22:00.0000000+00:00,34.94938333,14.32893333,2026-07-17 13:22:00,35.396725,14.458827,51.123998389802594
540,2026-07-17T13:52:00.0000000+00:00,34.94691667,14.32681667,2026-07-17 13:52:00,35.396835,14.455834,51.38452568549318
541,2026-07-17T14:22:12.0000000+00:00,34.9454,14.32453333,2026-07-17 14:22:12,35.39716,14.452835,51.56914725758543
542,2026-07-17T14:52:02.0000000+00:00,34.94481667,14.3222,2026-07-17 14:52:02,35.39769,14.449804,51.675775750679854
543,2026-07-17T15:22:00.0000000+00:00,34.94475,14.32056667,2026-07-17 15:22:00,35.39844,14.44673,51.735195454658296
544,2026-07-17T15:52:05.0000000+00:00,34.94541667,14.31956667,2026-07-17 15:52:05,35.39955,14.443558,51.73985646258157
545,2026-07-17T16:22:01.0000000+00:00,34.9466,14.31951667,2026-07-17 16:22:01,35.400787,14.440448,51.6857151988339
546,2026-07-17T16:52:01.0000000+00:00,34.94876667,14.32105,2026-07-17 16:52:01,35.40231,14.437395,51.5282139901693
547,2026-07-17T17:22:01.0000000+00:00,34.95073333,14.32345,2026-07-17 17:22:01,35.40414,14.434477,51.41630186415344
548,2026-07-17T17:52:00.0000000+00:00,34.95238333,14.32655,2026-07-17 17:52:00,35.406277,14.43179,51.3689419485018
549,2026-07-17T18:22:00.0000000+00:00,34.95398333,14.33033333,2026-07-17 18:22:00,35.409492,14.429502,51.446031626281126
550,2026-07-17T18:52:00.0000000+00:00,34.95495,14.33498333,2026-07-17 18:52:00,35.412167,14.427601,51.53234280568989
551,2026-07-17T19:21:59.0000000+00:00,34.95628333,14.34,2026-07-17 19:21:59,35.41498,14.426254,51.603740507722634
552,2026-07-17T19:52:00.0000000+00:00,34.95855,14.34556667,2026-07-17 19:52:00,35.41783,14.425542,51.58413781146863
553,2026-07-17T20:22:00.0000000+00:00,34.96063333,14.35183333,2026-07-17 20:22:00,35.420578,14.425518,51.580088463237466
554,2026-07-17T20:52:00.0000000+00:00,34.96213333,14.35866667,2026-07-17 20:52:00,35.423088,14.426199,51.62199876845796
555,2026-07-17T21:22:00.0000000+00:00,34.96288333,14.36626667,2026-07-17 21:22:00,35.425236,14.427566,51.71226789908615
556,2026-07-17T21:52:00.0000000+00:00,34.96291667,14.37416667,2026-07-17 21:52:00,35.4269,14.429566,51.83764270917295
557,2026-07-17T22:22:00.0000000+00:00,34.9625,14.38276667,2026-07-17 22:22:00,35.427975,14.432117,51.95248140935548
558,2026-07-17T22:52:00.0000000+00:00,34.96168333,14.39088333,2026-07-17 22:52:00,35.428383,14.435107,52.04993735191115
559,2026-07-17T23:22:01.0000000+00:00,34.96041667,14.39865,2026-07-17 23:22:01,35.42811,14.439189,52.13534497863359
560,2026-07-17T23:52:25.0000000+00:00,34.95878333,14.40678333,2026-07-17 23:52:25,35.427113,14.442603,52.17739731579464
561,2026-07-18T00:22:00.0000000+00:00,34.95683333,14.41468333,2026-07-18 00:22:00,35.425472,14.445978,52.187872415812016
562,2026-07-18T00:52:00.0000000+00:00,34.95423333,14.42261667,2026-07-18 00:52:00,35.42328,14.449118,52.2108394739337
563,2026-07-18T01:22:00.0000000+00:00,34.95123333,14.43073333,2026-07-18 01:22:00,35.42063,14.451825,52.229733474358994
564,2026-07-18T01:52:00.0000000+00:00,34.94826667,14.43793333,2026-07-18 01:52:00,35.41765,14.453933,52.21316259074528
565,2026-07-18T02:22:00.0000000+00:00,34.94558333,14.44516667,2026-07-18 02:22:00,35.41445,14.455309,52.14399735967816
566,2026-07-18T02:52:00.0000000+00:00,34.94285,14.45248333,2026-07-18 02:52:00,35.410465,14.458812,51.99942687680278
567,2026-07-18T03:22:00.0000000+00:00,34.94001667,14.45895,2026-07-18 03:22:00,35.40723,14.45851,51.95169778466464
568,2026-07-18T03:52:00.0000000+00:00,34.93683333,14.46538333,2026-07-18 03:52:00,35.404118,14.45738,51.96480225720602
569,2026-07-18T04:22:00.0000000+00:00,34.93365,14.47131667,2026-07-18 04:22:00,35.401222,14.455494,52.01154767727248
570,2026-07-18T04:52:00.0000000+00:00,34.93023333,14.47688333,2026-07-18 04:52:00,35.398624,14.452968,52.1279462016706
571,2026-07-18T05:22:00.0000000+00:00,34.92695,14.48223333,2026-07-18 05:22:00,35.396385,14.449943,52.281418403519744
572,2026-07-18T05:52:01.0000000+00:00,34.92326667,14.48813333,2026-07-18 05:52:01,35.394547,14.446574,52.53985144581924
573,2026-07-18T06:22:00.0000000+00:00,34.91936667,14.49418333,2026-07-18 06:22:00,35.393116,14.443031,52.88324642353797
574,2026-07-18T06:52:00.0000000+00:00,34.91545,14.50031667,2026-07-18 06:52:00,35.392094,14.43946,53.28834925808086
575,2026-07-18T07:22:00.0000000+00:00,34.91088333,14.50605,2026-07-18 07:22:00,35.39145,14.4359865,53.81471308595519
576,2026-07-18T07:52:00.0000000+00:00,34.90591667,14.51176667,2026-07-18 07:52:00,35.3906,14.434359,54.351682732628234
577,2026-07-18T08:22:01.0000000+00:00,34.9006,14.51791667,2026-07-18 08:22:01,35.39054,14.431376,55.04410809165019
578,2026-07-18T08:52:00.0000000+00:00,34.89505,14.52398333,2026-07-18 08:52:00,35.39068,14.428756,55.78755598263396
579,2026-07-18T09:22:00.0000000+00:00,34.88975,14.52916667,2026-07-18 09:22:00,35.39093,14.426543,56.50442002595802
580,2026-07-18T09:52:01.0000000+00:00,34.885,14.53443333,2026-07-18 09:52:01,35.391216,14.424766,57.165173053347516
581,2026-07-18T10:22:01.0000000+00:00,34.8808,14.53991667,2026-07-18 10:22:01,35.391468,14.423411,57.763599449722314
582,2026-07-18T10:52:00.0000000+00:00,34.87695,14.54438333,2026-07-18 10:52:00,35.391632,14.422466,58.294030612326985
583,2026-07-18T11:22:00.0000000+00:00,34.87376667,14.54798333,2026-07-18 11:22:00,35.39172,14.423703,58.69195232970937
584,2026-07-18T11:52:00.0000000+00:00,34.8716,14.55115,2026-07-18 11:52:00,35.39161,14.423478,58.97643812585287
585,2026-07-18T12:22:00.0000000+00:00,34.87011667,14.55385,2026-07-18 12:22:00,35.391315,14.423552,59.15354430781819
586,2026-07-18T12:52:01.0000000+00:00,34.86861667,14.55681667,2026-07-18 12:52:01,35.390816,14.423848,59.311688914786
587,2026-07-18T13:22:00.0000000+00:00,34.86701667,14.56026667,2026-07-18 13:22:00,35.390095,14.424251,59.4644822767235
588,2026-07-18T13:52:00.0000000+00:00,34.86616667,14.56475,2026-07-18 13:52:00,35.38914,14.424642,59.53153463478445
589,2026-07-18T14:22:00.0000000+00:00,34.8654,14.57063333,2026-07-18 14:22:00,35.38796,14.424901,59.59814270665854
590,2026-07-18T14:52:00.0000000+00:00,34.86486667,14.57653333,2026-07-18 14:52:00,35.38656,14.424921,59.62558205990236
591,2026-07-18T15:22:00.0000000+00:00,34.86475,14.58331667,2026-07-18 15:22:00,35.384968,14.424576,59.619740316243785
592,2026-07-18T15:52:01.0000000+00:00,34.86425,14.59058333,2026-07-18 15:52:01,35.38323,14.423837,59.66709735956034
593,2026-07-18T16:22:25.0000000+00:00,34.86323333,14.59763333,2026-07-18 16:22:25,35.381393,14.422701,59.773112445009026
594,2026-07-18T16:52:31.0000000+00:00,34.86205,14.60485,2026-07-18 16:52:31,35.37953,14.421159,59.91774659846987
595,2026-07-18T17:22:00.0000000+00:00,34.86066667,14.61198333,2026-07-18 17:22:00,35.377705,14.419286,60.10419146327722
596,2026-07-18T17:52:01.0000000+00:00,34.85926667,14.6197,2026-07-18 17:52:01,35.375973,14.417162,60.33590430861214
597,2026-07-18T18:22:19.0000000+00:00,34.85748333,14.62768333,2026-07-18 18:22:19,35.37439,14.414892,60.64855132043373
598,2026-07-18T18:52:01.0000000+00:00,34.85498333,14.63573333,2026-07-18 18:52:01,35.37298,14.412597,61.069765642631175
599,2026-07-18T19:22:00.0000000+00:00,34.85178333,14.6438,2026-07-18 19:22:00,35.37174,14.410382,61.591667162399915
600,2026-07-18T19:52:01.0000000+00:00,34.84803333,14.6525,2026-07-18 19:52:01,35.370884,14.409552,62.19667822207253
601,2026-07-18T20:22:00.0000000+00:00,34.84378333,14.66088333,2026-07-18 20:22:00,35.369877,14.4076605,62.87044121085405
602,2026-07-18T20:52:00.0000000+00:00,34.83896667,14.66925,2026-07-18 20:52:00,35.368927,14.406005,63.60867595371005
603,2026-07-18T21:22:00.0000000+00:00,34.83376667,14.67681667,2026-07-18 21:22:00,35.36797,14.404607,64.3558315244951
604,2026-07-18T21:52:00.0000000+00:00,34.82805,14.68398333,2026-07-18 21:52:00,35.36695,14.403443,65.13199818616252
605,2026-07-18T22:22:00.0000000+00:00,34.82145,14.69083333,2026-07-18 22:22:00,35.365807,14.402512,65.9693801050967
606,2026-07-18T22:52:00.0000000+00:00,34.81365,14.69711667,2026-07-18 22:52:00,35.364475,14.401992,66.87658305155075
607,2026-07-18T23:22:02.0000000+00:00,34.80571667,14.70243333,2026-07-18 23:22:02,35.36301,14.401313,67.75531810799491
608,2026-07-18T23:52:20.0000000+00:00,34.79806667,14.70746667,2026-07-18 23:52:20,35.361412,14.400609,68.58280273848891
609,2026-07-19T00:22:20.0000000+00:00,34.79013333,14.71138333,2026-07-19 00:22:20,35.359604,14.399896,69.37701921991182
610,2026-07-19T00:52:00.0000000+00:00,34.78241667,14.7146,2026-07-19 00:52:00,35.357708,14.399021,70.12065813962259
611,2026-07-19T01:22:00.0000000+00:00,34.77493333,14.71723333,2026-07-19 01:22:00,35.35572,14.397903,70.81864622756079
612,2026-07-19T01:52:31.0000000+00:00,34.76703333,14.71975,2026-07-19 01:52:31,35.35367,14.396501,71.55876595473515
613,2026-07-19T02:22:04.0000000+00:00,34.75898333,14.72146667,2026-07-19 02:22:04,35.351612,14.394804,72.29478677525
614,2026-07-19T02:52:00.0000000+00:00,34.75078333,14.7233,2026-07-19 02:52:00,35.349617,14.392822,73.06738017565769
615,2026-07-19T03:22:00.0000000+00:00,34.74306667,14.72483333,2026-07-19 03:22:00,35.347733,14.390579,73.80061277599077
616,2026-07-19T03:52:00.0000000+00:00,34.73548333,14.72608333,2026-07-19 03:52:00,35.345978,14.388169,74.52908978961752
617,2026-07-19T04:22:00.0000000+00:00,34.72801667,14.72643333,2026-07-19 04:22:00,35.34442,14.385552,75.24016635597182
618,2026-07-19T04:52:00.0000000+00:00,34.72108333,14.72611667,2026-07-19 04:52:00,35.342186,14.383986,75.76360216938251
619,2026-07-19T05:22:01.0000000+00:00,34.71465,14.72585,2026-07-19 05:22:01,35.341133,14.381167,76.40522517302773
620,2026-07-19T05:52:00.0000000+00:00,34.70846667,14.72541667,2026-07-19 05:52:00,35.340145,14.378537,77.01442192881579
621,2026-07-19T06:22:00.0000000+00:00,34.70248333,14.72428333,2026-07-19 06:22:00,35.339275,14.375896,77.5901181963282
622,2026-07-19T06:52:00.0000000+00:00,34.69716667,14.72296667,2026-07-19 06:52:00,35.338474,14.373302,78.09634916445009
623,2026-07-19T07:22:01.0000000+00:00,34.6926,14.72065,2026-07-19 07:22:01,35.337795,14.3706665,78.50337892070047
624,2026-07-19T07:52:31.0000000+00:00,34.68846667,14.71815,2026-07-19 07:52:31,35.337166,14.368126,78.8615807427662
625,2026-07-19T08:22:00.0000000+00:00,34.68496667,14.71561667,2026-07-19 08:22:00,35.336582,14.365683,79.15529130086108
626,2026-07-19T08:52:01.0000000+00:00,34.682,14.71298333,2026-07-19 08:52:01,35.336044,14.363352,79.39197026083275
627,2026-07-19T09:22:00.0000000+00:00,34.6803,14.7101,2026-07-19 09:22:00,35.335526,14.361163,79.48714562823214
628,2026-07-19T09:52:00.0000000+00:00,34.67941667,14.70735,2026-07-19 09:52:00,35.33498,14.359161,79.49436807661534
629,2026-07-19T10:22:00.0000000+00:00,34.67906667,14.70546667,2026-07-19 10:22:00,35.334484,14.357253,79.48056401025326
630,2026-07-19T10:52:00.0000000+00:00,34.67951667,14.70428333,2026-07-19 10:52:00,35.334023,14.355463,79.40975762385186
631,2026-07-19T11:22:00.0000000+00:00,34.6806,14.70406667,2026-07-19 11:22:00,35.333534,14.353836,79.30116487190077
632,2026-07-19T11:52:00.0000000+00:00,34.68278333,14.70563333,2026-07-19 11:52:00,35.333073,14.352323,79.14552948545054
633,2026-07-19T12:22:00.0000000+00:00,34.68493333,14.70805,2026-07-19 12:22:00,35.332695,14.350852,79.03359309568707
634,2026-07-19T12:52:00.0000000+00:00,34.68706667,14.71225,2026-07-19 12:52:00,35.332367,14.3494425,78.99646926780557
635,2026-07-19T13:22:00.0000000+00:00,34.68866667,14.71801667,2026-07-19 13:22:00,35.332058,14.348067,79.0783241887804
636,2026-07-19T13:52:00.0000000+00:00,34.68928333,14.72533333,2026-07-19 13:52:00,35.331745,14.347308,79.30156290271402
637,2026-07-19T14:22:00.0000000+00:00,34.68921667,14.73333333,2026-07-19 14:22:00,35.33146,14.34596,79.65290486543466
638,2026-07-19T14:52:01.0000000+00:00,34.68871667,14.74195,2026-07-19 14:52:01,35.33121,14.344628,80.0832646816463
639,2026-07-19T15:22:01.0000000+00:00,34.68746667,14.75178333,2026-07-19 15:22:01,35.331024,14.34334,80.65130112478
640,2026-07-19T15:52:01.0000000+00:00,34.685,14.76205,2026-07-19 15:52:01,35.330914,14.34213,81.36986906841875
641,2026-07-19T16:22:00.0000000+00:00,34.68086667,14.7729,2026-07-19 16:22:00,35.330875,14.341034,82.28708965437443
642,2026-07-19T16:52:00.0000000+00:00,34.67478333,14.78408333,2026-07-19 16:52:00,35.33072,14.340856,83.36343254215878
643,2026-07-19T17:22:00.0000000+00:00,34.66783333,14.79455,2026-07-19 17:22:00,35.33077,14.340067,84.5433820758584
644,2026-07-19T17:52:00.0000000+00:00,34.66058333,14.80425,2026-07-19 17:52:00,35.330814,14.339454,85.71258163022529
645,2026-07-19T18:22:00.0000000+00:00,34.65288333,14.81345,2026-07-19 18:22:00,35.33077,14.339051,86.8864161496617
646,2026-07-19T18:52:00.0000000+00:00,34.64481667,14.8221,2026-07-19 18:52:00,35.33062,14.338789,88.05539816655744
647,2026-07-19T19:22:00.0000000+00:00,34.63623333,14.83013333,2026-07-19 19:22:00,35.33034,14.338611,89.2307166476672
648,2026-07-19T19:52:00.0000000+00:00,34.62701667,14.83723333,2026-07-19 19:52:00,35.32997,14.338994,90.38981527412949
649,2026-07-19T20:22:00.0000000+00:00,34.61773333,14.84375,2026-07-19 20:22:00,35.329308,14.338866,91.52418787760138
650,2026-07-19T20:52:00.0000000+00:00,34.60833333,14.84925,2026-07-19 20:52:00,35.328426,14.338699,92.604022417066
651,2026-07-19T21:22:00.0000000+00:00,34.59903333,14.85358333,2026-07-19 21:22:00,35.327312,14.338468,93.60165935038977
652,2026-07-19T21:52:00.0000000+00:00,34.58985,14.85668333,2026-07-19 21:52:00,35.325966,14.338149,94.51358290230952
653,2026-07-19T22:22:00.0000000+00:00,34.5812,14.85925,2026-07-19 22:22:00,35.324406,14.33772,95.33434977010418
654,2026-07-19T22:52:01.0000000+00:00,34.57253333,14.86063333,2026-07-19 22:52:01,35.322647,14.337162,96.09019669393489
655,2026-07-19T23:22:01.0000000+00:00,34.56461667,14.86155,2026-07-19 23:22:01,35.320736,14.336457,96.7446692433449
656,2026-07-19T23:52:00.0000000+00:00,34.557,14.86216667,2026-07-19 23:52:00,35.318695,14.335591,97.35209860163792
657,2026-07-20T00:22:00.0000000+00:00,34.55023333,14.86331667,2026-07-20 00:22:00,35.316563,14.334551,97.90003307330734
658,2026-07-20T00:52:00.0000000+00:00,34.54443333,14.86478333,2026-07-20 00:52:00,35.314365,14.333334,98.37040180446651
659,2026-07-20T01:22:01.0000000+00:00,34.54006667,14.86676667,2026-07-20 01:22:01,35.31213,14.331932,98.7295821793486
660,2026-07-20T01:52:01.0000000+00:00,34.53633333,14.86928333,2026-07-20 01:52:01,35.3099,14.33034,99.0611507350611
661,2026-07-20T02:22:00.0000000+00:00,34.53316667,14.8728,2026-07-20 02:22:00,35.30731,14.329382,99.32036458103565
662,2026-07-20T02:52:00.0000000+00:00,34.53038333,14.8767,2026-07-20 02:52:00,35.303936,14.329777,99.42461378673684
663,2026-07-20T03:22:00.0000000+00:00,34.52793333,14.88133333,2026-07-20 03:22:00,35.301968,14.327745,99.77739339107637
664,2026-07-20T03:52:00.0000000+00:00,34.525,14.88715,2026-07-20 03:52:00,35.300186,14.325609,100.25722766810077
665,2026-07-20T04:22:00.0000000+00:00,34.52233333,14.89325,2026-07-20 04:22:00,35.298378,14.323682,100.71535469947152
666,2026-07-20T04:52:00.0000000+00:00,34.5192,14.90073333,2026-07-20 04:52:00,35.296993,14.32146,101.3413495169054
667,2026-07-20T05:22:00.0000000+00:00,34.51593333,14.90826667,2026-07-20 05:22:00,35.29578,14.319231,102.00303067743114
668,2026-07-20T05:52:00.0000000+00:00,34.51268333,14.91621667,2026-07-20 05:52:00,35.29472,14.317023,102.70049117758799
669,2026-07-20T06:22:00.0000000+00:00,34.50975,14.92515,2026-07-20 06:22:00,35.293793,14.314876,103.43049493808552
670,2026-07-20T06:52:00.0000000+00:00,34.50653333,14.93446667,2026-07-20 06:52:00,35.292976,14.312833,104.21614493167081
671,2026-07-20T07:22:00.0000000+00:00,34.50355,14.94418333,2026-07-20 07:22:00,35.292263,14.310934,105.00751298189857
672,2026-07-20T07:52:00.0000000+00:00,34.501,14.95423333,2026-07-20 07:52:00,35.291626,14.309217,105.77869368462389
673,2026-07-20T08:22:00.0000000+00:00,34.49915,14.96511667,2026-07-20 08:22:00,35.291054,14.307717,106.52896257641999
674,2026-07-20T08:52:00.0000000+00:00,34.49773333,14.97681667,2026-07-20 08:52:00,35.290516,14.306459,107.27903640798104
675,2026-07-20T09:22:00.0000000+00:00,34.4961,14.9891,2026-07-20 09:22:00,35.28999,14.305462,108.07494770188255
676,2026-07-20T09:52:00.0000000+00:00,34.49426667,15.00123333,2026-07-20 09:52:00,35.289436,14.304736,108.87185418865184
677,2026-07-20T10:22:00.0000000+00:00,34.49161667,15.01348333,2026-07-20 10:22:00,35.288822,14.304303,109.73428420317968
678,2026-07-20T10:52:00.0000000+00:00,34.4891,15.0254,2026-07-20 10:52:00,35.28811,14.304175,110.54719328517511
679,2026-07-20T11:22:00.0000000+00:00,34.4863,15.03821667,2026-07-20 11:22:00,35.287254,14.304303,111.41353570127634
680,2026-07-20T11:52:00.0000000+00:00,34.48326667,15.05108333,2026-07-20 11:52:00,35.28624,14.304621,112.28442005471855
681,2026-07-20T12:22:00.0000000+00:00,34.47938333,15.06381667,2026-07-20 12:22:00,35.285057,14.305088,113.20523972044428
682,2026-07-20T12:52:00.0000000+00:00,34.47478333,15.07618333,2026-07-20 12:52:00,35.283714,14.30567,114.15234124743363
683,2026-07-20T13:22:00.0000000+00:00,34.46931667,15.08801667,2026-07-20 13:22:00,35.282223,14.306318,115.13185290636969
684,2026-07-20T13:52:00.0000000+00:00,34.46271667,15.09873333,2026-07-20 13:52:00,35.280605,14.3070135,116.13571621538827
685,2026-07-20T14:22:25.0000000+00:00,34.45535,15.10861667,2026-07-20 14:22:25,35.278885,14.30774,117.14959959401509
686,2026-07-20T14:52:00.0000000+00:00,34.44783333,15.11738333,2026-07-20 14:52:00,35.277077,14.308498,118.1043182731562
687,2026-07-20T15:22:00.0000000+00:00,34.43971667,15.12545,2026-07-20 15:22:00,35.275135,14.3103,119.00026834770885
688,2026-07-20T15:52:01.0000000+00:00,34.43196667,15.13293333,2026-07-20 15:52:01,35.27311,14.31112,119.87994527247301
689,2026-07-20T16:22:00.0000000+00:00,34.42496667,15.13963333,2026-07-20 16:22:00,35.27094,14.31199,120.63455052180986
690,2026-07-20T16:52:00.0000000+00:00,34.41836667,15.14538333,2026-07-20 16:52:00,35.268574,14.312882,121.2816759961473
691,2026-07-20T17:22:00.0000000+00:00,34.41253333,15.15,2026-07-20 17:22:00,35.266193,14.315279,121.71028017333231
692,2026-07-20T17:52:00.0000000+00:00,34.40751667,15.15368333,2026-07-20 17:52:00,35.26334,14.316059,122.06615088344903
693,2026-07-20T18:22:00.0000000+00:00,34.4034,15.15711667,2026-07-20 18:22:00,35.260277,14.316693,122.31965232633367
694,2026-07-20T18:52:00.0000000+00:00,34.40061667,15.1607,2026-07-20 18:52:00,35.25705,14.3171015,122.46496873210991
695,2026-07-20T19:22:00.0000000+00:00,34.39846667,15.16405,2026-07-20 19:22:00,35.253735,14.317222,122.5514951662307
696,2026-07-20T19:52:00.0000000+00:00,34.39741667,15.16716667,2026-07-20 19:52:00,35.25041,14.316976,122.55061329021514
697,2026-07-20T20:22:00.0000000+00:00,34.39676667,15.17023333,2026-07-20 20:22:00,35.24716,14.316365,122.54157333902633
698,2026-07-20T20:52:00.0000000+00:00,34.39625,15.1734,2026-07-20 20:52:00,35.244076,14.315414,122.56238044343432
699,2026-07-20T21:22:00.0000000+00:00,34.39576667,15.17635,2026-07-20 21:22:00,35.24119,14.314161,122.60395915555792
700,2026-07-20T21:52:00.0000000+00:00,34.39543333,15.17905,2026-07-20 21:52:00,35.238525,14.312635,122.65445773217684
701,2026-07-20T22:22:00.0000000+00:00,34.39578333,15.18225,2026-07-20 22:22:00,35.236076,14.310853,122.71174891624536
702,2026-07-20T22:52:00.0000000+00:00,34.39666667,15.18586667,2026-07-20 22:52:00,35.233852,14.308821,122.78502530040583
703,2026-07-20T23:22:00.0000000+00:00,34.39781667,15.19018333,2026-07-20 23:22:00,35.23181,14.306583,122.90821941431757
704,2026-07-20T23:52:00.0000000+00:00,34.39908333,15.19465,2026-07-20 23:52:00,35.22933,14.305263,122.9426286260254
705,2026-07-21T00:22:00.0000000+00:00,34.40123333,15.20003333,2026-07-21 00:22:00,35.22758,14.302858,123.08949647812794
706,2026-07-21T00:52:00.0000000+00:00,34.40383333,15.20516667,2026-07-21 00:52:00,35.226013,14.300546,123.19823400550885
707,2026-07-21T01:22:00.0000000+00:00,34.40693333,15.21078333,2026-07-21 01:22:00,35.224693,14.298418,123.30963320610086
708,2026-07-21T01:52:30.0000000+00:00,34.41028333,15.21708333,2026-07-21 01:52:30,35.223522,14.296536,123.44583626534092
709,2026-07-21T02:22:01.0000000+00:00,34.4131,15.22363333,2026-07-21 02:22:01,35.22243,14.294907,123.6382527280595
710,2026-07-21T02:52:00.0000000+00:00,34.41611667,15.23093333,2026-07-21 02:52:00,35.22139,14.293525,123.85567587978264
711,2026-07-21T03:22:00.0000000+00:00,34.41925,15.23835,2026-07-21 03:22:00,35.22036,14.292379,124.06329324385395
712,2026-07-21T03:52:00.0000000+00:00,34.42216667,15.2453,2026-07-21 03:52:00,35.219315,14.29138,124.25410754804996
713,2026-07-21T04:22:00.0000000+00:00,34.42485,15.25238333,2026-07-21 04:22:00,35.21824,14.290474,124.46910736991009
714,2026-07-21T04:52:00.0000000+00:00,34.42716667,15.26005,2026-07-21 04:52:00,35.217136,14.289609,124.75120298377881
715,2026-07-21T05:22:00.0000000+00:00,34.42963333,15.26813333,2026-07-21 05:22:00,35.216015,14.28875,125.0524029719719
716,2026-07-21T05:52:00.0000000+00:00,34.43151667,15.27615,2026-07-21 05:52:00,35.214878,14.287888,125.39925296971842
717,2026-07-21T06:22:00.0000000+00:00,34.43286667,15.28498333,2026-07-21 06:22:00,35.21375,14.28703,125.84652728492908
718,2026-07-21T06:52:00.0000000+00:00,34.43448333,15.29405,2026-07-21 06:52:00,35.21264,14.286215,126.29286957942521
719,2026-07-21T07:22:00.0000000+00:00,34.4355,15.3032,2026-07-21 07:22:00,35.211563,14.285491,126.79245417779735
720,2026-07-21T07:52:00.0000000+00:00,34.43573333,15.31216667,2026-07-21 07:52:00,35.21053,14.284911,127.33741258570018
721,2026-07-21T08:22:00.0000000+00:00,34.43453333,15.32003333,2026-07-21 08:22:00,35.20951,14.284536,127.90671958759161
722,2026-07-21T08:52:00.0000000+00:00,34.43263333,15.32708333,2026-07-21 08:52:00,35.20854,14.284356,128.46611334847435
723,2026-07-21T09:22:00.0000000+00:00,34.43065,15.33351667,2026-07-21 09:22:00,35.20755,14.284403,128.9736492326375
724,2026-07-21T09:52:00.0000000+00:00,34.42856667,15.33863333,2026-07-21 09:52:00,35.206573,14.284601,129.39089384276966
725,2026-07-21T10:22:00.0000000+00:00,34.4265,15.3429,2026-07-21 10:22:00,35.20556,14.284934,129.7375908047226
726,2026-07-21T10:52:00.0000000+00:00,34.42391667,15.34633333,2026-07-21 10:52:00,35.204494,14.285345,130.0575497166795
727,2026-07-21T11:22:00.0000000+00:00,34.42171667,15.34803333,2026-07-21 11:22:00,35.203377,14.285769,130.22586189578337
728,2026-07-21T11:52:00.0000000+00:00,34.42076667,15.3493,2026-07-21 11:52:00,35.202198,14.286154,130.26987282040326
729,2026-07-21T12:22:00.0000000+00:00,34.42143333,15.35011667,2026-07-21 12:22:00,35.200974,14.286456,130.1651258228364
730,2026-07-21T12:52:00.0000000+00:00,34.42305,15.35021667,2026-07-21 12:52:00,35.199715,14.28665,129.945775010407
731,2026-07-21T13:22:00.0000000+00:00,34.4251,15.35058333,2026-07-21 13:22:00,35.19843,14.286723,129.719400744406
732,2026-07-21T13:52:00.0000000+00:00,34.42776667,15.35038333,2026-07-21 13:52:00,35.19712,14.286675,129.41558694770163
733,2026-07-21T14:22:03.0000000+00:00,34.43081667,15.35021667,2026-07-21 14:22:03,35.195797,14.286511,129.09383186941858
734,2026-07-21T14:52:00.0000000+00:00,34.43425,15.35028333,2026-07-21 14:52:00,35.19446,14.286248,128.76684165492605
735,2026-07-21T15:22:00.0000000+00:00,34.43846667,15.3511,2026-07-21 15:22:00,35.19315,14.28591,128.44272229569782
736,2026-07-21T15:52:00.0000000+00:00,34.44308333,15.35278333,2026-07-21 15:52:00,35.19215,14.286513,128.10877571504807
737,2026-07-21T16:22:00.0000000+00:00,34.44745,15.3554,2026-07-21 16:22:00,35.190926,14.286134,127.91247938488105
738,2026-07-21T16:52:00.0000000+00:00,34.45138333,15.35868333,2026-07-21 16:52:00,35.189762,14.2857895,127.79942218526416
739,2026-07-21T17:22:00.0000000+00:00,34.4556,15.36206667,2026-07-21 17:22:00,35.188694,14.28552,127.67774691921714
740,2026-07-21T17:52:00.0000000+00:00,34.45948333,15.36511667,2026-07-21 17:52:00,35.18773,14.285365,127.55860702714223
741,2026-07-21T18:22:00.0000000+00:00,34.46308333,15.36761667,2026-07-21 18:22:00,35.186848,14.28536,127.41882243963457
742,2026-07-21T18:52:00.0000000+00:00,34.46666667,15.37038333,2026-07-21 18:52:00,35.186012,14.285616,127.28617154492237
743,2026-07-21T19:22:00.0000000+00:00,34.47066667,15.37356667,2026-07-21 19:22:00,35.185215,14.285987,127.15029902892141
744,2026-07-21T19:52:01.0000000+00:00,34.47491667,15.37678333,2026-07-21 19:52:01,35.18441,14.286553,126.9878626699691
745,2026-07-21T20:22:00.0000000+00:00,34.47955,15.37966667,2026-07-21 20:22:00,35.18358,14.28731,126.7619592670848
746,2026-07-21T20:52:00.0000000+00:00,34.48375,15.38221667,2026-07-21 20:52:00,35.182697,14.288242,126.52866217844799
747,2026-07-21T21:22:00.0000000+00:00,34.48768333,15.38461667,2026-07-21 21:22:00,35.18177,14.2893305,126.29087709630905
748,2026-07-21T21:52:00.0000000+00:00,34.49148333,15.3873,2026-07-21 21:52:00,35.180847,14.291235,126.02547319380912
749,2026-07-21T22:22:00.0000000+00:00,34.49531667,15.39001667,2026-07-21 22:22:00,35.179863,14.292576,125.79902583520428
750,2026-07-21T22:52:00.0000000+00:00,34.49878333,15.3926,2026-07-21 22:52:00,35.178856,14.294325,125.55819207042406
751,2026-07-21T23:22:00.0000000+00:00,34.5018,15.39561667,2026-07-21 23:22:00,35.177876,14.295914,125.39431670254142
752,2026-07-21T23:52:00.0000000+00:00,34.50501667,15.3986,2026-07-21 23:52:00,35.17692,14.297614,125.20979538097619
753,2026-07-22T00:22:00.0000000+00:00,34.50843333,15.40116667,2026-07-22 00:22:00,35.17601,14.299419,124.97783936494145
754,2026-07-22T00:52:00.0000000+00:00,34.51235,15.40356667,2026-07-22 00:52:00,35.17516,14.301347,124.69705646909443
755,2026-07-22T01:22:00.0000000+00:00,34.51626667,15.40606667,2026-07-22 01:22:00,35.174335,14.303397,124.41770271238852
756,2026-07-22T01:52:00.0000000+00:00,34.51978333,15.40846667,2026-07-22 01:52:00,35.17346,14.305718,124.1356976729552
757,2026-07-22T02:22:00.0000000+00:00,34.5239,15.4111,2026-07-22 02:22:00,35.17255,14.307956,123.83717848372159
758,2026-07-22T02:52:00.0000000+00:00,34.5284,15.4141,2026-07-22 02:52:00,35.171555,14.310263,123.53199477099997
759,2026-07-22T03:22:00.0000000+00:00,34.5333,15.41773333,2026-07-22 03:22:00,35.170444,14.312637,123.23836215026842
760,2026-07-22T03:52:00.0000000+00:00,34.53821667,15.42203333,2026-07-22 03:52:00,35.16921,14.315082,122.98351281886406
761,2026-07-22T04:22:25.0000000+00:00,34.54261667,15.4279,2026-07-22 04:22:25,35.16783,14.317578,122.87013709078572
762,2026-07-22T04:52:00.0000000+00:00,34.54555,15.43351667,2026-07-22 04:52:00,35.166313,14.32009,122.82417407282603
763,2026-07-22T05:22:00.0000000+00:00,34.5482,15.43898333,2026-07-22 05:22:00,35.164658,14.322586,122.78024286715254
764,2026-07-22T05:52:21.0000000+00:00,34.54998333,15.444,2026-07-22 05:52:21,35.162876,14.325025,122.75491782138438
765,2026-07-22T06:22:00.0000000+00:00,34.55101667,15.44868333,2026-07-22 06:22:00,35.161015,14.32746,122.7477580024992
766,2026-07-22T06:52:25.0000000+00:00,34.55238333,15.45296667,2026-07-22 06:52:25,35.15911,14.329918,122.68649589358779
767,2026-07-22T07:22:00.0000000+00:00,34.55411667,15.45715,2026-07-22 07:22:00,35.15718,14.332393,122.59362970319668
768,2026-07-22T07:52:00.0000000+00:00,34.55603333,15.46161667,2026-07-22 07:52:00,35.155228,14.334827,122.51433314328142
769,2026-07-22T08:22:00.0000000+00:00,34.55763333,15.46655,2026-07-22 08:22:00,35.15327,14.33725,122.49251057483536
770,2026-07-22T08:52:00.0000000+00:00,34.55858333,15.47166667,2026-07-22 08:52:00,35.151295,14.339664,122.52535145414194
771,2026-07-22T09:22:00.0000000+00:00,34.55933333,15.4768,2026-07-22 09:22:00,35.149273,14.342128,122.56633340878942
772,2026-07-22T09:52:00.0000000+00:00,34.56018333,15.48198333,2026-07-22 09:52:00,35.147152,14.344791,122.58508025133335
773,2026-07-22T10:22:00.0000000+00:00,34.56081667,15.48696667,2026-07-22 10:22:00,35.144897,14.347506,122.59081790860881
774,2026-07-22T10:52:00.0000000+00:00,34.56131667,15.49186667,2026-07-22 10:52:00,35.142475,14.350265,122.5858127416818
775,2026-07-22T11:22:00.0000000+00:00,34.56176667,15.49595,2026-07-22 11:22:00,35.139877,14.353061,122.50884117084587
776,2026-07-22T11:52:00.0000000+00:00,34.56223333,15.50005,2026-07-22 11:52:00,35.13712,14.355877,122.42217063463012
777,2026-07-22T12:22:00.0000000+00:00,34.56255,15.50376667,2026-07-22 12:22:00,35.134224,14.358701,122.30698635943784
778,2026-07-22T12:52:00.0000000+00:00,34.56328333,15.50683333,2026-07-22 12:52:00,35.131214,14.3615265,122.11128975186377
779,2026-07-22T13:22:01.0000000+00:00,34.56433333,15.50945,2026-07-22 13:22:01,35.128124,14.364362,121.85789272279222
780,2026-07-22T13:52:00.0000000+00:00,34.56543333,15.51116667,2026-07-22 13:52:00,35.12499,14.367044,121.54156026465209
781,2026-07-22T14:22:00.0000000+00:00,34.56635,15.51288333,2026-07-22 14:22:00,35.121834,14.369633,121.24327086931841
782,2026-07-22T14:52:00.0000000+00:00,34.56748333,15.51448333,2026-07-22 14:52:00,35.118504,14.372903,120.86102770809404
783,2026-07-22T15:22:00.0000000+00:00,34.56843333,15.51645,2026-07-22 15:22:00,35.115376,14.375265,120.60171928858925
784,2026-07-22T15:52:00.0000000+00:00,34.56953333,15.51826667,2026-07-22 15:52:00,35.11226,14.377556,120.32964204932
785,2026-07-22T16:22:00.0000000+00:00,34.57086667,15.51981667,2026-07-22 16:22:00,35.10919,14.379607,120.04622296275785
786,2026-07-22T16:52:00.0000000+00:00,34.57333333,15.52165,2026-07-22 16:52:00,35.10618,14.38145,119.74320739030149
787,2026-07-22T17:22:00.0000000+00:00,34.57623333,15.52348333,2026-07-22 17:22:00,35.10324,14.38304,119.44279975242985
788,2026-07-22T17:52:00.0000000+00:00,34.57951667,15.52516667,2026-07-22 17:52:00,35.098724,14.388149,118.74701119663217
789,2026-07-22T18:22:01.0000000+00:00,34.58265,15.52711667,2026-07-22 18:22:01,35.096035,14.38943,118.48696339684659
790,2026-07-22T18:52:25.0000000+00:00,34.58583333,15.5296,2026-07-22 18:52:25,35.09363,14.3904295,118.30735290398654
791,2026-07-22T19:22:19.0000000+00:00,34.58886667,15.53221667,2026-07-22 19:22:19,35.09147,14.391189,118.18169104019756
792,2026-07-22T19:52:00.0000000+00:00,34.59195,15.5351,2026-07-22 19:52:00,35.089577,14.391713,118.11059193675742
793,2026-07-22T20:22:01.0000000+00:00,34.59451667,15.53785,2026-07-22 20:22:01,35.088005,14.39202,118.09236982010962
794,2026-07-22T20:52:01.0000000+00:00,34.59616667,15.5402,2026-07-22 20:52:01,35.08623,14.392315,118.0824084263113
795,2026-07-22T21:22:00.0000000+00:00,34.59801667,15.54236667,2026-07-22 21:22:00,35.085377,14.3924465,118.10840785905681
796,2026-07-22T21:52:03.0000000+00:00,34.59985,15.5448,2026-07-22 21:52:03,35.08502,14.3924265,118.19514485135295
797,2026-07-22T22:22:00.0000000+00:00,34.60203333,15.5476,2026-07-22 22:22:00,35.08507,14.392515,118.30625452910733
798,2026-07-22T22:52:31.0000000+00:00,34.60398333,15.55145,2026-07-22 22:52:31,35.08559,14.392705,118.53060503073438
799,2026-07-22T23:22:00.0000000+00:00,34.60536667,15.55491667,2026-07-22 23:22:00,35.086617,14.392975,118.77174362986366
800,2026-07-22T23:52:00.0000000+00:00,34.60646667,15.5584,2026-07-22 23:52:00,35.08803,14.39355,119.02294731270896
801,2026-07-23T00:22:00.0000000+00:00,34.60731667,15.56211667,2026-07-23 00:22:00,35.089844,14.394399,119.30333290413134
802,2026-07-23T00:52:00.0000000+00:00,34.6077,15.56621667,2026-07-23 00:52:00,35.091938,14.395618,119.62207904056895
803,2026-07-23T01:23:25.0000000+00:00,34.60848333,15.57043333,2026-07-23 01:23:25,35.094234,14.397241,119.9073620249209
804,2026-07-23T01:52:00.0000000+00:00,34.60886667,15.57446667,2026-07-23 01:52:00,35.096653,14.399293,120.16937626883877
805,2026-07-23T02:22:00.0000000+00:00,34.60878333,15.57833333,2026-07-23 02:22:00,35.099194,14.401684,120.41985722110176
806,2026-07-23T02:52:00.0000000+00:00,34.60833333,15.58163333,2026-07-23 02:52:00,35.101734,14.404491,120.60963853862033
807,2026-07-23T03:22:00.0000000+00:00,34.60716667,15.58331667,2026-07-23 03:22:00,35.104214,14.407704,120.66982847129984
808,2026-07-23T03:52:00.0000000+00:00,34.6061,15.58501667,2026-07-23 03:52:00,35.10663,14.411305,120.69286615658189
809,2026-07-23T04:22:00.0000000+00:00,34.60518333,15.58548333,2026-07-23 04:22:00,35.108852,14.415464,120.55501995988999
810,2026-07-23T04:52:00.0000000+00:00,34.60431667,15.58488333,2026-07-23 04:52:00,35.1109,14.420059,120.28627465228318
811,2026-07-23T05:22:19.0000000+00:00,34.604,15.5838,2026-07-23 05:22:19,35.112732,14.425019,119.91089915005293
812,2026-07-23T05:52:00.0000000+00:00,34.6041,15.58116667,2026-07-23 05:52:00,35.114265,14.43029,119.35021688566438
813,2026-07-23T06:22:00.0000000+00:00,34.60493333,15.57716667,2026-07-23 06:22:00,35.115482,14.435772,118.60903469621024
814,2026-07-23T06:52:01.0000000+00:00,34.60673333,15.5721,2026-07-23 06:52:01,35.11637,14.441362,117.7058863323008
815,2026-07-23T07:23:49.0000000+00:00,34.6095,15.56588333,2026-07-23 07:23:49,35.11694,14.446959,116.64230097361133
816,2026-07-23T07:52:00.0000000+00:00,34.61296667,15.56006667,2026-07-23 07:52:00,35.1172,14.45245,115.56499150657031
817,2026-07-23T08:22:22.0000000+00:00,34.61711667,15.55433333,2026-07-23 08:22:22,35.11835,14.455727,114.68163382053551
818,2026-07-23T08:52:00.0000000+00:00,34.62171667,15.54901667,2026-07-23 08:52:00,35.118073,14.460654,113.59900981147301
819,2026-07-23T09:22:00.0000000+00:00,34.62735,15.54328333,2026-07-23 09:22:00,35.11756,14.465257,112.44032361311464
820,2026-07-23T09:52:00.0000000+00:00,34.63381667,15.53795,2026-07-23 09:52:00,35.116966,14.469404,111.30051903143435
821,2026-07-23T10:22:00.0000000+00:00,34.64073333,15.53215,2026-07-23 10:22:00,35.116318,14.473159,110.12834520679905
822,2026-07-23T10:52:00.0000000+00:00,34.6477,15.52648333,2026-07-23 10:52:00,35.115784,14.4765005,109.00418897833816
823,2026-07-23T11:22:00.0000000+00:00,34.65493333,15.52178333,2026-07-23 11:22:00,35.115448,14.479498,107.98277454606371
824,2026-07-23T11:52:00.0000000+00:00,34.66318333,15.51771667,2026-07-23 11:52:00,35.11533,14.48225,106.9912002356359
825,2026-07-23T12:22:00.0000000+00:00,34.67245,15.51521667,2026-07-23 12:22:00,35.115532,14.484831,106.10588371295465
826,2026-07-23T12:52:00.0000000+00:00,34.68223333,15.51373333,2026-07-23 12:52:00,35.116062,14.487327,105.30403974224589
827,2026-07-23T13:22:00.0000000+00:00,34.69265,15.51321667,2026-07-23 13:22:00,35.116913,14.4897785,104.57362940294423
828,2026-07-23T13:52:00.0000000+00:00,34.70336667,15.51396667,2026-07-23 13:52:00,35.118046,14.492223,103.95283396238746
829,2026-07-23T14:22:00.0000000+00:00,34.71385,15.51655,2026-07-23 14:22:00,35.119408,14.494706,103.50905086039901
830,2026-07-23T14:52:00.0000000+00:00,34.72335,15.52045,2026-07-23 14:52:00,35.12098,14.497273,103.23217492256973
831,2026-07-23T15:22:00.0000000+00:00,34.7329,15.52483333,2026-07-23 15:22:00,35.122704,14.499955,102.99733491178425
832,2026-07-23T15:52:01.0000000+00:00,34.74218333,15.53031667,2026-07-23 15:52:01,35.124557,14.502768,102.86834407456033
833,2026-07-23T16:22:00.0000000+00:00,34.75056667,15.53655,2026-07-23 16:22:00,35.126503,14.505709,102.84323073282766
834,2026-07-23T16:52:00.0000000+00:00,34.75818333,15.54343333,2026-07-23 16:52:00,35.128513,14.508769,102.90571338501104
835,2026-07-23T17:22:00.0000000+00:00,34.76475,15.55098333,2026-07-23 17:22:00,35.130535,14.511932,103.06717736054283
836,2026-07-23T17:52:00.0000000+00:00,34.77066667,15.5588,2026-07-23 17:52:00,35.1326,14.515186,103.27736746706304
837,2026-07-23T18:22:51.0000000+00:00,34.77633333,15.56765,2026-07-23 18:22:51,35.134632,14.5185175,103.58063394960617
838,2026-07-23T18:52:00.0000000+00:00,34.78071667,15.57586667,2026-07-23 18:52:00,35.136654,14.521924,103.88161283148708
839,2026-07-23T19:22:00.0000000+00:00,34.78456667,15.58393333,2026-07-23 19:22:00,35.138622,14.525404,104.18587517143057
840,2026-07-23T19:52:24.0000000+00:00,34.78736667,15.59243333,2026-07-23 19:52:24,35.140545,14.529191,104.54434377837308
841,2026-07-23T20:22:01.0000000+00:00,34.78955,15.6007,2026-07-23 20:22:01,35.142406,14.5327835,104.92355975563709
842,2026-07-23T20:52:00.0000000+00:00,34.79138333,15.60878333,2026-07-23 20:52:00,35.144302,14.537309,105.22485661926585
843,2026-07-23T21:22:00.0000000+00:00,34.79286667,15.61615,2026-07-23 21:22:00,35.146053,14.540901,105.55332310388252
844,2026-07-23T21:52:00.0000000+00:00,34.79398333,15.62346667,2026-07-23 21:52:00,35.14777,14.544442,105.89592517991385
845,2026-07-23T22:22:00.0000000+00:00,34.79513333,15.6306,2026-07-23 22:22:00,35.149517,14.547942,106.22623039941836
846,2026-07-23T22:52:00.0000000+00:00,34.79591667,15.63813333,2026-07-23 22:52:00,35.151325,14.551388,106.61298399262652
847,2026-07-23T23:22:32.0000000+00:00,34.79608333,15.64563333,2026-07-23 23:22:32,35.153225,14.5547905,107.03004970619739
848,2026-07-23T23:52:01.0000000+00:00,34.79593333,15.65268333,2026-07-23 23:52:01,35.155235,14.55818,107.42792764373563
849,2026-07-24T00:22:00.0000000+00:00,34.79533333,15.65985,2026-07-24 00:22:00,35.15737,14.561603,107.85681288770607
850,2026-07-24T00:52:00.0000000+00:00,34.79458333,15.66621667,2026-07-24 00:52:00,35.159637,14.565106,108.22337626165945
851,2026-07-24T01:22:01.0000000+00:00,34.7939,15.6715,2026-07-24 01:22:01,35.162033,14.568671,108.49628947084294
852,2026-07-24T01:52:00.0000000+00:00,34.79281667,15.67638333,2026-07-24 01:52:00,35.164204,14.5734,108.64582524981066
853,2026-07-24T02:22:00.0000000+00:00,34.79176667,15.6808,2026-07-24 02:22:00,35.166714,14.577121,108.85449809266007
854,2026-07-24T02:52:00.0000000+00:00,34.791,15.68511667,2026-07-24 02:52:00,35.16916,14.581017,109.02627775131576
855,2026-07-24T03:22:00.0000000+00:00,34.79011667,15.68885,2026-07-24 03:22:00,35.17148,14.585094,109.13437826492877
856,2026-07-24T03:52:22.0000000+00:00,34.78928333,15.69235,2026-07-24 03:52:22,35.173615,14.589382,109.19624735390363
857,2026-07-24T04:22:00.0000000+00:00,34.78878333,15.69505,2026-07-24 04:22:00,35.17424,14.598737,108.68785638504546
858,2026-07-24T04:52:01.0000000+00:00,34.78866667,15.69771667,2026-07-24 04:52:01,35.17595,14.603436,108.59710050972956
859,2026-07-24T05:22:01.0000000+00:00,34.78838333,15.69981667,2026-07-24 05:22:01,35.17738,14.608146,108.45414188825438
860,2026-07-24T05:52:17.0000000+00:00,34.78866667,15.7019,2026-07-24 05:52:17,35.178497,14.612837,108.27264856988508
861,2026-07-24T06:22:31.0000000+00:00,34.78945,15.70418333,2026-07-24 06:22:31,35.179306,14.617432,108.07997808291863
862,2026-07-24T06:52:31.0000000+00:00,34.79033333,15.70568333,2026-07-24 06:52:31,35.179783,14.621908,107.8127220712247
863,2026-07-24T07:22:22.0000000+00:00,34.79165,15.70731667,2026-07-24 07:22:22,35.179985,14.626133,107.54590790380222
864,2026-07-24T07:52:00.0000000+00:00,34.79353333,15.70928333,2026-07-24 07:52:00,35.17994,14.630079,107.2936001741533
865,2026-07-24T08:22:00.0000000+00:00,34.79523333,15.71213333,2026-07-24 08:22:00,35.17972,14.633679,107.14507350424334
866,2026-07-24T08:52:31.0000000+00:00,34.79685,15.71546667,2026-07-24 08:52:31,35.179363,14.636929,107.06394761722497
867,2026-07-24T09:22:00.0000000+00:00,34.79826667,15.71855,2026-07-24 09:22:00,35.17716,14.642219,106.72026996676631
868,2026-07-24T09:52:00.0000000+00:00,34.80028333,15.72203333,2026-07-24 09:52:00,35.176765,14.644804,106.68914611513888
869,2026-07-24T10:22:01.0000000+00:00,34.80213333,15.7262,2026-07-24 10:22:01,35.17624,14.64713,106.73931799461673
870,2026-07-24T10:52:00.0000000+00:00,34.80398333,15.73025,2026-07-24 10:52:00,35.175644,14.649233,106.79660738712082
871,2026-07-24T11:22:00.0000000+00:00,34.80608333,15.73463333,2026-07-24 11:22:00,35.175194,14.650884,106.91602952812248
872,2026-07-24T11:52:01.0000000+00:00,34.8078,15.7397,2026-07-24 11:52:01,35.174877,14.652211,107.14353734193047
873,2026-07-24T12:22:00.0000000+00:00,34.80896667,15.74535,2026-07-24 12:22:00,35.174767,14.653215,107.48059473554709
874,2026-07-24T12:52:00.0000000+00:00,34.80956667,15.7519,2026-07-24 12:52:00,35.172836,14.658785,107.45779625109222
875,2026-07-24T13:22:01.0000000+00:00,34.8093,15.75875,2026-07-24 13:22:01,35.1734,14.659476,108.01239194777077
876,2026-07-24T13:52:31.0000000+00:00,34.80891667,15.76508333,2026-07-24 13:52:31,35.17432,14.65993,108.56287442328461
877,2026-07-24T14:22:00.0000000+00:00,34.80756667,15.77158333,2026-07-24 14:22:00,35.175594,14.660242,109.19494250623312
878,2026-07-24T14:52:00.0000000+00:00,34.80576667,15.77805,2026-07-24 14:52:00,35.177223,14.660499,109.8623796675467
879,2026-07-24T15:22:00.0000000+00:00,34.80328333,15.78325,2026-07-24 15:22:00,35.179276,14.660654,110.47844870473082
880,2026-07-24T15:52:00.0000000+00:00,34.80083333,15.7872,2026-07-24 15:52:00,35.181698,14.660826,111.00271637465231
881,2026-07-24T16:22:00.0000000+00:00,34.79881667,15.79,2026-07-24 16:22:00,35.184517,14.661008,111.42858773142137
882,2026-07-24T16:52:01.0000000+00:00,34.79663333,15.79188333,2026-07-24 16:52:01,35.187702,14.661262,111.79584303449381
883,2026-07-24T17:22:00.0000000+00:00,34.79431667,15.79318333,2026-07-24 17:22:00,35.191116,14.661713,112.1156041055052
884,2026-07-24T17:52:00.0000000+00:00,34.792,15.79373333,2026-07-24 17:52:00,35.19483,14.66212,112.39244219131614
885,2026-07-24T18:22:00.0000000+00:00,34.79005,15.79346667,2026-07-24 18:22:00,35.19867,14.662752,112.5745268728328
886,2026-07-24T18:52:00.0000000+00:00,34.78858333,15.79253333,2026-07-24 18:52:00,35.202747,14.663445,112.68800683531816
887,2026-07-24T19:22:01.0000000+00:00,34.78751667,15.78941667,2026-07-24 19:22:01,35.207035,14.664217,112.60822936766372
888,2026-07-24T19:52:00.0000000+00:00,34.78716667,15.78616667,2026-07-24 19:52:00,35.21134,14.66535,112.45899272363349
889,2026-07-24T20:22:00.0000000+00:00,34.78715,15.78268333,2026-07-24 20:22:00,35.21595,14.666441,112.2956139635564
890,2026-07-24T20:52:00.0000000+00:00,34.78758333,15.77848333,2026-07-24 20:52:00,35.220654,14.667751,112.04179478179185
891,2026-07-24T21:22:00.0000000+00:00,34.78838333,15.77393333,2026-07-24 21:22:00,35.225643,14.66902,111.76215967394783
892,2026-07-24T21:52:00.0000000+00:00,34.78993333,15.76926667,2026-07-24 21:52:00,35.230576,14.670554,111.41528336832458
893,2026-07-24T22:22:00.0000000+00:00,34.79231667,15.76371667,2026-07-24 22:22:00,35.235645,14.672136,110.96059927491686
894,2026-07-24T22:52:31.0000000+00:00,34.79578333,15.75835,2026-07-24 22:52:31,35.240646,14.673855,110.45448966554373
895,2026-07-24T23:22:01.0000000+00:00,34.80046667,15.75343333,2026-07-24 23:22:01,35.24568,14.6755495,109.92908954775775
896,2026-07-24T23:52:19.0000000+00:00,34.80576667,15.7481,2026-07-24 23:52:19,35.250824,14.677138,109.35328893546823
897,2026-07-25T00:22:26.0000000+00:00,34.81136667,15.7434,2026-07-25 00:22:26,35.255764,14.678604,108.81387588900843
898,2026-07-25T00:52:31.0000000+00:00,34.81766667,15.73933333,2026-07-25 00:52:31,35.26086,14.679851,108.31628662165387
899,2026-07-25T01:22:25.0000000+00:00,34.82431667,15.73608333,2026-07-25 01:22:25,35.265892,14.680901,107.87962117832001
900,2026-07-25T01:52:00.0000000+00:00,34.83176667,15.73348333,2026-07-25 01:52:00,35.27085,14.6818,107.46356059664024
901,2026-07-25T02:22:00.0000000+00:00,34.83946667,15.73198333,2026-07-25 02:22:00,35.275745,14.682599,107.12895656616172
902,2026-07-25T02:52:00.0000000+00:00,34.8472,15.7313,2026-07-25 02:52:00,35.280674,14.68343,106.8583818116588
903,2026-07-25T03:22:00.0000000+00:00,34.85458333,15.73123333,2026-07-25 03:22:00,35.28526,14.682459,106.785824443152
904,2026-07-25T03:52:00.0000000+00:00,34.86176667,15.73186667,2026-07-25 03:52:00,35.289852,14.682494,106.69947657567272
905,2026-07-25T04:22:00.0000000+00:00,34.86873333,15.73276667,2026-07-25 04:22:00,35.29456,14.6836,106.56462337097842
906,2026-07-25T04:52:00.0000000+00:00,34.876,15.73501667,2026-07-25 04:52:00,35.299137,14.684844,106.50817241098436
907,2026-07-25T05:22:00.0000000+00:00,34.88276667,15.73865,2026-07-25 05:22:00,35.30367,14.686317,106.5691842246556
908,2026-07-25T05:52:00.0000000+00:00,34.88876667,15.743,2026-07-25 05:52:00,35.307953,14.687847,106.71075009243118
909,2026-07-25T06:22:01.0000000+00:00,34.89368333,15.74798333,2026-07-25 06:22:01,35.311977,14.688331,107.03119336687485
910,2026-07-25T06:52:01.0000000+00:00,34.89773333,15.75315,2026-07-25 06:52:01,35.315845,14.6900625,107.29978723622614
911,2026-07-25T07:22:00.0000000+00:00,34.90121667,15.75891667,2026-07-25 07:22:00,35.3194,14.691793,107.63038789857414
912,2026-07-25T07:52:00.0000000+00:00,34.90423333,15.76473333,2026-07-25 07:52:00,35.322693,14.6935215,107.97570590782662
913,2026-07-25T08:22:00.0000000+00:00,34.9069,15.77035,2026-07-25 08:22:00,35.32585,14.69535,108.30708655928113
914,2026-07-25T08:52:00.0000000+00:00,34.90963333,15.77695,2026-07-25 08:52:00,35.328743,14.697118,108.70859116735457
915,2026-07-25T09:22:25.0000000+00:00,34.91186667,15.78285,2026-07-25 09:22:25,35.331337,14.698736,109.07491568802295
916,2026-07-25T09:52:00.0000000+00:00,34.91355,15.78863333,2026-07-25 09:52:00,35.333775,14.700291,109.45630465563818
917,2026-07-25T10:22:00.0000000+00:00,34.91456667,15.7939,2026-07-25 10:22:00,35.3361,14.701712,109.83290281636593
918,2026-07-25T10:52:00.0000000+00:00,34.91488333,15.7988,2026-07-25 10:52:00,35.33834,14.70287,110.23042510986863
919,2026-07-25T11:22:00.0000000+00:00,34.91481667,15.80335,2026-07-25 11:22:00,35.34053,14.703735,110.63936640434117
920,2026-07-25T11:52:00.0000000+00:00,34.91421667,15.80728333,2026-07-25 11:52:00,35.342762,14.704335,111.0474059576282
921,2026-07-25T12:22:00.0000000+00:00,34.91328333,15.8109,2026-07-25 12:22:00,35.345135,14.704714,111.47051407230985
922,2026-07-25T12:52:00.0000000+00:00,34.91236667,15.81398333,2026-07-25 12:52:00,35.347458,14.704738,111.87614184898096
923,2026-07-25T13:22:00.0000000+00:00,34.91111667,15.81595,2026-07-25 13:22:00,35.350006,14.704592,112.23171257221554
924,2026-07-25T13:52:00.0000000+00:00,34.91011667,15.81786667,2026-07-25 13:52:00,35.35264,14.70419,112.59659947502035
925,2026-07-25T14:22:19.0000000+00:00,34.90873333,15.81905,2026-07-25 14:22:19,35.355343,14.703543,112.94472921095652
926,2026-07-25T14:52:20.0000000+00:00,34.90723333,15.81951667,2026-07-25 14:52:20,35.35814,14.702687,113.26252007031678
927,2026-07-25T15:22:00.0000000+00:00,34.90595,15.81928333,2026-07-25 15:22:00,35.36108,14.701693,113.53247614060739
928,2026-07-25T15:52:00.0000000+00:00,34.90508333,15.81831667,2026-07-25 15:52:00,35.36415,14.700566,113.73993316635294
929,2026-07-25T16:22:01.0000000+00:00,34.90463333,15.81681667,2026-07-25 16:22:01,35.36731,14.699284,113.90142545204966
930,2026-07-25T16:52:00.0000000+00:00,34.90456667,15.81525,2026-07-25 16:52:00,35.370575,14.697868,114.05519778119424
931,2026-07-25T17:22:00.0000000+00:00,34.9051,15.81345,2026-07-25 17:22:00,35.373928,14.696338,114.17414423439072
932,2026-07-25T17:52:00.0000000+00:00,34.90636667,15.81173333,2026-07-25 17:52:00,35.377384,14.694743,114.27289982980068
933,2026-07-25T18:22:00.0000000+00:00,34.90856667,15.80976667,2026-07-25 18:22:00,35.380924,14.693109,114.3112666998824
934,2026-07-25T18:52:00.0000000+00:00,34.91118333,15.808,2026-07-25 18:52:00,35.384605,14.691548,114.34546592300013
935,2026-07-25T19:22:00.0000000+00:00,34.91441667,15.80603333,2026-07-25 19:22:00,35.388386,14.6900835,114.3291352957756
936,2026-07-25T19:52:00.0000000+00:00,34.9181,15.80383333,2026-07-25 19:52:00,35.39215,14.688742,114.26009400712758
937,2026-07-25T20:22:00.0000000+00:00,34.92255,15.80128333,2026-07-25 20:22:00,35.395935,14.687528,114.11362649529238
938,2026-07-25T20:52:00.0000000+00:00,34.9276,15.79856667,2026-07-25 20:52:00,35.399853,14.686628,113.90404827094112
939,2026-07-25T21:22:00.0000000+00:00,34.93366667,15.79606667,2026-07-25 21:22:00,35.404064,14.686015,113.65109070933595
940,2026-07-25T21:52:00.0000000+00:00,34.94023333,15.79368333,2026-07-25 21:52:00,35.408157,14.685761,113.34703645411109
941,2026-07-25T22:22:25.0000000+00:00,34.94703333,15.79171667,2026-07-25 22:22:25,35.41229,14.685895,113.03513680859356
942,2026-07-25T22:52:00.0000000+00:00,34.95328333,15.79091667,2026-07-25 22:52:00,35.416546,14.686177,112.84071215052364
943,2026-07-25T23:22:00.0000000+00:00,34.9598,15.79125,2026-07-25 23:22:00,35.420704,14.686927,112.68157680898679
944,2026-07-25T23:52:00.0000000+00:00,34.96648333,15.79258333,2026-07-25 23:52:00,35.424824,14.688001,112.56738885293895
945,2026-07-26T00:22:00.0000000+00:00,34.97321667,15.79453333,2026-07-26 00:22:00,35.428898,14.689403,112.47233320418596
946,2026-07-26T00:52:00.0000000+00:00,34.98036667,15.79733333,2026-07-26 00:52:00,35.432796,14.691198,112.38525587563147
947,2026-07-26T01:22:00.0000000+00:00,34.98771667,15.8001,2026-07-26 01:22:00,35.43655,14.693318,112.25351120711017
948,2026-07-26T01:52:01.0000000+00:00,34.99535,15.80301667,2026-07-26 01:52:01,35.44029,14.695601,112.10685995407292
949,2026-07-26T02:22:01.0000000+00:00,35.00321667,15.80678333,2026-07-26 02:22:01,35.443714,14.69823,111.97651611783537
950,2026-07-26T02:52:00.0000000+00:00,35.01071667,15.81111667,2026-07-26 02:52:00,35.448742,14.700431,112.02405558219576
951,2026-07-26T03:22:01.0000000+00:00,35.01783333,15.81596667,2026-07-26 03:22:01,35.451733,14.703342,111.97829270447986
952,2026-07-26T03:52:01.0000000+00:00,35.02456667,15.82186667,2026-07-26 03:52:01,35.454567,14.706292,112.02911703850106
953,2026-07-26T04:22:00.0000000+00:00,35.03068333,15.82856667,2026-07-26 04:22:00,35.45717,14.709266,112.1646043128827
954,2026-07-26T04:52:00.0000000+00:00,35.03656667,15.83555,2026-07-26 04:52:00,35.45958,14.712204,112.33062507956707
955,2026-07-26T05:22:00.0000000+00:00,35.0418,15.84278333,2026-07-26 05:22:00,35.46184,14.715064,112.54951026010748
956,2026-07-26T05:52:01.0000000+00:00,35.04661667,15.84986667,2026-07-26 05:52:01,35.46426,14.717739,112.79967147940069
957,2026-07-26T06:22:00.0000000+00:00,35.05061667,15.85735,2026-07-26 06:22:00,35.466507,14.720337,113.12053090456196
958,2026-07-26T06:52:01.0000000+00:00,35.05411667,15.86485,2026-07-26 06:52:01,35.46865,14.722815,113.4722463659397
959,2026-07-26T07:22:00.0000000+00:00,35.05728333,15.8724,2026-07-26 07:22:00,35.470665,14.725164,113.84903976455648
960,2026-07-26T07:52:06.0000000+00:00,35.05983333,15.87985,2026-07-26 07:52:06,35.472862,14.72732,114.2703790554512
961,2026-07-26T08:22:24.0000000+00:00,35.0621,15.88675,2026-07-26 08:22:24,35.475063,14.729314,114.67282264764452
962,2026-07-26T08:52:00.0000000+00:00,35.06408333,15.89316667,2026-07-26 08:52:00,35.479427,14.7312765,115.14551490009885
963,2026-07-26T09:22:00.0000000+00:00,35.06611667,15.8992,2026-07-26 09:22:00,35.48133,14.733001,115.49573839244715
964,2026-07-26T09:52:00.0000000+00:00,35.06808333,15.90478333,2026-07-26 09:52:00,35.48361,14.73457,115.84122595650997
965,2026-07-26T10:22:00.0000000+00:00,35.07021667,15.90978333,2026-07-26 10:22:00,35.485886,14.736095,116.13416150574614
966,2026-07-26T10:52:00.0000000+00:00,35.07246667,15.91491667,2026-07-26 10:52:00,35.489124,14.737299,116.5017732184772
967,2026-07-26T11:22:00.0000000+00:00,35.07468333,15.92016667,2026-07-26 11:22:00,35.491543,14.738675,116.83053173953832
968,2026-07-26T11:52:19.0000000+00:00,35.07688333,15.92566667,2026-07-26 11:52:19,35.494106,14.739981,117.19332267818439
969,2026-07-26T12:22:00.0000000+00:00,35.07895,15.93061667,2026-07-26 12:22:00,35.500423,14.738256,117.93179114014985
970,2026-07-26T12:52:00.0000000+00:00,35.08138333,15.93475,2026-07-26 12:52:00,35.503227,14.739539,118.18225774783156
971,2026-07-26T13:22:00.0000000+00:00,35.084,15.93823333,2026-07-26 13:22:00,35.505936,14.740984,118.3528616984883
972,2026-07-26T13:52:01.0000000+00:00,35.0871,15.94053333,2026-07-26 13:52:01,35.5088,14.742544,118.40058758303918
973,2026-07-26T14:22:00.0000000+00:00,35.09078333,15.9424,2026-07-26 14:22:00,35.511753,14.744283,118.37481252249117
974,2026-07-26T14:52:00.0000000+00:00,35.09493333,15.9439,2026-07-26 14:52:00,35.524536,14.744715,118.83595662512664
975,2026-07-26T15:22:00.0000000+00:00,35.09966667,15.94506667,2026-07-26 15:22:00,35.527477,14.747069,118.65262171459081
976,2026-07-26T15:52:00.0000000+00:00,35.10518333,15.94648333,2026-07-26 15:52:00,35.530502,14.749655,118.43923207421763
977,2026-07-26T16:22:00.0000000+00:00,35.11118333,15.94888333,2026-07-26 16:22:00,35.53359,14.752444,118.27234046993556
978,2026-07-26T16:52:00.0000000+00:00,35.11753333,15.95145,2026-07-26 16:52:00,35.536797,14.755377,118.09751018257948
979,2026-07-26T17:22:00.0000000+00:00,35.12375,15.95403333,2026-07-26 17:22:00,35.53973,14.75851,117.90247923834697
980,2026-07-26T17:52:00.0000000+00:00,35.13056667,15.95708333,2026-07-26 17:52:00,35.542843,14.761744,117.72008253692219
981,2026-07-26T18:22:00.0000000+00:00,35.13763333,15.96065,2026-07-26 18:22:00,35.545944,14.765125,117.55817234112375
982,2026-07-26T18:52:00.0000000+00:00,35.14426667,15.96443333,2026-07-26 18:52:00,35.549,14.768639,117.42183795292893
983,2026-07-26T19:22:00.0000000+00:00,35.15108333,15.9693,2026-07-26 19:22:00,35.551937,14.77229,117.35298446675495
984,2026-07-26T19:52:01.0000000+00:00,35.15838333,15.9751,2026-07-26 19:52:01,35.555298,14.775931,117.36211150430515
985,2026-07-26T20:22:00.0000000+00:00,35.16548333,15.98118333,2026-07-26 20:22:00,35.558395,14.779783,117.37685778086454
986,2026-07-26T20:52:00.0000000+00:00,35.17265,15.98735,2026-07-26 20:52:00,35.561802,14.783733,117.40204209578295
987,2026-07-26T21:22:01.0000000+00:00,35.17948333,15.99361667,2026-07-26 21:22:01,35.5653,14.78781,117.44419453955511
988,2026-07-26T21:52:00.0000000+00:00,35.18578333,16.00046667,2026-07-26 21:52:00,35.571136,14.790447,117.77345927784549
989,2026-07-26T22:22:00.0000000+00:00,35.19173333,16.00785,2026-07-26 22:22:00,35.57486,14.794563,117.9535247315463
990,2026-07-26T22:52:00.0000000+00:00,35.19776667,16.01481667,2026-07-26 22:52:00,35.578663,14.798727,118.09519103007209
991,2026-07-26T23:22:00.0000000+00:00,35.20368333,16.02178333,2026-07-26 23:22:00,35.582478,14.803017,118.23208596615211
992,2026-07-26T23:52:32.0000000+00:00,35.20976667,16.02918333,2026-07-26 23:52:32,35.58662,14.807306,118.41248576355002
993,2026-07-27T00:22:00.0000000+00:00,35.21593333,16.03668333,2026-07-27 00:22:00,35.59097,14.811699,118.59782098529517
994,2026-07-27T00:52:00.0000000+00:00,35.22251667,16.04418333,2026-07-27 00:52:00,35.595535,14.816249,118.76236550531493
995,2026-07-27T01:22:00.0000000+00:00,35.22943333,16.05203333,2026-07-27 01:22:00,35.599953,14.821145,118.90943822724205
996,2026-07-27T01:52:00.0000000+00:00,35.2357,16.05948333,2026-07-27 01:52:00,35.604267,14.826377,119.01616108801544
997,2026-07-27T02:22:00.0000000+00:00,35.2413,16.06723333,2026-07-27 02:22:00,35.611553,14.831065,119.33295356038138
998,2026-07-27T02:52:00.0000000+00:00,35.24665,16.0743,2026-07-27 02:52:00,35.615242,14.836792,119.37741469765547
999,2026-07-27T03:22:00.0000000+00:00,35.25196667,16.08031667,2026-07-27 03:22:00,35.618458,14.842745,119.29707074421144
1000,2026-07-27T03:52:00.0000000+00:00,35.2572,16.08605,2026-07-27 03:52:00,35.62117,14.848806,119.1686629022345
1001,2026-07-27T04:22:31.0000000+00:00,35.26276667,16.09163333,2026-07-27 04:22:31,35.623238,14.854995,118.98030517812131
1002,2026-07-27T04:52:26.0000000+00:00,35.26773333,16.0966,2026-07-27 04:52:26,35.62479,14.861119,118.74998643891563
1003,2026-07-27T05:22:18.0000000+00:00,35.27205,16.10206667,2026-07-27 05:22:18,35.62564,14.867338,118.55401165374424
1004,2026-07-27T05:52:00.0000000+00:00,35.27643333,16.1073,2026-07-27 05:52:00,35.625942,14.873486,118.32297583575188
1005,2026-07-27T06:22:00.0000000+00:00,35.28026667,16.11241667,2026-07-27 06:22:00,35.62568,14.879527,118.0926178808181
1006,2026-07-27T06:52:23.0000000+00:00,35.28418333,16.11698333,2026-07-27 06:52:23,35.62481,14.885471,117.80028195137665
1007,2026-07-27T07:22:00.0000000+00:00,35.28768333,16.12105,2026-07-27 07:22:00,35.62407,14.889887,117.61772389751005
1008,2026-07-27T07:52:32.0000000+00:00,35.29115,16.12561667,2026-07-27 07:52:32,35.623558,14.892571,117.63780023332781
1009,2026-07-27T08:22:00.0000000+00:00,35.2948,16.12981667,2026-07-27 08:22:00,35.62145,14.897419,117.38132431788677
1010,2026-07-27T08:52:00.0000000+00:00,35.29956667,16.13378333,2026-07-27 08:52:00,35.619144,14.901684,117.11313650185829
1011,2026-07-27T09:22:00.0000000+00:00,35.30416667,16.13796667,2026-07-27 09:22:00,35.618248,14.903504,117.13102294285137
1012,2026-07-27T09:52:00.0000000+00:00,35.3083,16.14216667,2026-07-27 09:52:00,35.616093,14.906017,117.06919911879305
1013,2026-07-27T10:22:01.0000000+00:00,35.31273333,16.14713333,2026-07-27 10:22:01,35.61421,14.907704,117.14861344093585
1014,2026-07-27T10:52:00.0000000+00:00,35.31726667,16.15263333,2026-07-27 10:52:00,35.612984,14.90837,117.38495836409399
1015,2026-07-27T11:22:00.0000000+00:00,35.3216,16.15793333,2026-07-27 11:22:00,35.611893,14.908602,117.65657178085246
1016,2026-07-27T11:52:00.0000000+00:00,35.32586667,16.16328333,2026-07-27 11:52:00,35.61126,14.908269,118.00145223679388
1017,2026-07-27T12:22:19.0000000+00:00,35.33,16.16893333,2026-07-27 12:22:19,35.617718,14.903908,118.93688865851603
1018,2026-07-27T12:52:00.0000000+00:00,35.33413333,16.17416667,2026-07-27 12:52:00,35.618176,14.902582,119.39720849943089
1019,2026-07-27T13:22:00.0000000+00:00,35.33838333,16.1795,2026-07-27 13:22:00,35.619045,14.901117,119.88883240327394
1020,2026-07-27T13:52:00.0000000+00:00,35.3431,16.18475,2026-07-27 13:52:00,35.62029,14.899665,120.3713237884481
1021,2026-07-27T14:22:00.0000000+00:00,35.34798333,16.18946667,2026-07-27 14:22:00,35.6221,14.898267,120.81536336789038
1022,2026-07-27T14:52:19.0000000+00:00,35.35286667,16.19388333,2026-07-27 14:52:19,35.623867,14.897258,121.19943770283447
1023,2026-07-27T15:22:30.0000000+00:00,35.35736667,16.19908333,2026-07-27 15:22:30,35.62584,14.896628,121.63677877754829
1024,2026-07-27T15:52:00.0000000+00:00,35.36201667,16.20368333,2026-07-27 15:52:00,35.62792,14.896465,121.98053410783713
1025,2026-07-27T16:22:19.0000000+00:00,35.3671,16.20833333,2026-07-27 16:22:19,35.630165,14.896793,122.27901939628106
1026,2026-07-27T16:52:00.0000000+00:00,35.37205,16.21285,2026-07-27 16:52:00,35.632374,14.897708,122.5180968743752
1027,2026-07-27T17:22:00.0000000+00:00,35.3771,16.21738333,2026-07-27 17:22:00,35.634365,14.899295,122.69249642759334
1028,2026-07-27T17:52:00.0000000+00:00,35.38186667,16.2221,2026-07-27 17:52:00,35.636696,14.900817,122.90579586436067
1029,2026-07-27T18:22:00.0000000+00:00,35.38705,16.22681667,2026-07-27 18:22:00,35.638012,14.903767,122.95844824191853
1030,2026-07-27T18:52:00.0000000+00:00,35.39246667,16.23133333,2026-07-27 18:52:00,35.639126,14.907193,122.94212269415665
1031,2026-07-27T19:22:00.0000000+00:00,35.39771667,16.23556667,2026-07-27 19:22:00,35.63982,14.910973,122.86597604187838
1032,2026-07-27T19:52:04.0000000+00:00,35.39928333,16.24111667,2026-07-27 19:52:04,35.64004,14.915016,122.96498980016406
1033,2026-07-27T20:22:25.0000000+00:00,35.39825,16.24716667,2026-07-27 20:22:25,35.639942,14.919216,123.1518117679959
1034,2026-07-27T20:52:01.0000000+00:00,35.39653333,16.25293333,2026-07-27 20:52:01,35.63996,14.923368,123.337840298769
1035,2026-07-27T21:22:00.0000000+00:00,35.39425,16.25811667,2026-07-27 21:22:00,35.639584,14.927522,123.47739271612961
1036,2026-07-27T21:52:00.0000000+00:00,35.39205,16.26288333,2026-07-27 21:52:00,35.639423,14.931485,123.60030528938073
1037,2026-07-27T22:22:00.0000000+00:00,35.38971667,16.26703333,2026-07-27 22:22:00,35.639397,14.935254,123.69306858189852
1038,2026-07-27T22:52:31.0000000+00:00,35.38796667,16.27025,2026-07-27 22:52:31,35.63914,14.937775,123.79332180617034
1039,2026-07-27T23:22:00.0000000+00:00,35.38678333,16.27236667,2026-07-27 23:22:00,35.639355,14.94122,123.71195849222958
1040,2026-07-27T23:52:00.0000000+00:00,35.38538333,16.2745,2026-07-27 23:52:00,35.639576,14.944569,123.64680917024458
1041,2026-07-28T00:22:00.0000000+00:00,35.38446667,16.27603333,2026-07-28 00:22:00,35.640087,14.947738,123.5394260958294
1042,2026-07-28T00:52:00.0000000+00:00,35.38416667,16.27728333,2026-07-28 00:52:00,35.640278,14.951062,123.36937519819594
1043,2026-07-28T01:22:25.0000000+00:00,35.38418333,16.27771667,2026-07-28 01:22:25,35.640278,14.954566,123.09854345889065
1044,2026-07-28T01:52:01.0000000+00:00,35.38495,16.27771667,2026-07-28 01:52:01,35.640106,14.958333,122.74222671634942
1045,2026-07-28T02:22:00.0000000+00:00,35.38603333,16.27811667,2026-07-28 02:22:00,35.639595,14.9623785,122.37994286605216
1046,2026-07-28T02:52:00.0000000+00:00,35.38775,16.27831667,2026-07-28 02:52:00,35.638805,14.966588,121.9620574705829
1047,2026-07-28T03:22:00.0000000+00:00,35.38926667,16.27816667,2026-07-28 03:22:00,35.63751,14.9710045,121.4881212208135
1048,2026-07-28T03:52:50.0000000+00:00,35.39091667,16.27715,2026-07-28 03:52:50,35.635986,14.975415,120.92972648244316
1049,2026-07-28T04:22:01.0000000+00:00,35.39286667,16.27566667,2026-07-28 04:22:01,35.63407,14.979837,120.312431043285
1050,2026-07-28T04:52:00.0000000+00:00,35.39508333,16.27386667,2026-07-28 04:52:00,35.631817,14.984184,119.659952745374
1051,2026-07-28T05:22:01.0000000+00:00,35.39733333,16.27225,2026-07-28 05:22:01,35.62958,14.988209,119.05278286931855
1052,2026-07-28T05:52:19.0000000+00:00,35.39961667,16.27126667,2026-07-28 05:52:19,35.627052,14.99206,118.51038286533449
1053,2026-07-28T06:22:00.0000000+00:00,35.40183333,16.27001667,2026-07-28 06:22:00,35.624165,14.995776,117.95152395612486
1054,2026-07-28T06:52:00.0000000+00:00,35.40486667,16.26843333,2026-07-28 06:52:00,35.621155,14.999208,117.36818056757025
1055,2026-07-28T07:22:01.0000000+00:00,35.40858333,16.26713333,2026-07-28 07:22:01,35.618217,15.002214,116.83626997142464
1056,2026-07-28T07:52:00.0000000+00:00,35.4126,16.26583333,2026-07-28 07:52:00,35.61539,15.00466,116.35342786436605
1057,2026-07-28T08:22:01.0000000+00:00,35.41766667,16.26441667,2026-07-28 08:22:01,35.61251,15.00684,115.86422988925545
1058,2026-07-28T08:52:00.0000000+00:00,35.42335,16.26358333,2026-07-28 08:52:00,35.609406,15.008795,115.4354163663437
1059,2026-07-28T09:22:00.0000000+00:00,35.4292,16.26351667,2026-07-28 09:22:00,35.606297,15.0104265,115.10759514519476
1060,2026-07-28T09:52:00.0000000+00:00,35.43508333,16.26353333,2026-07-28 09:52:00,35.603477,15.011611,114.83973341701294
1061,2026-07-28T10:22:00.0000000+00:00,35.44085,16.26391667,2026-07-28 10:22:00,35.600883,15.012521,114.64249878360003
1062,2026-07-28T10:52:00.0000000+00:00,35.4465,16.26446667,2026-07-28 10:52:00,35.599068,15.012165,114.59496120988389
1063,2026-07-28T11:22:00.0000000+00:00,35.4522,16.26561667,2026-07-28 11:22:00,35.597385,15.012614,114.53629147843162
1064,2026-07-28T11:52:00.0000000+00:00,35.45766667,16.26751667,2026-07-28 11:52:00,35.59627,15.012945,114.57308465349978
1065,2026-07-28T12:22:00.0000000+00:00,35.46285,16.27063333,2026-07-28 12:22:00,35.59579,15.013245,114.7396174618881
1066,2026-07-28T12:52:03.0000000+00:00,35.46695,16.27498333,2026-07-28 12:52:03,35.595947,15.013598,115.03977331996599
1067,2026-07-28T13:22:00.0000000+00:00,35.46903333,16.2799,2026-07-28 13:22:00,35.59654,15.014174,115.40699457413159
1068,2026-07-28T13:52:00.0000000+00:00,35.4709,16.28305,2026-07-28 13:52:00,35.59779,15.014942,115.61042096813478
1069,2026-07-28T14:22:24.0000000+00:00,35.47246667,16.28756667,2026-07-28 14:22:24,35.59931,15.016088,115.91037293355102
1070,2026-07-28T14:52:00.0000000+00:00,35.47288333,16.292,2026-07-28 14:52:00,35.601227,15.017591,116.19212563875121
1071,2026-07-28T15:22:24.0000000+00:00,35.47211667,16.29628333,2026-07-28 15:22:24,35.603233,15.019594,116.43419464843423
1072,2026-07-28T15:52:19.0000000+00:00,35.47085,16.29881667,2026-07-28 15:52:19,35.605556,15.021871,116.50720498889488
1073,2026-07-28T16:22:55.0000000+00:00,35.4698,16.30033333,2026-07-28 16:22:55,35.607704,15.02492,116.4151213292151
1074,2026-07-28T16:52:25.0000000+00:00,35.46856667,16.3018,2026-07-28 16:52:25,35.60983,15.028507,116.27415397128127
1075,2026-07-28T17:22:00.0000000+00:00,35.46646667,16.30311667,2026-07-28 17:22:00,35.611702,15.032698,116.07730988503695
1076,2026-07-28T17:52:19.0000000+00:00,35.46365,16.30408333,2026-07-28 17:52:19,35.61332,15.037487,115.80562419853311
1077,2026-07-28T18:22:25.0000000+00:00,35.46095,16.30481667,2026-07-28 18:22:25,35.614697,15.042861,115.45716379368304
1078,2026-07-28T18:52:00.0000000+00:00,35.45851667,16.30496667,2026-07-28 18:52:00,35.616627,15.045869,115.27485614129395
1079,2026-07-28T19:22:00.0000000+00:00,35.45605,16.30423333,2026-07-28 19:22:00,35.6174,15.0524025,114.68213288155788
1080,2026-07-28T19:52:00.0000000+00:00,35.45376667,16.30251667,2026-07-28 19:52:00,35.617844,15.059465,113.94685477178076
1081,2026-07-28T20:22:19.0000000+00:00,35.45161667,16.30003333,2026-07-28 20:22:19,35.617798,15.067033,113.0888955167093
1082,2026-07-28T20:52:00.0000000+00:00,35.44975,16.29648333,2026-07-28 20:52:00,35.61731,15.075005,112.08739696720406
1083,2026-07-28T21:22:00.0000000+00:00,35.4478,16.29241667,2026-07-28 21:22:00,35.61643,15.083271,111.00903908682704
1084,2026-07-28T21:52:00.0000000+00:00,35.44656667,16.28771667,2026-07-28 21:52:00,35.615322,15.091615,109.84975469475178
1085,2026-07-28T22:22:01.0000000+00:00,35.44563333,16.28241667,2026-07-28 22:22:01,35.613853,15.099843,108.63522174922687
1086,2026-07-28T22:52:00.0000000+00:00,35.4452,16.27695,2026-07-28 22:52:00,35.61233,15.107669,107.43080010829257
1087,2026-07-28T23:22:02.0000000+00:00,35.44505,16.27135,2026-07-28 23:22:02,35.61056,15.115123,106.23732769114075
1088,2026-07-28T23:52:00.0000000+00:00,35.44523333,16.26613333,2026-07-28 23:52:00,35.608135,15.118937,105.38385821383608
1089,2026-07-29T00:22:01.0000000+00:00,35.44578333,16.26103333,2026-07-29 00:22:01,35.606285,15.125318,104.31532175285273
1090,2026-07-29T00:52:00.0000000+00:00,35.44711667,16.2553,2026-07-29 00:52:00,35.604164,15.131116,103.22208625485837
1091,2026-07-29T01:22:00.0000000+00:00,35.44926667,16.2497,2026-07-29 01:22:00,35.60188,15.132917,102.4792884829114
1092,2026-07-29T01:52:00.0000000+00:00,35.4525,16.24401667,2026-07-29 01:52:00,35.59995,15.137063,101.50707101943492
1093,2026-07-29T02:22:00.0000000+00:00,35.45625,16.23856667,2026-07-29 02:22:00,35.598034,15.140585,100.60422460684036
1094,2026-07-29T02:52:00.0000000+00:00,35.46038333,16.23351667,2026-07-29 02:52:00,35.596252,15.143389,99.79922960865808
1095,2026-07-29T03:22:00.0000000+00:00,35.46488333,16.2289,2026-07-29 03:22:00,35.59445,15.145842,99.06090749330679
1096,2026-07-29T03:52:00.0000000+00:00,35.46896667,16.22511667,2026-07-29 03:52:00,35.592667,15.147971,98.43689610215621
1097,2026-07-29T04:22:01.0000000+00:00,35.47338333,16.22208333,2026-07-29 04:22:01,35.590904,15.149858,97.90040079637585
1098,2026-07-29T04:52:03.0000000+00:00,35.47868333,16.21918333,2026-07-29 04:52:03,35.589222,15.151469,97.39279867030984
1099,2026-07-29T05:22:01.0000000+00:00,35.48471667,16.21666667,2026-07-29 05:22:01,35.587566,15.15295,96.92666322801041
1100,2026-07-29T05:52:00.0000000+00:00,35.4906,16.21473333,2026-07-29 05:52:00,35.58733,15.153575,96.61533500277329
1101,2026-07-29T06:22:00.0000000+00:00,35.49611667,16.21333333,2026-07-29 06:22:00,35.585865,15.154671,96.30509478808679
1102,2026-07-29T06:52:23.0000000+00:00,35.50151667,16.21255,2026-07-29 06:52:23,35.584465,15.155753,96.0592636552856
1103,2026-07-29T07:22:31.0000000+00:00,35.50735,16.2124,2026-07-29 07:22:31,35.58323,15.156683,95.88685561641913
1104,2026-07-29T07:52:19.0000000+00:00,35.5129,16.21298333,2026-07-29 07:52:19,35.582233,15.157441,95.80707453724192
1105,2026-07-29T08:22:00.0000000+00:00,35.51803333,16.21335,2026-07-29 08:22:00,35.581577,15.157982,95.73916948181862
1106,2026-07-29T08:52:01.0000000+00:00,35.52296667,16.21375,2026-07-29 08:52:01,35.581417,15.158083,95.72305543716723
1107,2026-07-29T09:22:00.0000000+00:00,35.52758333,16.2141,2026-07-29 09:22:00,35.58171,15.15831,95.6997978527192
1108,2026-07-29T09:52:00.0000000+00:00,35.53206667,16.21471667,2026-07-29 09:52:00,35.582634,15.158225,95.73589379601823
1109,2026-07-29T10:22:00.0000000+00:00,35.53606667,16.21591667,2026-07-29 10:22:00,35.58406,15.158372,95.81140709635683
1110,2026-07-29T10:52:00.0000000+00:00,35.53983333,16.21675,2026-07-29 10:52:00,35.58597,15.158775,95.83563056346492
1111,2026-07-29T11:22:00.0000000+00:00,35.54355,16.21793333,2026-07-29 11:22:00,35.58831,15.159526,95.862964198497
1112,2026-07-29T11:52:00.0000000+00:00,35.54645,16.21926667,2026-07-29 11:52:00,35.590733,15.156489,96.25187221444244
1113,2026-07-29T12:22:01.0000000+00:00,35.54935,16.22056667,2026-07-29 12:22:01,35.593758,15.158071,96.22363908465536
1114,2026-07-29T12:52:00.0000000+00:00,35.55178333,16.22146667,2026-07-29 12:52:00,35.596905,15.1590805,96.2143796279183
1115,2026-07-29T13:22:00.0000000+00:00,35.55381667,16.22218333,2026-07-29 13:22:00,35.60007,15.161628,96.05255886867698
1116,2026-07-29T13:52:00.0000000+00:00,35.55565,16.22295,2026-07-29 13:52:00,35.60312,15.164447,95.87164032368587
1117,2026-07-29T14:22:03.0000000+00:00,35.55661667,16.22355,2026-07-29 14:22:03,35.605854,15.1675205,95.65713502798768
1118,2026-07-29T14:52:00.0000000+00:00,35.55706667,16.22365,2026-07-29 14:52:00,35.60818,15.170504,95.40738612648526
1119,2026-07-29T15:22:08.0000000+00:00,35.55725,16.22298333,2026-07-29 15:22:08,35.61007,15.173442,95.09238146038736
1120,2026-07-29T15:52:22.0000000+00:00,35.55718333,16.22116667,2026-07-29 15:52:22,35.611618,15.1762705,94.6834964100182
1121,2026-07-29T16:22:31.0000000+00:00,35.55611667,16.21908333,2026-07-29 16:22:31,35.612877,15.179248,94.24358624251344
1122,2026-07-29T16:52:01.0000000+00:00,35.55515,16.21701667,2026-07-29 16:52:01,35.61356,15.176706,94.29914316044271
1123,2026-07-29T17:22:01.0000000+00:00,35.55438333,16.21466667,2026-07-29 17:22:01,35.614567,15.179543,93.84499870667135
1124,2026-07-29T17:52:00.0000000+00:00,35.55341667,16.21178333,2026-07-29 17:52:00,35.615604,15.182502,93.3342279440378
1125,2026-07-29T18:22:00.0000000+00:00,35.5531,16.20848333,2026-07-29 18:22:00,35.616737,15.185428,92.7843954773834
1126,2026-07-29T18:52:00.0000000+00:00,35.55273333,16.20508333,2026-07-29 18:52:00,35.617966,15.18838,92.2249129294241
1127,2026-07-29T19:22:00.0000000+00:00,35.5526,16.20116667,2026-07-29 19:22:00,35.6193,15.191064,91.64240954238309
1128,2026-07-29T19:52:00.0000000+00:00,35.55318333,16.19688333,2026-07-29 19:52:00,35.620644,15.193904,91.00609826509319
1129,2026-07-29T20:22:00.0000000+00:00,35.55393333,16.19268333,2026-07-29 20:22:00,35.62199,15.196664,90.38331764738469
1130,2026-07-29T20:52:19.0000000+00:00,35.5553,16.18768333,2026-07-29 20:52:19,35.62328,15.199426,89.68178264732975
1131,2026-07-29T21:22:00.0000000+00:00,35.55648333,16.18275,2026-07-29 21:22:00,35.62447,15.202173,88.98852078513366
1132,2026-07-29T21:52:00.0000000+00:00,35.55705,16.17721667,2026-07-29 21:52:00,35.625526,15.204933,88.245036742344
1133,2026-07-29T22:22:00.0000000+00:00,35.55778333,16.17165,2026-07-29 22:22:00,35.626427,15.207567,87.50713839809224
1134,2026-07-29T22:52:00.0000000+00:00,35.55883333,16.16588333,2026-07-29 22:52:00,35.627068,15.21042,86.72579111896115
1135,2026-07-29T23:22:25.0000000+00:00,35.55958333,16.1605,2026-07-29 23:22:25,35.627575,15.213234,85.9844215838241
1136,2026-07-29T23:52:00.0000000+00:00,35.56025,16.15476667,2026-07-29 23:52:00,35.627968,15.216162,85.2010381282078
1137,2026-07-30T00:22:00.0000000+00:00,35.56146667,16.14848333,2026-07-30 00:22:00,35.62833,15.219,84.37031213985584
1138,2026-07-30T00:52:00.0000000+00:00,35.56285,16.14241667,2026-07-30 00:52:00,35.62861,15.221877,83.55312170842814
1139,2026-07-30T01:22:00.0000000+00:00,35.56441667,16.13646667,2026-07-30 01:22:00,35.62887,15.2247925,82.74104940863467
1140,2026-07-30T01:52:01.0000000+00:00,35.56673333,16.1306,2026-07-30 01:52:01,35.6291,15.227855,81.91561617886197
1141,2026-07-30T02:22:01.0000000+00:00,35.56966667,16.12496667,2026-07-30 02:22:01,35.62935,15.230993,81.098644648909
1142,2026-07-30T02:52:00.0000000+00:00,35.57281667,16.12005,2026-07-30 02:52:00,35.629646,15.234244,80.33556106365852
1143,2026-07-30T03:22:01.0000000+00:00,35.57638333,16.11563333,2026-07-30 03:22:01,35.63003,15.237561,79.6092065036477
1144,2026-07-30T03:52:00.0000000+00:00,35.58043333,16.11206667,2026-07-30 03:52:00,35.63048,15.241061,78.94066333796655
1145,2026-07-30T04:22:00.0000000+00:00,35.58408333,16.10958333,2026-07-30 04:22:00,35.631092,15.244391,78.39111225739711
1146,2026-07-30T04:52:00.0000000+00:00,35.58728333,16.10753333,2026-07-30 04:52:00,35.63066,15.244687,78.15225612123201
1147,2026-07-30T05:22:17.0000000+00:00,35.58986667,16.10548333,2026-07-30 05:22:17,35.631382,15.248472,77.61152574983386
1148,2026-07-30T05:52:00.0000000+00:00,35.5925,16.10373333,2026-07-30 05:52:00,35.63209,15.252229,77.10050375755301
1149,2026-07-30T06:22:00.0000000+00:00,35.59491667,16.10263333,2026-07-30 06:22:00,35.632763,15.255799,76.66661101359493
1150,2026-07-30T06:53:01.0000000+00:00,35.59713333,16.10226667,2026-07-30 06:53:01,35.633286,15.259259,76.3098077508363
1151,2026-07-30T07:22:01.0000000+00:00,35.59905,16.10203333,2026-07-30 07:22:01,35.633614,15.262496,75.9862953548026
1152,2026-07-30T07:52:00.0000000+00:00,35.60095,16.10236667,2026-07-30 07:52:00,35.633717,15.2654295,75.74073188321215
1153,2026-07-30T08:22:00.0000000+00:00,35.6021,16.10288333,2026-07-30 08:22:00,35.633595,15.267914,75.55605524771272
1154,2026-07-30T08:52:00.0000000+00:00,35.6029,16.10388333,2026-07-30 08:52:00,35.63315,15.270177,75.43542892843288
1155,2026-07-30T09:22:00.0000000+00:00,35.60336667,16.10468333,2026-07-30 09:22:00,35.632416,15.272103,75.32802060063192
1156,2026-07-30T09:52:00.0000000+00:00,35.6031,16.10505,2026-07-30 09:52:00,35.631416,15.273728,75.21147850094708
1157,2026-07-30T10:22:00.0000000+00:00,35.60185,16.10521667,2026-07-30 10:22:00,35.630238,15.274885,75.12360167177943
1158,2026-07-30T10:52:00.0000000+00:00,35.5996,16.10418333,2026-07-30 10:52:00,35.628826,15.275991,74.93603255102477
1159,2026-07-30T11:22:00.0000000+00:00,35.59691667,16.10295,2026-07-30 11:22:00,35.627262,15.277038,74.7376151661218
1160,2026-07-30T11:52:00.0000000+00:00,35.59418333,16.10068333,2026-07-30 11:52:00,35.625633,15.277983,74.4553408836157
1161,2026-07-30T12:22:00.0000000+00:00,35.59165,16.09746667,2026-07-30 12:22:00,35.62397,15.278877,74.09064520659138
1162,2026-07-30T12:52:00.0000000+00:00,35.58903333,16.09373333,2026-07-30 12:52:00,35.622288,15.279916,73.66692266074678
1163,2026-07-30T13:22:03.0000000+00:00,35.5864,16.08946667,2026-07-30 13:22:03,35.620655,15.280907,73.1997582366282
1164,2026-07-30T13:52:19.0000000+00:00,35.58391667,16.08393333,2026-07-30 13:52:19,35.619118,15.281796,72.62728154516913
1165,2026-07-30T14:22:55.0000000+00:00,35.5819,16.07806667,2026-07-30 14:22:55,35.617695,15.282554,72.03451513113686
1166,2026-07-30T14:52:00.0000000+00:00,35.57908333,16.07228333,2026-07-30 14:52:00,35.616455,15.28307,71.47767112604437
1167,2026-07-30T15:22:32.0000000+00:00,35.57608333,16.06536667,2026-07-30 15:22:32,35.615437,15.283287,70.8486872411443
1168,2026-07-30T15:52:00.0000000+00:00,35.5742,16.05905,2026-07-30 15:52:00,35.61464,15.283388,70.27834485791662
1169,2026-07-30T16:22:00.0000000+00:00,35.57196667,16.05248333,2026-07-30 16:22:00,35.614166,15.283157,69.72071122455074
1170,2026-07-30T16:52:17.0000000+00:00,35.57053333,16.04648333,2026-07-30 16:52:17,35.61398,15.2828865,69.21415039326546
1171,2026-07-30T17:22:00.0000000+00:00,35.57021667,16.04083333,2026-07-30 17:22:00,35.61416,15.282408,68.75159657851958
1172,2026-07-30T17:52:00.0000000+00:00,35.57075,16.0359,2026-07-30 17:52:00,35.614586,15.282222,68.32221328007874
1173,2026-07-30T18:22:01.0000000+00:00,35.57121667,16.03213333,2026-07-30 18:22:01,35.615273,15.282281,67.97853580323147
1174,2026-07-30T18:52:00.0000000+00:00,35.57181667,16.02858333,2026-07-30 18:52:00,35.616207,15.282451,67.64502767005321
1175,2026-07-30T19:22:00.0000000+00:00,35.57206667,16.02563333,2026-07-30 19:22:00,35.616917,15.281633,67.4561252359271
1176,2026-07-30T19:52:01.0000000+00:00,35.57266667,16.02303333,2026-07-30 19:52:01,35.618065,15.282622,67.13635634329296
1177,2026-07-30T20:22:01.0000000+00:00,35.57268333,16.02075,2026-07-30 20:22:01,35.619198,15.284167,66.80019096737027
1178,2026-07-30T20:52:00.0000000+00:00,35.57223333,16.01893333,2026-07-30 20:52:00,35.620308,15.286123,66.47348333808436
1179,2026-07-30T21:22:00.0000000+00:00,35.5713,16.01751667,2026-07-30 21:22:00,35.621353,15.288512,66.14862003303669
1180,2026-07-30T21:52:01.0000000+00:00,35.57015,16.01656667,2026-07-30 21:52:01,35.62229,15.2911415,65.84640516673723
1181,2026-07-30T22:22:00.0000000+00:00,35.56906667,16.01641667,2026-07-30 22:22:00,35.62307,15.294221,65.57422318586568
1182,2026-07-30T22:52:00.0000000+00:00,35.5682,16.01706667,2026-07-30 22:52:00,35.623592,15.297747,65.32979400545145
1183,2026-07-30T23:22:00.0000000+00:00,35.56733333,16.01806667,2026-07-30 23:22:00,35.6238,15.301813,65.06550440179768
1184,2026-07-30T23:52:00.0000000+00:00,35.5658,16.01948333,2026-07-30 23:52:00,35.62364,15.306383,64.79742966231252
1185,2026-07-31T00:22:00.0000000+00:00,35.56413333,16.02093333,2026-07-31 00:22:00,35.62307,15.311377,64.4917292894713
1186,2026-07-31T00:52:00.0000000+00:00,35.56198333,16.023,2026-07-31 00:52:00,35.62199,15.316729,64.20981129865278
1187,2026-07-31T01:22:02.0000000+00:00,35.55938333,16.0256,2026-07-31 01:22:02,35.620373,15.322445,63.942658736390236
1188,2026-07-31T01:52:01.0000000+00:00,35.55608333,16.02826667,2026-07-31 01:52:01,35.618217,15.328359,63.666589870758386
1189,2026-07-31T02:22:19.0000000+00:00,35.55253333,16.03061667,2026-07-31 02:22:19,35.61554,15.334453,63.343113541175505
1190,2026-07-31T02:52:00.0000000+00:00,35.54883333,16.03283333,2026-07-31 02:52:00,35.61234,15.3404455,63.012567292617646
1191,2026-07-31T03:22:00.0000000+00:00,35.54451667,16.0346,2026-07-31 03:22:00,35.608624,15.346011,62.68192287277034
1192,2026-07-31T03:52:00.0000000+00:00,35.53985,16.03613333,2026-07-31 03:52:00,35.604416,15.350953,62.38495539936367
1193,2026-07-31T04:22:00.0000000+00:00,35.53458333,16.03706667,2026-07-31 04:22:00,35.599796,15.355113,62.10723742791284
1194,2026-07-31T04:52:00.0000000+00:00,35.52926667,16.03781667,2026-07-31 04:52:00,35.59486,15.358399,61.88823372010411
1195,2026-07-31T05:22:00.0000000+00:00,35.52453333,16.03848333,2026-07-31 05:22:00,35.589626,15.360686,61.73996017201184
1196,2026-07-31T05:52:00.0000000+00:00,35.51951667,16.03865,2026-07-31 05:52:00,35.58421,15.362044,61.631580292462665
1197,2026-07-31T06:22:00.0000000+00:00,35.51443333,16.03881667,2026-07-31 06:22:00,35.578594,15.362494,61.603393883003676
1198,2026-07-31T06:52:00.0000000+00:00,35.5094,16.03851667,2026-07-31 06:52:00,35.57286,15.362149,61.602539441348505
1199,2026-07-31T07:22:00.0000000+00:00,35.50426667,16.03798333,2026-07-31 07:22:00,35.567116,15.361142,61.64149781976123
1200,2026-07-31T07:52:00.0000000+00:00,35.4996,16.03731667,2026-07-31 07:52:00,35.56152,15.359619,61.71080487501386
1201,2026-07-31T08:22:00.0000000+00:00,35.4956,16.03633333,2026-07-31 08:22:00,35.556152,15.357634,61.7876036161993
1202,2026-07-31T08:52:00.0000000+00:00,35.4916,16.03591667,2026-07-31 08:52:00,35.550552,15.355489,61.92777366395553
1203,2026-07-31T09:22:00.0000000+00:00,35.48768333,16.0359,2026-07-31 09:22:00,35.545918,15.352854,62.15829815477642
1204,2026-07-31T09:52:00.0000000+00:00,35.48368333,16.0363,2026-07-31 09:52:00,35.54108,15.35041,62.408082692941534
1205,2026-07-31T10:22:01.0000000+00:00,35.47923333,16.03706667,2026-07-31 10:22:01,35.537136,15.347574,62.74147282202397
1206,2026-07-31T10:52:00.0000000+00:00,35.47433333,16.0382,2026-07-31 10:52:00,35.533848,15.344971,63.09955204223698
1207,2026-07-31T11:22:00.0000000+00:00,35.4691,16.0388,2026-07-31 11:22:00,35.530556,15.34275,63.37978789733482
1208,2026-07-31T11:52:00.0000000+00:00,35.46353333,16.03871667,2026-07-31 11:52:00,35.52778,15.340405,63.62064249485026
1209,2026-07-31T12:22:00.0000000+00:00,35.45798333,16.03835,2026-07-31 12:22:00,35.525436,15.338101,63.83888506015497
1210,2026-07-31T12:52:00.0000000+00:00,35.45225,16.03733333,2026-07-31 12:52:00,35.523426,15.335874,64.00072271116511
1211,2026-07-31T13:22:00.0000000+00:00,35.44638333,16.03621667,2026-07-31 13:22:00,35.521793,15.3337345,64.15540355756181
1212,2026-07-31T13:52:00.0000000+00:00,35.44011667,16.03496667,2026-07-31 13:52:00,35.520435,15.331613,64.310122468673
1213,2026-07-31T14:22:00.0000000+00:00,35.43435,16.03313333,2026-07-31 14:22:00,35.519226,15.3295,64.41017482800984
1214,2026-07-31T14:52:00.0000000+00:00,35.42891667,16.03083333,2026-07-31 14:52:00,35.518173,15.327498,64.45926527359579
1215,2026-07-31T15:22:17.0000000+00:00,35.42385,16.028,2026-07-31 15:22:17,35.51668,15.325997,64.40511455173703
1216,2026-07-31T15:52:01.0000000+00:00,35.41895,16.0253,2026-07-31 15:52:01,35.51587,15.324866,64.34165955368499
1217,2026-07-31T16:22:01.0000000+00:00,35.41426667,16.02251667,2026-07-31 16:22:01,35.51566,15.324166,64.24295856682487
1218,2026-07-31T16:52:00.0000000+00:00,35.41016667,16.0195,2026-07-31 16:52:00,35.51552,15.323989,64.07052312549088
1219,2026-07-31T17:22:00.0000000+00:00,35.40635,16.01665,2026-07-31 17:22:00,35.51538,15.324419,63.856406593933656
1220,2026-07-31T17:52:00.0000000+00:00,35.40298333,16.0143,2026-07-31 17:52:00,35.5152,15.325524,63.61910699637907
1221,2026-07-31T18:22:00.0000000+00:00,35.39946667,16.01235,2026-07-31 18:22:00,35.51455,15.327813,63.30778783082261
1222,2026-07-31T18:52:00.0000000+00:00,35.39656667,16.00998333,2026-07-31 18:52:00,35.51424,15.3304205,62.92714765247541
1223,2026-07-31T19:22:00.0000000+00:00,35.39411667,16.00808333,2026-07-31 19:22:00,35.513588,15.333562,62.52400154758011
1224,2026-07-31T19:52:00.0000000+00:00,35.39168333,16.00635,2026-07-31 19:52:00,35.512688,15.337244,62.08259701122651
1225,2026-07-31T20:22:00.0000000+00:00,35.38951667,16.00496667,2026-07-31 20:22:00,35.51133,15.341212,61.63041495762188
1226,2026-07-31T20:52:00.0000000+00:00,35.38721667,16.00386667,2026-07-31 20:52:00,35.50969,15.34542,61.1792484546575
1227,2026-07-31T21:22:25.0000000+00:00,35.38455,16.00321667,2026-07-31 21:22:25,35.50772,15.349704,60.762733864185655
1228,2026-07-31T21:52:20.0000000+00:00,35.38188333,16.00265,2026-07-31 21:52:20,35.50542,15.353941,60.34990673469516
1229,2026-07-31T22:22:00.0000000+00:00,35.37945,16.00281667,2026-07-31 22:22:00,35.502865,15.358093,59.99702794824718
1230,2026-07-31T22:52:00.0000000+00:00,35.37755,16.00293333,2026-07-31 22:52:00,35.49996,15.362142,59.626457530588254
1231,2026-07-31T23:22:00.0000000+00:00,35.37568333,16.00378333,2026-07-31 23:22:00,35.496895,15.366196,59.31518029911489
1232,2026-07-31T23:52:17.0000000+00:00,35.37408333,16.00495,2026-07-31 23:52:17,35.49338,15.3707695,58.96824026677304
1233,2026-08-01T00:22:00.0000000+00:00,35.37255,16.00601667,2026-08-01 00:22:00,35.49005,15.375046,58.64169526625238
1234,2026-08-01T00:52:00.0000000+00:00,35.3709,16.00728333,2026-08-01 00:52:00,35.485806,15.380279,58.229468867365846
1235,2026-08-01T01:22:00.0000000+00:00,35.36908333,16.00841667,2026-08-01 01:22:00,35.482113,15.384991,57.869340438557934
1236,2026-08-01T01:52:00.0000000+00:00,35.36673333,16.00945,2026-08-01 01:52:00,35.478123,15.389804,57.49766668359794
1237,2026-08-01T02:22:01.0000000+00:00,35.3643,16.0107,2026-08-01 02:22:01,35.47411,15.394734,57.13650657587417
1238,2026-08-01T02:52:00.0000000+00:00,35.36188333,16.0123,2026-08-01 02:52:00,35.46922,15.400128,56.74465180534911
1239,2026-08-01T03:22:00.0000000+00:00,35.35963333,16.01325,2026-08-01 03:22:00,35.46475,15.405088,56.339916074426675
1240,2026-08-01T03:52:01.0000000+00:00,35.35755,16.01411667,2026-08-01 03:52:01,35.46024,15.410034,55.92485569947202
1241,2026-08-01T04:22:00.0000000+00:00,35.35578333,16.01598333,2026-08-01 04:22:00,35.454662,15.415101,55.557904320523946
1242,2026-08-01T04:52:00.0000000+00:00,35.35411667,16.0186,2026-08-01 04:52:00,35.44981,15.419741,55.31112201782386
1243,2026-08-01T05:22:00.0000000+00:00,35.35246667,16.0214,2026-08-01 05:22:00,35.444744,15.424078,55.10466150518818
1244,2026-08-01T05:52:17.0000000+00:00,35.3501,16.02515,2026-08-01 05:52:17,35.439575,15.428136,55.02257003925465
1245,2026-08-01T06:22:00.0000000+00:00,35.34691667,16.02893333,2026-08-01 06:22:00,35.43419,15.431858,54.98708048408773
1246,2026-08-01T06:52:31.0000000+00:00,35.34295,16.03311667,2026-08-01 06:52:31,35.42852,15.435161,55.03583166719667
1247,2026-08-01T07:22:00.0000000+00:00,35.33868333,16.03766667,2026-08-01 07:22:00,35.423,15.438175,55.15225650076903
1248,2026-08-01T07:52:00.0000000+00:00,35.33381667,16.04208333,2026-08-01 07:52:00,35.417507,15.440861,55.298684577741625
1249,2026-08-01T08:22:00.0000000+00:00,35.32893333,16.0461,2026-08-01 08:22:00,35.412148,15.443249,55.43875083628498
1250,2026-08-01T08:52:00.0000000+00:00,35.3241,16.04961667,2026-08-01 08:52:00,35.406902,15.4453,55.56556499743253
1251,2026-08-01T09:22:00.0000000+00:00,35.3189,16.05261667,2026-08-01 09:22:00,35.401917,15.447075,55.68239090692725
1252,2026-08-01T09:52:00.0000000+00:00,35.3129,16.05475,2026-08-01 09:52:00,35.39727,15.448642,55.76187522640679
1253,2026-08-01T10:22:01.0000000+00:00,35.30655,16.05573333,2026-08-01 10:22:01,35.39294,15.450066,55.76429926746655
1254,2026-08-01T10:52:19.0000000+00:00,35.29983333,16.0562,2026-08-01 10:52:19,35.388912,15.451464,55.736965805102855
1255,2026-08-01T11:22:25.0000000+00:00,35.29323333,16.05645,2026-08-01 11:22:25,35.38531,15.453081,55.67873492681472
1256,2026-08-01T11:52:00.0000000+00:00,35.28715,16.05533333,2026-08-01 11:52:00,35.382084,15.455069,55.46463344864751
1257,2026-08-01T12:22:00.0000000+00:00,35.2817,16.05318333,2026-08-01 12:22:00,35.379093,15.4575205,55.11069966986382
1258,2026-08-01T12:52:00.0000000+00:00,35.27708333,16.05098333,2026-08-01 12:52:00,35.376366,15.460601,54.685479959334124
1259,2026-08-01T13:22:01.0000000+00:00,35.27351667,16.04906667,2026-08-01 13:22:01,35.373722,15.4643,54.20965873308923
1260,2026-08-01T13:52:19.0000000+00:00,35.27068333,16.04798333,2026-08-01 13:52:19,35.37109,15.4685955,53.73856258531362
1261,2026-08-01T14:22:00.0000000+00:00,35.26863333,16.04728333,2026-08-01 14:22:00,35.368458,15.47348,53.23105823659989
1262,2026-08-01T14:52:00.0000000+00:00,35.26658333,16.0472,2026-08-01 14:52:00,35.36585,15.478969,52.72503795331237
1263,2026-08-01T15:22:00.0000000+00:00,35.26515,16.04721667,2026-08-01 15:22:00,35.363045,15.484833,52.175701332058075
1264,2026-08-01T15:52:00.0000000+00:00,35.26408333,16.04778333,2026-08-01 15:52:00,35.360027,15.491046,51.63065669631557
1265,2026-08-01T16:22:00.0000000+00:00,35.26343333,16.04901667,2026-08-01 16:22:00,35.356674,15.497458,51.110394542889544
1266,2026-08-01T16:52:00.0000000+00:00,35.26298333,16.05076667,2026-08-01 16:52:00,35.352947,15.504013,50.61151181013431
1267,2026-08-01T17:22:00.0000000+00:00,35.26283333,16.05293333,2026-08-01 17:22:00,35.348766,15.510484,50.142763856674165
1268,2026-08-01T17:52:00.0000000+00:00,35.26278333,16.05573333,2026-08-01 17:52:00,35.3441,15.5167675,49.73801651363015
1269,2026-08-01T18:22:00.0000000+00:00,35.26215,16.05975,2026-08-01 18:22:00,35.33887,15.522765,49.47232733524862
1270,2026-08-01T18:52:01.0000000+00:00,35.2621,16.06396667,2026-08-01 18:52:01,35.33309,15.528483,49.23367015798329
1271,2026-08-01T19:22:00.0000000+00:00,35.26123333,16.06916667,2026-08-01 19:22:00,35.32679,15.53393,49.120361076738924
1272,2026-08-01T19:52:01.0000000+00:00,35.26065,16.07478333,2026-08-01 19:52:01,35.32007,15.539188,49.05819722360237
1273,2026-08-01T20:22:00.0000000+00:00,35.25968333,16.08133333,2026-08-01 20:22:00,35.312935,15.544185,49.11295672123814
1274,2026-08-01T20:52:00.0000000+00:00,35.25853333,16.08801667,2026-08-01 20:52:00,35.305584,15.548859,49.21836609150085
1275,2026-08-01T21:22:20.0000000+00:00,35.2575,16.09468333,2026-08-01 21:22:20,35.298157,15.553024,49.37660867102803
1276,2026-08-01T21:52:00.0000000+00:00,35.25648333,16.10168333,2026-08-01 21:52:00,35.290794,15.556729,49.61773391646879
1277,2026-08-01T22:22:00.0000000+00:00,35.25563333,16.11008333,2026-08-01 22:22:00,35.283577,15.559984,50.03697496635415
1278,2026-08-01T22:52:00.0000000+00:00,35.2546,16.11885,2026-08-01 22:52:00,35.276527,15.56278,50.54372959300858
1279,2026-08-01T23:22:00.0000000+00:00,35.25308333,16.12773333,2026-08-01 23:22:00,35.26976,15.565265,51.102091805774705
1280,2026-08-01T23:52:00.0000000+00:00,35.25105,16.13678333,2026-08-01 23:52:00,35.26402,15.568138,51.65196060338581
1281,2026-08-02T00:22:01.0000000+00:00,35.24935,16.14596667,2026-08-02 00:22:01,35.257824,15.57037,52.27405380232507
1282,2026-08-02T00:52:00.0000000+00:00,35.24768333,16.1548,2026-08-02 00:52:00,35.25178,15.572591,52.87040632800137
1283,2026-08-02T01:22:00.0000000+00:00,35.24628333,16.16383333,2026-08-02 01:22:00,35.245903,15.57493,53.4787155853215
1284,2026-08-02T01:52:01.0000000+00:00,35.24548333,16.17371667,2026-08-02 01:52:01,35.24013,15.577451,54.15279842540625
1285,2026-08-02T02:22:00.0000000+00:00,35.24481667,16.1831,2026-08-02 02:22:00,35.234425,15.58021,54.765416603097144
1286,2026-08-02T02:52:00.0000000+00:00,35.24431667,16.19173333,2026-08-02 02:52:00,35.228764,15.583248,55.290560603690984
1287,2026-08-02T03:22:00.0000000+00:00,35.24411667,16.19956667,2026-08-02 03:22:00,35.223064,15.586572,55.72421278524873
1288,2026-08-02T03:52:00.0000000+00:00,35.24396667,16.20733333,2026-08-02 03:52:00,35.21736,15.590157,56.134930869089
1289,2026-08-02T04:22:00.0000000+00:00,35.2443,16.215,2026-08-02 04:22:00,35.211628,15.594025,56.520587623351254
1290,2026-08-02T04:52:00.0000000+00:00,35.24503333,16.22265,2026-08-02 04:52:00,35.20589,15.598176,56.89001136131617
1291,2026-08-02T05:22:00.0000000+00:00,35.24633333,16.2306,2026-08-02 05:22:00,35.200123,15.6026,57.27605473984837
1292,2026-08-02T05:52:00.0000000+00:00,35.24841667,16.23775,2026-08-02 05:52:00,35.194344,15.607274,57.586100812449494
1293,2026-08-02T06:22:01.0000000+00:00,35.25131667,16.24451667,2026-08-02 06:22:01,35.18851,15.612158,57.866407596611744
1294,2026-08-02T06:52:00.0000000+00:00,35.25491667,16.2514,2026-08-02 06:52:00,35.182613,15.617182,58.17146007422726
1295,2026-08-02T07:22:00.0000000+00:00,35.25811667,16.25908333,2026-08-02 07:22:00,35.1767,15.622261,58.55471171106644
1296,2026-08-02T07:52:00.0000000+00:00,35.26148333,16.2676,2026-08-02 07:52:00,35.170727,15.627356,59.0315160003216
1297,2026-08-02T08:22:00.0000000+00:00,35.26523333,16.27621667,2026-08-02 08:22:00,35.164753,15.6324,59.54545516764368
1298,2026-08-02T08:52:00.0000000+00:00,35.26905,16.28538333,2026-08-02 08:52:00,35.158733,15.637315,60.139120701433455
1299,2026-08-02T09:22:00.0000000+00:00,35.27416667,16.29568333,2026-08-02 09:22:00,35.15268,15.642134,60.89051820256951
1300,2026-08-02T09:52:00.0000000+00:00,35.27943333,16.30781667,2026-08-02 09:52:00,35.146618,15.646946,61.8282648506141
1301,2026-08-02T10:22:00.0000000+00:00,35.28506667,16.32006667,2026-08-02 10:22:00,35.140446,15.651698,62.813270816560625
1302,2026-08-02T10:52:00.0000000+00:00,35.29095,16.33303333,2026-08-02 10:52:00,35.13425,15.656453,63.887915072408624
1303,2026-08-02T11:22:31.0000000+00:00,35.29653333,16.34645,2026-08-02 11:22:31,35.127926,15.661237,65.01257845245945
1304,2026-08-02T11:52:00.0000000+00:00,35.30113333,16.36003333,2026-08-02 11:52:00,35.12152,15.666152,66.12688978958838
1305,2026-08-02T12:22:00.0000000+00:00,35.30543333,16.37308333,2026-08-02 12:22:00,35.114937,15.671268,67.18682342399079
1306,2026-08-02T12:52:00.0000000+00:00,35.30913333,16.38516667,2026-08-02 12:52:00,35.10823,15.676659,68.13583116644475
1307,2026-08-02T13:22:00.0000000+00:00,35.31243333,16.39663333,2026-08-02 13:22:00,35.101265,15.682346,69.01344676851545
1308,2026-08-02T13:52:00.0000000+00:00,35.31553333,16.40731667,2026-08-02 13:52:00,35.09411,15.688305,69.81280043122474
1309,2026-08-02T14:22:00.0000000+00:00,35.31815,16.41846667,2026-08-02 14:22:00,35.086758,15.6945095,70.63139831792996
1310,2026-08-02T14:52:00.0000000+00:00,35.3207,16.42975,2026-08-02 14:52:00,35.07927,15.700936,71.45621933102574
1311,2026-08-02T15:22:00.0000000+00:00,35.32338333,16.44075,2026-08-02 15:22:00,35.072186,15.708941,72.12372759699954
1312,2026-08-02T15:52:00.0000000+00:00,35.3259,16.45238333,2026-08-02 15:52:00,35.064507,15.715616,72.9852336766735
1313,2026-08-02T16:22:00.0000000+00:00,35.32875,16.46406667,2026-08-02 16:22:00,35.056858,15.722145,73.88699173352182
1314,2026-08-02T16:52:00.0000000+00:00,35.33116667,16.4757,2026-08-02 16:52:00,35.049297,15.72865,74.77256693332535
1315,2026-08-02T17:22:17.0000000+00:00,35.33351667,16.48666667,2026-08-02 17:22:17,35.041702,15.735114,75.61423500940812
1316,2026-08-02T17:52:00.0000000+00:00,35.33595,16.4968,2026-08-02 17:52:00,35.033943,15.741526,76.4131179807116
1317,2026-08-02T18:22:00.0000000+00:00,35.3376,16.50605,2026-08-02 18:22:00,35.02591,15.747916,77.1267458469047
1318,2026-08-02T18:52:00.0000000+00:00,35.33928333,16.51481667,2026-08-02 18:52:00,35.017532,15.754327,77.82852540042924
1319,2026-08-02T19:22:02.0000000+00:00,35.34115,16.5242,2026-08-02 19:22:02,35.008842,15.760543,78.63172259667292
1320,2026-08-02T19:52:00.0000000+00:00,35.34288333,16.5332,2026-08-02 19:52:00,34.999886,15.766502,79.44220282663368
1321,2026-08-02T20:22:00.0000000+00:00,35.34496667,16.54115,2026-08-02 20:22:00,34.990726,15.772218,80.22924034207338
1322,2026-08-02T20:52:00.0000000+00:00,35.34716667,16.54896667,2026-08-02 20:52:00,34.98142,15.777669,81.05386886958937
1323,2026-08-02T21:22:00.0000000+00:00,35.34915,16.55651667,2026-08-02 21:22:00,34.97203,15.7828,81.88714574308689
1324,2026-08-02T21:52:19.0000000+00:00,35.35123333,16.56388333,2026-08-02 21:52:19,34.9627,15.787455,82.75707107003748
1325,2026-08-02T22:22:00.0000000+00:00,35.35351667,16.57028333,2026-08-02 22:22:00,34.953445,15.791603,83.60987868522894
1326,2026-08-02T22:52:00.0000000+00:00,35.35601667,16.57671667,2026-08-02 22:52:00,34.944275,15.795226,84.52449384121327
1327,2026-08-02T23:22:00.0000000+00:00,35.35866667,16.58285,2026-08-02 23:22:00,34.93609,15.798967,85.36665733048774
1328,2026-08-02T23:52:00.0000000+00:00,35.3613,16.58813333,2026-08-02 23:52:00,34.92729,15.801531,86.27994548294303
1329,2026-08-03T00:22:00.0000000+00:00,35.36426667,16.59308333,2026-08-03 00:22:00,34.91873,15.803665,87.21602128799992
1330,2026-08-03T00:53:20.0000000+00:00,35.36778333,16.59858333,2026-08-03 00:53:20,34.910343,15.805292,88.26394123198433
1331,2026-08-03T01:22:00.0000000+00:00,35.37143333,16.60366667,2026-08-03 01:22:00,34.902103,15.8064375,89.32441489568036
1332,2026-08-03T01:52:00.0000000+00:00,35.37535,16.60843333,2026-08-03 01:52:00,34.894016,15.807174,90.40734816632117
1333,2026-08-03T02:22:00.0000000+00:00,35.37946667,16.61263333,2026-08-03 02:22:00,34.88612,15.807479,91.4889499972508
1334,2026-08-03T02:52:00.0000000+00:00,35.38366667,16.61691667,2026-08-03 02:52:00,34.878487,15.807343,92.6043151492425
1335,2026-08-03T03:22:00.0000000+00:00,35.38835,16.62226667,2026-08-03 03:22:00,34.871174,15.806863,93.83892740725936
1336,2026-08-03T03:52:01.0000000+00:00,35.39323333,16.62788333,2026-08-03 03:52:01,34.86426,15.806135,95.10177169073067
1337,2026-08-03T04:22:01.0000000+00:00,35.3978,16.63283333,2026-08-03 04:22:01,34.857838,15.805271,96.27581853112977
1338,2026-08-03T04:52:00.0000000+00:00,35.4023,16.63835,2026-08-03 04:52:00,34.852,15.8043995,97.44874917393297
1339,2026-08-03T05:22:00.0000000+00:00,35.40645,16.64385,2026-08-03 05:22:00,34.846977,15.803758,98.52516590354344
1340,2026-08-03T05:53:19.0000000+00:00,35.41013333,16.6498,2026-08-03 05:53:19,34.842907,15.803601,99.50089667777772
1341,2026-08-03T06:22:01.0000000+00:00,35.41311667,16.65571667,2026-08-03 06:22:01,34.8398,15.804122,100.30977435183485
1342,2026-08-03T06:52:01.0000000+00:00,35.41618333,16.66191667,2026-08-03 06:52:01,34.837624,15.8054495,101.0224350018269
1343,2026-08-03T07:22:00.0000000+00:00,35.41926667,16.66813333,2026-08-03 07:22:00,34.83628,15.807667,101.61563155303888
1344,2026-08-03T07:52:00.0000000+00:00,35.42235,16.67426667,2026-08-03 07:52:00,34.835613,15.810856,102.08694563601568
1345,2026-08-03T08:22:00.0000000+00:00,35.42516667,16.6805,2026-08-03 08:22:00,34.83543,15.815117,102.43732802012842
1346,2026-08-03T08:52:00.0000000+00:00,35.42731667,16.68698333,2026-08-03 08:52:00,34.83551,15.820563,102.6564083357591
1347,2026-08-03T09:22:00.0000000+00:00,35.42961667,16.69388333,2026-08-03 09:22:00,34.8356,15.827309,102.8238754151663
1348,2026-08-03T09:52:00.0000000+00:00,35.43196667,16.70168333,2026-08-03 09:52:00,34.836163,15.8363,102.86793659943149
1349,2026-08-03T10:22:00.0000000+00:00,35.43388333,16.71028333,2026-08-03 10:22:00,34.835617,15.845904,102.97401020579338
1350,2026-08-03T10:52:00.0000000+00:00,35.4356,16.71925,2026-08-03 10:52:00,34.834408,15.856884,103.04491664063343
1351,2026-08-03T11:22:00.0000000+00:00,35.43681667,16.72826667,2026-08-03 11:22:00,34.83232,15.869002,103.0699047534518
1352,2026-08-03T11:52:00.0000000+00:00,35.43813333,16.73726667,2026-08-03 11:52:00,34.82917,15.882007,103.1203740289685
1353,2026-08-03T12:22:00.0000000+00:00,35.43895,16.74573333,2026-08-03 12:22:00,34.824764,15.895363,103.17016690081373
1354,2026-08-03T12:52:00.0000000+00:00,35.44005,16.75393333,2026-08-03 12:52:00,34.819046,15.908705,103.32710000591328
1355,2026-08-03T13:22:31.0000000+00:00,35.44063333,16.76226667,2026-08-03 13:22:31,34.81201,15.92178,103.57851229755683
1356,2026-08-03T13:52:22.0000000+00:00,35.44066667,16.7701,2026-08-03 13:52:22,34.803802,15.934141,103.9002642913916
1357,2026-08-03T14:22:00.0000000+00:00,35.44008333,16.77756667,2026-08-03 14:22:00,34.794727,15.945424,104.29721154026485
1358,2026-08-03T14:52:00.0000000+00:00,35.43923333,16.78481667,2026-08-03 14:52:00,34.784904,15.955511,104.8039595494639
1359,2026-08-03T15:22:00.0000000+00:00,35.43811667,16.79191667,2026-08-03 15:22:00,34.77445,15.964272,105.42357381305618
1360,2026-08-03T15:52:00.0000000+00:00,35.4365,16.79906667,2026-08-03 15:52:00,34.763493,15.97159,106.14629956567197
1361,2026-08-03T16:22:00.0000000+00:00,35.43446667,16.806,2026-08-03 16:22:00,34.752247,15.977488,106.94166195892787
1362,2026-08-03T16:52:00.0000000+00:00,35.43203333,16.81291667,2026-08-03 16:52:00,34.740864,15.982005,107.80720798004448
1363,2026-08-03T17:22:19.0000000+00:00,35.42916667,16.81956667,2026-08-03 17:22:19,34.729446,15.985234,108.70878267986699
1364,2026-08-03T17:52:00.0000000+00:00,35.42553333,16.82536667,2026-08-03 17:52:00,34.71808,15.987249,109.5703868340235
1365,2026-08-03T18:22:01.0000000+00:00,35.42168333,16.83065,2026-08-03 18:22:01,34.70687,15.988041,110.44738595906995
1366,2026-08-03T18:52:00.0000000+00:00,35.41785,16.83525,2026-08-03 18:52:00,34.695984,15.987784,111.32375889094791
1367,2026-08-03T19:22:00.0000000+00:00,35.4146,16.83931667,2026-08-03 19:22:00,34.685535,15.986623,112.23542561571485
1368,2026-08-03T19:52:00.0000000+00:00,35.41145,16.84311667,2026-08-03 19:52:00,34.675762,15.98451,113.14395074601117
1369,2026-08-03T20:22:01.0000000+00:00,35.40861667,16.84628333,2026-08-03 20:22:01,34.66694,15.981436,114.02177718165021
1370,2026-08-03T20:52:00.0000000+00:00,35.40595,16.84923333,2026-08-03 20:52:00,34.65915,15.977636,114.86163256672835
1371,2026-08-03T21:22:00.0000000+00:00,35.40308333,16.85221667,2026-08-03 21:22:00,34.652454,15.973344,115.63061998398545
1372,2026-08-03T21:52:00.0000000+00:00,35.4006,16.85451667,2026-08-03 21:52:00,34.64688,15.96877,116.31439960912265
1373,2026-08-03T22:22:00.0000000+00:00,35.39845,16.85688333,2026-08-03 22:22:00,34.642467,15.964104,116.94263027065702
1374,2026-08-03T22:52:00.0000000+00:00,35.39675,16.85985,2026-08-03 22:52:00,34.639225,15.95952,117.54604585411033
1375,2026-08-03T23:22:00.0000000+00:00,35.39503333,16.86248333,2026-08-03 23:22:00,34.637115,15.955163,118.02358505611815
1376,2026-08-03T23:52:00.0000000+00:00,35.39388333,16.86538333,2026-08-03 23:52:00,34.636116,15.951187,118.4518031951661
1377,2026-08-04T00:22:00.0000000+00:00,35.39261667,16.8687,2026-08-04 00:22:00,34.636116,15.94777,118.78425896980474
1378,2026-08-04T00:52:00.0000000+00:00,35.39161667,16.87173333,2026-08-04 00:52:00,34.636982,15.945067,119.00710524440343
1379,2026-08-04T01:22:00.0000000+00:00,35.39018333,16.87496667,2026-08-04 01:22:00,34.63863,15.943255,119.09285304814989
1380,2026-08-04T01:52:00.0000000+00:00,35.38868333,16.87716667,2026-08-04 01:52:00,34.640923,15.942475,118.9907311707355
1381,2026-08-04T02:22:00.0000000+00:00,35.3879,16.87935,2026-08-04 02:22:00,34.64372,15.942863,118.8294497293383
1382,2026-08-04T02:52:00.0000000+00:00,35.38756667,16.88088333,2026-08-04 02:52:00,34.64687,15.94454,118.54970755020504
1383,2026-08-04T03:22:00.0000000+00:00,35.38731667,16.8827,2026-08-04 03:22:00,34.65017,15.947537,118.19730003645265
1384,2026-08-04T03:52:00.0000000+00:00,35.38741667,16.88495,2026-08-04 03:52:00,34.65344,15.951874,117.81460211158574
1385,2026-08-04T04:22:00.0000000+00:00,35.3873,16.88785,2026-08-04 04:22:00,34.656517,15.957612,117.38119131886286
1386,2026-08-04T04:52:00.0000000+00:00,35.38676667,16.89116667,2026-08-04 04:52:00,34.659187,15.964831,116.87731422374186
1387,2026-08-04T05:22:00.0000000+00:00,35.3857,16.89446667,2026-08-04 05:22:00,34.661064,15.9736595,116.2871215562305
1388,2026-08-04T05:52:00.0000000+00:00,35.38428333,16.89826667,2026-08-04 05:52:00,34.6619,15.984064,115.68063858685198
1389,2026-08-04T06:22:17.0000000+00:00,35.38311667,16.90195,2026-08-04 06:22:17,34.661507,15.995947,115.0850738247756
1390,2026-08-04T06:52:00.0000000+00:00,35.38261667,16.90595,2026-08-04 06:52:00,34.659748,16.009075,114.58955582002264
1391,2026-08-04T07:22:00.0000000+00:00,35.38226667,16.90983333,2026-08-04 07:22:00,34.656635,16.022558,114.18615521732237
1392,2026-08-04T07:52:00.0000000+00:00,35.38265,16.91445,2026-08-04 07:52:00,34.65223,16.035915,114.0045198587522
1393,2026-08-04T08:22:00.0000000+00:00,35.38321667,16.91956667,2026-08-04 08:22:00,34.646603,16.048761,114.00726577533999
1394,2026-08-04T08:52:00.0000000+00:00,35.38361667,16.92616667,2026-08-04 08:52:00,34.639854,16.060188,114.27795530973727
1395,2026-08-04T09:22:00.0000000+00:00,35.38361667,16.93351667,2026-08-04 09:22:00,34.632156,16.069786,114.76099980264621
1396,2026-08-04T09:52:00.0000000+00:00,35.383,16.9418,2026-08-04 09:52:00,34.623642,16.077457,115.44287317202574
1397,2026-08-04T10:22:00.0000000+00:00,35.38171667,16.9512,2026-08-04 10:22:00,34.61449,16.083176,116.3154582926714
1398,2026-08-04T10:52:00.0000000+00:00,35.3796,16.96103333,2026-08-04 10:52:00,34.60499,16.087017,117.2926568477521
1399,2026-08-04T11:22:00.0000000+00:00,35.37661667,16.97236667,2026-08-04 11:22:00,34.596073,16.088676,118.37941763135117
1400,2026-08-04T11:52:00.0000000+00:00,35.3728,16.98513333,2026-08-04 11:52:00,34.58691,16.089632,119.5519330280274
1401,2026-08-04T12:22:00.0000000+00:00,35.36821667,16.99841667,2026-08-04 12:22:00,34.578087,16.089458,120.73935134298031
1402,2026-08-04T12:52:00.0000000+00:00,35.36216667,17.01141667,2026-08-04 12:52:00,34.57052,16.087435,121.80909157153327
1403,2026-08-04T13:22:01.0000000+00:00,35.3554,17.0241,2026-08-04 13:22:01,34.562344,16.08542,122.85647716807414
1404,2026-08-04T13:52:00.0000000+00:00,35.34786667,17.0356,2026-08-04 13:52:00,34.554565,16.082672,123.78891721798472
1405,2026-08-04T14:22:00.0000000+00:00,35.33901667,17.04636667,2026-08-04 14:22:00,34.547302,16.079401,124.5712829982302
1406,2026-08-04T14:52:00.0000000+00:00,35.32966667,17.05716667,2026-08-04 14:52:00,34.5407,16.075777,125.29686704398343
1407,2026-08-04T15:22:00.0000000+00:00,35.3201,17.06705,2026-08-04 15:22:00,34.53478,16.071907,125.9198495306464
1408,2026-08-04T15:52:00.0000000+00:00,35.31016667,17.07663333,2026-08-04 15:52:00,34.529568,16.0679,126.46063515498759
1409,2026-08-04T16:22:00.0000000+00:00,35.29998333,17.08601667,2026-08-04 16:22:00,34.525074,16.06387,126.92858830027474
1410,2026-08-04T16:52:00.0000000+00:00,35.28961667,17.09498333,2026-08-04 16:52:00,34.52131,16.059923,127.3077467716412
1411,2026-08-04T17:22:00.0000000+00:00,35.27893333,17.10213333,2026-08-04 17:22:00,34.518288,16.056187,127.4846479758027
1412,2026-08-04T17:52:00.0000000+00:00,35.26906667,17.1077,2026-08-04 17:52:00,34.51601,16.052794,127.54694040520052
1413,2026-08-04T18:22:00.0000000+00:00,35.26001667,17.11291667,2026-08-04 18:22:00,34.51445,16.049904,127.56762015323557
1414,2026-08-04T18:52:04.0000000+00:00,35.25193333,17.11786667,2026-08-04 18:52:04,34.51355,16.047668,127.55477696465087
1415,2026-08-04T19:22:01.0000000+00:00,35.24501667,17.12361667,2026-08-04 19:22:01,34.513218,16.046219,127.59315729285606
1416,2026-08-04T19:52:00.0000000+00:00,35.23921667,17.12981667,2026-08-04 19:52:00,34.513645,16.045374,127.65246795005591
1417,2026-08-04T20:22:00.0000000+00:00,35.23321667,17.13661667,2026-08-04 20:22:00,34.514034,16.045675,127.66891470897592
1418,2026-08-04T20:52:00.0000000+00:00,35.22756667,17.14345,2026-08-04 20:52:00,34.51454,16.046873,127.64620679973982
1419,2026-08-04T21:22:00.0000000+00:00,35.22223333,17.14998333,2026-08-04 21:22:00,34.515003,16.048946,127.56951393196022
1420,2026-08-04T21:52:00.0000000+00:00,35.21663333,17.15666667,2026-08-04 21:52:00,34.51527,16.051844,127.44389570972801
1421,2026-08-04T22:22:00.0000000+00:00,35.21115,17.16323333,2026-08-04 22:22:00,34.51522,16.055483,127.2897428564436
1422,2026-08-04T22:52:00.0000000+00:00,35.2062,17.16946667,2026-08-04 22:52:00,34.514755,16.059742,127.13324521056667
1423,2026-08-04T23:22:00.0000000+00:00,35.20138333,17.1756,2026-08-04 23:22:00,34.513794,16.064459,126.98062396944742
1424,2026-08-04T23:52:00.0000000+00:00,35.19645,17.1819,2026-08-04 23:52:00,34.51228,16.069443,126.85121434000585
1425,2026-08-05T00:22:00.0000000+00:00,35.19193333,17.18843333,2026-08-05 00:22:00,34.5102,16.074493,126.80056868637976
1426,2026-08-05T00:52:01.0000000+00:00,35.18778333,17.19398333,2026-08-05 00:52:01,34.507572,16.079418,126.74872922914946
1427,2026-08-05T01:22:00.0000000+00:00,35.18368333,17.19956667,2026-08-05 01:22:00,34.50441,16.084045,126.76019175768417
1428,2026-08-05T01:52:00.0000000+00:00,35.17965,17.20528333,2026-08-05 01:52:00,34.500854,16.088205,126.84645956329491
1429,2026-08-05T02:22:00.0000000+00:00,35.17571667,17.21113333,2026-08-05 02:22:00,34.49709,16.091816,127.0033231244382
1430,2026-08-05T02:52:00.0000000+00:00,35.17228333,17.21733333,2026-08-05 02:52:00,34.493195,16.094923,127.26478639028437
1431,2026-08-05T03:22:00.0000000+00:00,35.16941667,17.22466667,2026-08-05 03:22:00,34.489227,16.097595,127.68320292398549
1432,2026-08-05T03:52:00.0000000+00:00,35.16678333,17.2336,2026-08-05 03:52:00,34.485237,16.099915,128.26268405169336
1433,2026-08-05T04:22:00.0000000+00:00,35.16385,17.24293333,2026-08-05 04:22:00,34.48124,16.101957,128.87314925451312
1434,2026-08-05T04:52:00.0000000+00:00,35.16071667,17.25243333,2026-08-05 04:52:00,34.477234,16.103777,129.50104970027624
1435,2026-08-05T05:22:00.0000000+00:00,35.1577,17.26128333,2026-08-05 05:22:00,34.473232,16.10541,130.10269553667243
1436,2026-08-05T05:52:19.0000000+00:00,35.15453333,17.27085,2026-08-05 05:52:19,34.469234,16.106869,130.76141373755436
1437,2026-08-05T06:22:01.0000000+00:00,35.15111667,17.28068333,2026-08-05 06:22:01,34.465244,16.10816,131.43676684015944
1438,2026-08-05T06:52:00.0000000+00:00,35.14656667,17.29068333,2026-08-05 06:52:00,34.461277,16.109283,132.06483671316377
1439,2026-08-05T07:22:00.0000000+00:00,35.14135,17.3007,2026-08-05 07:22:00,34.45743,16.110458,132.6424025556068
1440,2026-08-05T07:52:00.0000000+00:00,35.13571667,17.31098333,2026-08-05 07:52:00,34.453587,16.11128,133.24293784314176
1441,2026-08-05T08:22:00.0000000+00:00,35.13005,17.32133333,2026-08-05 08:22:00,34.44983,16.112001,133.85184625658871
1442,2026-08-05T08:52:00.0000000+00:00,35.12425,17.33123333,2026-08-05 08:52:00,34.446167,16.112669,134.41997027773897
1443,2026-08-05T09:22:00.0000000+00:00,35.11876667,17.34086667,2026-08-05 09:22:00,34.4426,16.113348,134.98408578469133
1444,2026-08-05T09:52:00.0000000+00:00,35.11311667,17.34986667,2026-08-05 09:52:00,34.439117,16.114107,135.48143243072408
1445,2026-08-05T10:22:25.0000000+00:00,35.10635,17.35956667,2026-08-05 10:22:25,34.435696,16.11501,135.9529609697122
1446,2026-08-05T10:52:01.0000000+00:00,35.09946667,17.36818333,2026-08-05 10:52:01,34.432316,16.116127,136.31989383977805
1447,2026-08-05T11:22:00.0000000+00:00,35.0922,17.37673333,2026-08-05 11:22:00,34.428955,16.117502,136.64154764637135
1448,2026-08-05T11:52:01.0000000+00:00,35.08508333,17.38455,2026-08-05 11:52:01,34.425602,16.11917,136.89629846837417
1449,2026-08-05T12:22:00.0000000+00:00,35.07778333,17.39195,2026-08-05 12:22:00,34.422245,16.121117,137.0899654335737
1450,2026-08-05T12:52:00.0000000+00:00,35.0695,17.39935,2026-08-05 12:52:00,34.418865,16.123281,137.2140461307944
1451,2026-08-05T13:22:25.0000000+00:00,35.06073333,17.40575,2026-08-05 13:22:25,34.415432,16.12593,137.20150014507985
1452,2026-08-05T13:52:25.0000000+00:00,35.05183333,17.41155,2026-08-05 13:52:25,34.41197,16.128244,137.16618005496326
1453,2026-08-05T14:22:00.0000000+00:00,35.04295,17.41613333,2026-08-05 14:22:00,34.40844,16.130474,137.05012282646277
1454,2026-08-05T14:52:29.0000000+00:00,35.03423333,17.42011667,2026-08-05 14:52:29,34.404877,16.132555,136.9130091459699
1455,2026-08-05T15:22:00.0000000+00:00,35.02613333,17.42318333,2026-08-05 15:22:00,34.401306,16.134441,136.75619682706403
1456,2026-08-05T15:52:01.0000000+00:00,35.01836667,17.42625,2026-08-05 15:52:01,34.39776,16.1361,136.63657652714565
1457,2026-08-05T16:22:01.0000000+00:00,35.01075,17.42911667,2026-08-05 16:22:01,34.394184,16.139217,136.39723942546814
1459,2026-08-05T16:52:00.0000000+00:00,35.00343333,17.43128333,2026-08-05 16:52:00,34.390762,16.141855,136.14952609281502
1460,2026-08-05T17:22:01.0000000+00:00,34.99641667,17.43311667,2026-08-05 17:22:01,34.387627,16.142849,136.00691962931944
1461,2026-08-05T17:52:01.0000000+00:00,34.98956667,17.43481667,2026-08-05 17:52:01,34.384705,16.143656,135.86688359153564
1462,2026-08-05T18:22:00.0000000+00:00,34.9832,17.43628333,2026-08-05 18:22:00,34.382008,16.144304,135.736113239706
1463,2026-08-05T18:52:00.0000000+00:00,34.97728333,17.43765,2026-08-05 18:52:00,34.379192,16.146658,135.49338903280247
1464,2026-08-05T19:22:19.0000000+00:00,34.97156667,17.43868333,2026-08-05 19:22:19,34.37698,16.147028,135.36041922342565
1465,2026-08-05T19:52:00.0000000+00:00,34.96646667,17.43981667,2026-08-05 19:52:00,34.374977,16.147303,135.2656708621716
1466,2026-08-05T20:22:00.0000000+00:00,34.96183333,17.441,2026-08-05 20:22:00,34.373173,16.147505,135.1955182156222
1467,2026-08-05T20:52:01.0000000+00:00,34.9575,17.44241667,2026-08-05 20:52:01,34.37154,16.14766,135.15515886639608
1468,2026-08-05T21:22:00.0000000+00:00,34.95373333,17.44423333,2026-08-05 21:22:00,34.369938,16.147959,135.1643860290817
1469,2026-08-05T21:52:00.0000000+00:00,34.95036667,17.44636667,2026-08-05 21:52:00,34.36862,16.14812,135.21637054232525
1470,2026-08-05T22:22:49.0000000+00:00,34.94721667,17.4494,2026-08-05 22:22:49,34.367455,16.148342,135.33997339423394
1471,2026-08-05T22:52:19.0000000+00:00,34.944,17.45278333,2026-08-05 22:52:19,34.366436,16.148653,135.47373724789625
1472,2026-08-05T23:22:00.0000000+00:00,34.94045,17.45658333,2026-08-05 23:22:00,34.36557,16.149075,135.60765295823447
1473,2026-08-05T23:52:00.0000000+00:00,34.93575,17.46176667,2026-08-05 23:52:00,34.36485,16.149612,135.77857410503574
1474,2026-08-06T00:22:00.0000000+00:00,34.9305,17.46646667,2026-08-06 00:22:00,34.36428,16.150259,135.86822954038237
1475,2026-08-06T00:52:00.0000000+00:00,34.92531667,17.47146667,2026-08-06 00:52:00,34.363865,16.150959,135.9763679980557
1476,2026-08-06T01:22:00.0000000+00:00,34.92025,17.47666667,2026-08-06 01:22:00,34.363613,16.151728,136.0956492445526
1477,2026-08-06T01:52:00.0000000+00:00,34.91483333,17.4817,2026-08-06 01:52:00,34.363537,16.1526,136.17010771498965
1478,2026-08-06T02:22:00.0000000+00:00,34.90915,17.48656667,2026-08-06 02:22:00,34.363636,16.15363,136.19975862730843
1479,2026-08-06T02:52:30.0000000+00:00,34.90385,17.49148333,2026-08-06 02:52:30,34.363754,16.155571,136.18012065363058
1480,2026-08-06T03:22:28.0000000+00:00,34.89878333,17.4965,2026-08-06 03:22:28,34.364216,16.157114,136.19907200133355
1481,2026-08-06T03:52:26.0000000+00:00,34.89391667,17.50171667,2026-08-06 03:52:26,34.364807,16.158989,136.21388529369332
1482,2026-08-06T04:22:00.0000000+00:00,34.88911667,17.50713333,2026-08-06 04:22:00,34.365482,16.161234,136.21715771421972
1483,2026-08-06T04:52:00.0000000+00:00,34.8843,17.51213333,2026-08-06 04:52:00,34.366203,16.16385,136.1553593439771
1484,2026-08-06T05:22:31.0000000+00:00,34.87988333,17.51721667,2026-08-06 05:22:31,34.366646,16.16761,136.04030179301628
1485,2026-08-06T05:52:03.0000000+00:00,34.87576667,17.52263333,2026-08-06 05:52:03,34.36732,16.170935,135.99417360591028
1486,2026-08-06T06:24:01.0000000+00:00,34.87118333,17.5291,2026-08-06 06:24:01,34.36788,16.174547,135.99792918961538
1487,2026-08-06T06:52:01.0000000+00:00,34.86703333,17.5351,2026-08-06 06:52:01,34.36829,16.17839,135.97292684080188
1488,2026-08-06T07:22:29.0000000+00:00,34.86216667,17.54206667,2026-08-06 07:22:29,34.36852,16.182405,135.99313966831176
1489,2026-08-06T07:52:00.0000000+00:00,34.85751667,17.5488,2026-08-06 07:52:00,34.368546,16.186523,136.00653152105508
1490,2026-08-06T08:22:00.0000000+00:00,34.85236667,17.55558333,2026-08-06 08:22:00,34.368362,16.19069,136.01048521209887
1491,2026-08-06T08:52:00.0000000+00:00,34.84768333,17.56231667,2026-08-06 08:52:00,34.367966,16.194857,136.04201859550622
1492,2026-08-06T09:22:00.0000000+00:00,34.84343333,17.56886667,2026-08-06 09:22:00,34.366665,16.200218,136.01779279558113
1493,2026-08-06T09:52:00.0000000+00:00,34.83858333,17.57588333,2026-08-06 09:52:00,34.365932,16.20427,136.09421133541963
1494,2026-08-06T10:22:00.0000000+00:00,34.833,17.58321667,2026-08-06 10:22:00,34.36505,16.20819,136.18614466219438
1495,2026-08-06T10:52:04.0000000+00:00,34.82696667,17.59028333,2026-08-06 10:52:04,34.363445,16.213192,136.17909971827822
1496,2026-08-06T11:22:00.0000000+00:00,34.82095,17.59693333,2026-08-06 11:22:00,34.362446,16.216822,136.23036182944156
1497,2026-08-06T11:52:31.0000000+00:00,34.81436667,17.60311667,2026-08-06 11:52:31,34.361423,16.220375,136.229291655174
1498,2026-08-06T12:22:02.0000000+00:00,34.80753333,17.60921667,2026-08-06 12:22:02,34.360413,16.223793,136.22535673545744
1499,2026-08-06T12:52:00.0000000+00:00,34.80045,17.61453333,2026-08-06 12:52:00,34.35942,16.227148,136.15280434080557
1500,2026-08-06T13:22:19.0000000+00:00,34.79313333,17.61891667,2026-08-06 13:22:19,34.358448,16.230404,136.00272410639215
1501,2026-08-06T13:52:00.0000000+00:00,34.7862,17.62291667,2026-08-06 13:52:00,34.35749,16.23353,135.84863882317606
1502,2026-08-06T14:22:03.0000000+00:00,34.77891667,17.6268,2026-08-06 14:22:03,34.356552,16.236507,135.68639320862226
1503,2026-08-06T14:52:01.0000000+00:00,34.77125,17.62988333,2026-08-06 14:52:01,34.35565,16.239286,135.4601633826764
1504,2026-08-06T15:22:00.0000000+00:00,34.7641,17.63191667,2026-08-06 15:22:00,34.35481,16.241856,135.18207423389092
1505,2026-08-06T15:52:00.0000000+00:00,34.75681667,17.63398333,2026-08-06 15:52:00,34.354046,16.244215,134.9202851961866
1506,2026-08-06T16:22:00.0000000+00:00,34.7501,17.63543333,2026-08-06 16:22:00,34.353443,16.246235,134.65206741423762
1507,2026-08-06T16:52:00.0000000+00:00,34.74376667,17.63631667,2026-08-06 16:52:00,34.353012,16.247967,134.370025159649
1508,2026-08-06T17:22:01.0000000+00:00,34.73816667,17.63676667,2026-08-06 17:22:01,34.352814,16.249357,134.09963545117796
1509,2026-08-06T17:52:29.0000000+00:00,34.73285,17.637,2026-08-06 17:52:29,34.35283,16.250463,133.83927314766882
1510,2026-08-06T18:22:00.0000000+00:00,34.7282,17.63683333,2026-08-06 18:22:00,34.35315,16.251211,133.5893529641997
1511,2026-08-06T18:52:00.0000000+00:00,34.72405,17.63678333,2026-08-06 18:52:00,34.353764,16.25165,133.3848973888702
1512,2026-08-06T19:22:00.0000000+00:00,34.7204,17.63678333,2026-08-06 19:22:00,34.354717,16.251804,133.2162133235508
1513,2026-08-06T19:52:19.0000000+00:00,34.7168,17.637,2026-08-06 19:52:19,34.356045,16.251696,133.08009549082772
1514,2026-08-06T20:22:24.0000000+00:00,34.71303333,17.63723333,2026-08-06 20:22:24,34.357765,16.251366,132.94827794174196
1515,2026-08-06T20:52:19.0000000+00:00,34.70915,17.63783333,2026-08-06 20:52:19,34.359814,16.250896,132.8488015702896
1516,2026-08-06T21:22:01.0000000+00:00,34.70521667,17.63935,2026-08-06 21:22:01,34.36224,16.250277,132.832265002868
1517,2026-08-06T21:52:00.0000000+00:00,34.70131667,17.6412,2026-08-06 21:52:00,34.364986,16.249645,132.84097329332744
