FID,BuoyId,Latitude,Longitude,SST,LocalTimeMalta,OffsetMalta,UtcTimestamp
0,11,36.17141667,14.52626667,25.948,2026-07-06T09:51:54.0000000,UTC+02:00,2026-07-06T07:51:54.0000000+00:00
1,11,36.16743333,14.52871667,25.737,2026-07-06T10:21:54.0000000,UTC+02:00,2026-07-06T08:21:54.0000000+00:00
2,11,36.16313333,14.53085,26.206,2026-07-06T10:51:54.0000000,UTC+02:00,2026-07-06T08:51:54.0000000+00:00
3,11,36.15881667,14.53266667,26.33,2026-07-06T11:21:54.0000000,UTC+02:00,2026-07-06T09:21:54.0000000+00:00
4,11,36.15411667,14.53395,26.566,2026-07-06T11:51:54.0000000,UTC+02:00,2026-07-06T09:51:54.0000000+00:00
5,11,36.14945,14.5347,27.062,2026-07-06T12:21:54.0000000,UTC+02:00,2026-07-06T10:21:54.0000000+00:00
6,11,36.14481667,14.53526667,27.424,2026-07-06T12:51:54.0000000,UTC+02:00,2026-07-06T10:51:54.0000000+00:00
7,11,36.14016667,14.53585,28.395,2026-07-06T13:21:54.0000000,UTC+02:00,2026-07-06T11:21:54.0000000+00:00
8,11,36.13561667,14.53598333,29.929,2026-07-06T13:51:54.0000000,UTC+02:00,2026-07-06T11:51:54.0000000+00:00
9,11,36.13095,14.5359,28.712,2026-07-06T14:21:55.0000000,UTC+02:00,2026-07-06T12:21:55.0000000+00:00
10,11,36.12608333,14.53571667,30.226,2026-07-06T14:51:54.0000000,UTC+02:00,2026-07-06T12:51:54.0000000+00:00
11,11,36.12026667,14.53618333,28.663,2026-07-06T15:21:54.0000000,UTC+02:00,2026-07-06T13:21:54.0000000+00:00
12,11,36.1147,14.53713333,27.894,2026-07-06T15:51:54.0000000,UTC+02:00,2026-07-06T13:51:54.0000000+00:00
13,11,36.10891667,14.53868333,27.556,2026-07-06T16:21:54.0000000,UTC+02:00,2026-07-06T14:21:54.0000000+00:00
14,11,36.10316667,14.54038333,27.572,2026-07-06T16:51:55.0000000,UTC+02:00,2026-07-06T14:51:55.0000000+00:00
15,11,36.09768333,14.54193333,27.596,2026-07-06T17:21:54.0000000,UTC+02:00,2026-07-06T15:21:54.0000000+00:00
16,11,36.0928,14.54376667,27.202,2026-07-06T17:51:55.0000000,UTC+02:00,2026-07-06T15:51:55.0000000+00:00
17,11,36.08773333,14.54515,26.861,2026-07-06T18:21:54.0000000,UTC+02:00,2026-07-06T16:21:54.0000000+00:00
18,11,36.08268333,14.54551667,26.695,2026-07-06T18:51:55.0000000,UTC+02:00,2026-07-06T16:51:55.0000000+00:00
19,11,36.07753333,14.54503333,26.446,2026-07-06T19:21:54.0000000,UTC+02:00,2026-07-06T17:21:54.0000000+00:00
20,11,36.07298333,14.54446667,26.347,2026-07-06T19:51:54.0000000,UTC+02:00,2026-07-06T17:51:54.0000000+00:00
21,11,36.06845,14.54343333,26.339,2026-07-06T20:22:01.0000000,UTC+02:00,2026-07-06T18:22:01.0000000+00:00
22,11,36.06411667,14.54186667,26.254,2026-07-06T20:51:54.0000000,UTC+02:00,2026-07-06T18:51:54.0000000+00:00
23,11,36.06045,14.54046667,26.198,2026-07-06T21:21:55.0000000,UTC+02:00,2026-07-06T19:21:55.0000000+00:00
24,11,36.05705,14.53943333,26.097,2026-07-06T21:51:54.0000000,UTC+02:00,2026-07-06T19:51:54.0000000+00:00
25,11,36.0539,14.53871667,25.972,2026-07-06T22:21:54.0000000,UTC+02:00,2026-07-06T20:21:54.0000000+00:00
26,11,36.051,14.5383,25.911,2026-07-06T22:51:56.0000000,UTC+02:00,2026-07-06T20:51:56.0000000+00:00
27,11,36.04856667,14.53861667,25.839,2026-07-06T23:21:54.0000000,UTC+02:00,2026-07-06T21:21:54.0000000+00:00
28,11,36.04635,14.53931667,25.783,2026-07-06T23:51:55.0000000,UTC+02:00,2026-07-06T21:51:55.0000000+00:00
29,11,36.04455,14.5411,25.658,2026-07-07T00:21:54.0000000,UTC+02:00,2026-07-06T22:21:54.0000000+00:00
30,11,36.04321667,14.54351667,25.551,2026-07-07T00:52:19.0000000,UTC+02:00,2026-07-06T22:52:19.0000000+00:00
31,11,36.0426,14.54633333,25.489,2026-07-07T01:21:54.0000000,UTC+02:00,2026-07-06T23:21:54.0000000+00:00
32,11,36.0422,14.54968333,25.423,2026-07-07T01:52:01.0000000,UTC+02:00,2026-07-06T23:52:01.0000000+00:00
33,11,36.04221667,14.5535,25.402,2026-07-07T02:21:54.0000000,UTC+02:00,2026-07-07T00:21:54.0000000+00:00
34,11,36.04236667,14.55828333,25.396,2026-07-07T02:52:25.0000000,UTC+02:00,2026-07-07T00:52:25.0000000+00:00
35,11,36.04195,14.56328333,25.355,2026-07-07T03:21:55.0000000,UTC+02:00,2026-07-07T01:21:55.0000000+00:00
36,11,36.041,14.56903333,25.374,2026-07-07T03:51:55.0000000,UTC+02:00,2026-07-07T01:51:55.0000000+00:00
37,11,36.04016667,14.57506667,25.373,2026-07-07T04:21:54.0000000,UTC+02:00,2026-07-07T02:21:54.0000000+00:00
38,11,36.0392,14.58105,25.349,2026-07-07T04:51:55.0000000,UTC+02:00,2026-07-07T02:51:55.0000000+00:00
39,11,36.03788333,14.58736667,25.345,2026-07-07T05:21:54.0000000,UTC+02:00,2026-07-07T03:21:54.0000000+00:00
40,11,36.03526667,14.59391667,25.311,2026-07-07T05:52:00.0000000,UTC+02:00,2026-07-07T03:52:00.0000000+00:00
41,11,36.0324,14.60066667,25.291,2026-07-07T06:21:54.0000000,UTC+02:00,2026-07-07T04:21:54.0000000+00:00
42,11,36.02906667,14.60751667,25.27,2026-07-07T06:51:55.0000000,UTC+02:00,2026-07-07T04:51:55.0000000+00:00
43,11,36.02545,14.61431667,25.224,2026-07-07T07:21:54.0000000,UTC+02:00,2026-07-07T05:21:54.0000000+00:00
44,11,36.0208,14.62125,25.212,2026-07-07T07:52:01.0000000,UTC+02:00,2026-07-07T05:52:01.0000000+00:00
45,11,36.01581667,14.62805,25.2,2026-07-07T08:22:00.0000000,UTC+02:00,2026-07-07T06:22:00.0000000+00:00
46,11,36.00983333,14.6348,25.188,2026-07-07T08:51:55.0000000,UTC+02:00,2026-07-07T06:51:55.0000000+00:00
47,11,36.00305,14.64131667,25.116,2026-07-07T09:21:55.0000000,UTC+02:00,2026-07-07T07:21:55.0000000+00:00
48,11,35.99591667,14.64721667,25.113,2026-07-07T09:51:55.0000000,UTC+02:00,2026-07-07T07:51:55.0000000+00:00
49,11,35.98846667,14.65233333,25.145,2026-07-07T10:21:54.0000000,UTC+02:00,2026-07-07T08:21:54.0000000+00:00
50,11,35.98088333,14.65663333,25.186,2026-07-07T10:51:57.0000000,UTC+02:00,2026-07-07T08:51:57.0000000+00:00
51,11,35.97313333,14.66035,25.252,2026-07-07T11:21:54.0000000,UTC+02:00,2026-07-07T09:21:54.0000000+00:00
52,11,35.96548333,14.66318333,25.29,2026-07-07T11:52:25.0000000,UTC+02:00,2026-07-07T09:52:25.0000000+00:00
53,11,35.95838333,14.66553333,25.352,2026-07-07T12:21:54.0000000,UTC+02:00,2026-07-07T10:21:54.0000000+00:00
54,11,35.95105,14.66756667,25.454,2026-07-07T12:51:54.0000000,UTC+02:00,2026-07-07T10:51:54.0000000+00:00
55,11,35.94378333,14.66883333,25.506,2026-07-07T13:21:55.0000000,UTC+02:00,2026-07-07T11:21:55.0000000+00:00
56,11,35.93675,14.66968333,25.602,2026-07-07T13:51:54.0000000,UTC+02:00,2026-07-07T11:51:54.0000000+00:00
57,11,35.92951667,14.6699,25.599,2026-07-07T14:21:54.0000000,UTC+02:00,2026-07-07T12:21:54.0000000+00:00
58,11,35.92285,14.66943333,25.645,2026-07-07T14:51:55.0000000,UTC+02:00,2026-07-07T12:51:55.0000000+00:00
59,11,35.91641667,14.66851667,25.686,2026-07-07T15:21:54.0000000,UTC+02:00,2026-07-07T13:21:54.0000000+00:00
60,11,35.91013333,14.6676,25.681,2026-07-07T15:52:01.0000000,UTC+02:00,2026-07-07T13:52:01.0000000+00:00
61,11,35.90418333,14.66626667,25.666,2026-07-07T16:22:02.0000000,UTC+02:00,2026-07-07T14:22:02.0000000+00:00
62,11,35.89815,14.66426667,25.724,2026-07-07T16:51:55.0000000,UTC+02:00,2026-07-07T14:51:55.0000000+00:00
63,11,35.89233333,14.66216667,25.692,2026-07-07T17:22:31.0000000,UTC+02:00,2026-07-07T15:22:31.0000000+00:00
64,11,35.88783333,14.6609,25.675,2026-07-07T17:51:54.0000000,UTC+02:00,2026-07-07T15:51:54.0000000+00:00
65,11,35.8837,14.66033333,25.669,2026-07-07T18:21:54.0000000,UTC+02:00,2026-07-07T16:21:54.0000000+00:00
66,11,35.88001667,14.66003333,25.601,2026-07-07T18:51:55.0000000,UTC+02:00,2026-07-07T16:51:55.0000000+00:00
67,11,35.87761667,14.65943333,25.551,2026-07-07T19:21:54.0000000,UTC+02:00,2026-07-07T17:21:54.0000000+00:00
68,11,35.87635,14.66086667,25.559,2026-07-07T19:51:55.0000000,UTC+02:00,2026-07-07T17:51:55.0000000+00:00
69,11,35.87546667,14.6635,25.444,2026-07-07T20:21:54.0000000,UTC+02:00,2026-07-07T18:21:54.0000000+00:00
70,11,35.8742,14.6661,25.468,2026-07-07T20:51:59.0000000,UTC+02:00,2026-07-07T18:51:59.0000000+00:00
71,11,35.8726,14.66788333,25.408,2026-07-07T21:21:54.0000000,UTC+02:00,2026-07-07T19:21:54.0000000+00:00
72,11,35.87186667,14.66975,25.348,2026-07-07T21:51:54.0000000,UTC+02:00,2026-07-07T19:51:54.0000000+00:00
73,11,35.87096667,14.67131667,25.358,2026-07-07T22:21:54.0000000,UTC+02:00,2026-07-07T20:21:54.0000000+00:00
74,11,35.86988333,14.67401667,25.329,2026-07-07T22:51:54.0000000,UTC+02:00,2026-07-07T20:51:54.0000000+00:00
75,11,35.86853333,14.67761667,25.295,2026-07-07T23:21:54.0000000,UTC+02:00,2026-07-07T21:21:54.0000000+00:00
76,11,35.8675,14.68108333,25.29,2026-07-07T23:51:54.0000000,UTC+02:00,2026-07-07T21:51:54.0000000+00:00
77,11,35.86638333,14.68416667,25.311,2026-07-08T00:21:54.0000000,UTC+02:00,2026-07-07T22:21:54.0000000+00:00
78,11,35.86481667,14.68756667,25.297,2026-07-08T00:51:54.0000000,UTC+02:00,2026-07-07T22:51:54.0000000+00:00
79,11,35.86291667,14.69103333,25.289,2026-07-08T01:21:54.0000000,UTC+02:00,2026-07-07T23:21:54.0000000+00:00
80,11,35.86053333,14.69501667,25.282,2026-07-08T01:52:04.0000000,UTC+02:00,2026-07-07T23:52:04.0000000+00:00
81,11,35.8574,14.6998,25.246,2026-07-08T02:22:01.0000000,UTC+02:00,2026-07-08T00:22:01.0000000+00:00
82,11,35.85391667,14.70506667,25.209,2026-07-08T02:51:54.0000000,UTC+02:00,2026-07-08T00:51:54.0000000+00:00
83,11,35.85018333,14.71095,25.171,2026-07-08T03:22:31.0000000,UTC+02:00,2026-07-08T01:22:31.0000000+00:00
84,11,35.84653333,14.7165,25.158,2026-07-08T03:52:01.0000000,UTC+02:00,2026-07-08T01:52:01.0000000+00:00
85,11,35.84235,14.72185,25.129,2026-07-08T04:21:54.0000000,UTC+02:00,2026-07-08T02:21:54.0000000+00:00
86,11,35.83708333,14.7271,25.122,2026-07-08T04:51:54.0000000,UTC+02:00,2026-07-08T02:51:54.0000000+00:00
87,11,35.83133333,14.73263333,25.122,2026-07-08T05:21:55.0000000,UTC+02:00,2026-07-08T03:21:55.0000000+00:00
88,11,35.82541667,14.73856667,25.17,2026-07-08T05:51:55.0000000,UTC+02:00,2026-07-08T03:51:55.0000000+00:00
89,11,35.81916667,14.74498333,25.196,2026-07-08T06:21:54.0000000,UTC+02:00,2026-07-08T04:21:54.0000000+00:00
90,11,35.8122,14.75091667,25.177,2026-07-08T06:52:01.0000000,UTC+02:00,2026-07-08T04:52:01.0000000+00:00
91,11,35.80401667,14.75583333,25.142,2026-07-08T07:22:19.0000000,UTC+02:00,2026-07-08T05:22:19.0000000+00:00
92,11,35.7956,14.75945,25.128,2026-07-08T07:51:55.0000000,UTC+02:00,2026-07-08T05:51:55.0000000+00:00
93,11,35.78768333,14.76223333,25.118,2026-07-08T08:21:54.0000000,UTC+02:00,2026-07-08T06:21:54.0000000+00:00
94,11,35.7799,14.7645,25.167,2026-07-08T08:51:54.0000000,UTC+02:00,2026-07-08T06:51:54.0000000+00:00
95,11,35.77158333,14.76611667,25.206,2026-07-08T09:21:54.0000000,UTC+02:00,2026-07-08T07:21:54.0000000+00:00
96,11,35.76346667,14.7668,25.249,2026-07-08T09:51:55.0000000,UTC+02:00,2026-07-08T07:51:55.0000000+00:00
97,11,35.75525,14.76645,25.338,2026-07-08T10:22:07.0000000,UTC+02:00,2026-07-08T08:22:07.0000000+00:00
98,11,35.74701667,14.76478333,25.424,2026-07-08T10:52:01.0000000,UTC+02:00,2026-07-08T08:52:01.0000000+00:00
99,11,35.73921667,14.7625,25.358,2026-07-08T11:21:54.0000000,UTC+02:00,2026-07-08T09:21:54.0000000+00:00
100,11,35.73205,14.75938333,25.492,2026-07-08T11:51:54.0000000,UTC+02:00,2026-07-08T09:51:54.0000000+00:00
101,11,35.7253,14.75666667,25.507,2026-07-08T12:22:01.0000000,UTC+02:00,2026-07-08T10:22:01.0000000+00:00
102,11,35.71873333,14.75341667,25.552,2026-07-08T12:51:55.0000000,UTC+02:00,2026-07-08T10:51:55.0000000+00:00
103,11,35.71318333,14.75045,25.495,2026-07-08T13:21:54.0000000,UTC+02:00,2026-07-08T11:21:54.0000000+00:00
104,11,35.70913333,14.74855,25.516,2026-07-08T13:51:54.0000000,UTC+02:00,2026-07-08T11:51:54.0000000+00:00
105,11,35.70578333,14.74688333,25.539,2026-07-08T14:21:55.0000000,UTC+02:00,2026-07-08T12:21:55.0000000+00:00
106,11,35.70291667,14.74548333,25.551,2026-07-08T14:52:02.0000000,UTC+02:00,2026-07-08T12:52:02.0000000+00:00
107,11,35.70095,14.74546667,25.575,2026-07-08T15:22:01.0000000,UTC+02:00,2026-07-08T13:22:01.0000000+00:00
108,11,35.69916667,14.74633333,25.594,2026-07-08T15:51:54.0000000,UTC+02:00,2026-07-08T13:51:54.0000000+00:00
109,11,35.6972,14.74715,25.588,2026-07-08T16:21:55.0000000,UTC+02:00,2026-07-08T14:21:55.0000000+00:00
110,11,35.6953,14.7481,25.586,2026-07-08T16:51:54.0000000,UTC+02:00,2026-07-08T14:51:54.0000000+00:00
111,11,35.69376667,14.74995,25.597,2026-07-08T17:23:01.0000000,UTC+02:00,2026-07-08T15:23:01.0000000+00:00
112,11,35.6918,14.75146667,25.602,2026-07-08T17:52:01.0000000,UTC+02:00,2026-07-08T15:52:01.0000000+00:00
113,11,35.68965,14.75298333,25.61,2026-07-08T18:21:54.0000000,UTC+02:00,2026-07-08T16:21:54.0000000+00:00
114,11,35.6876,14.75421667,25.61,2026-07-08T18:52:03.0000000,UTC+02:00,2026-07-08T16:52:03.0000000+00:00
115,11,35.68576667,14.75568333,25.617,2026-07-08T19:21:55.0000000,UTC+02:00,2026-07-08T17:21:55.0000000+00:00
116,11,35.68441667,14.75763333,25.594,2026-07-08T19:51:54.0000000,UTC+02:00,2026-07-08T17:51:54.0000000+00:00
117,11,35.68346667,14.76018333,25.58,2026-07-08T20:21:54.0000000,UTC+02:00,2026-07-08T18:21:54.0000000+00:00
118,11,35.68236667,14.76321667,25.577,2026-07-08T20:52:01.0000000,UTC+02:00,2026-07-08T18:52:01.0000000+00:00
119,11,35.68085,14.76628333,25.596,2026-07-08T21:22:19.0000000,UTC+02:00,2026-07-08T19:22:19.0000000+00:00
120,11,35.6794,14.76978333,25.562,2026-07-08T21:51:54.0000000,UTC+02:00,2026-07-08T19:51:54.0000000+00:00
121,11,35.67741667,14.77325,25.517,2026-07-08T22:22:19.0000000,UTC+02:00,2026-07-08T20:22:19.0000000+00:00
122,11,35.67541667,14.77705,25.501,2026-07-08T22:51:54.0000000,UTC+02:00,2026-07-08T20:51:54.0000000+00:00
123,11,35.67308333,14.78111667,25.483,2026-07-08T23:21:54.0000000,UTC+02:00,2026-07-08T21:21:54.0000000+00:00
124,11,35.67021667,14.78518333,25.457,2026-07-08T23:51:54.0000000,UTC+02:00,2026-07-08T21:51:54.0000000+00:00
125,11,35.66696667,14.78861667,25.457,2026-07-09T00:21:55.0000000,UTC+02:00,2026-07-08T22:21:55.0000000+00:00
126,11,35.66381667,14.79211667,25.418,2026-07-09T00:52:02.0000000,UTC+02:00,2026-07-08T22:52:02.0000000+00:00
127,11,35.66011667,14.79631667,25.411,2026-07-09T01:22:22.0000000,UTC+02:00,2026-07-08T23:22:22.0000000+00:00
128,11,35.65608333,14.8005,25.402,2026-07-09T01:51:54.0000000,UTC+02:00,2026-07-08T23:51:54.0000000+00:00
129,11,35.65111667,14.8048,25.375,2026-07-09T02:22:01.0000000,UTC+02:00,2026-07-09T00:22:01.0000000+00:00
130,11,35.6461,14.8088,25.335,2026-07-09T02:52:04.0000000,UTC+02:00,2026-07-09T00:52:04.0000000+00:00
131,11,35.64025,14.81255,25.315,2026-07-09T03:22:08.0000000,UTC+02:00,2026-07-09T01:22:08.0000000+00:00
132,11,35.63415,14.81565,25.288,2026-07-09T03:51:54.0000000,UTC+02:00,2026-07-09T01:51:54.0000000+00:00
133,11,35.6279,14.81835,25.271,2026-07-09T04:22:49.0000000,UTC+02:00,2026-07-09T02:22:49.0000000+00:00
134,11,35.62271667,14.82011667,25.261,2026-07-09T04:52:02.0000000,UTC+02:00,2026-07-09T02:52:02.0000000+00:00
135,11,35.61786667,14.82146667,25.257,2026-07-09T05:22:01.0000000,UTC+02:00,2026-07-09T03:22:01.0000000+00:00
136,11,35.61268333,14.8227,25.251,2026-07-09T05:52:01.0000000,UTC+02:00,2026-07-09T03:52:01.0000000+00:00
137,11,35.60778333,14.82336667,25.246,2026-07-09T06:21:54.0000000,UTC+02:00,2026-07-09T04:21:54.0000000+00:00
138,11,35.60291667,14.82411667,25.259,2026-07-09T06:51:54.0000000,UTC+02:00,2026-07-09T04:51:54.0000000+00:00
139,11,35.59773333,14.82441667,25.272,2026-07-09T07:21:54.0000000,UTC+02:00,2026-07-09T05:21:54.0000000+00:00
140,11,35.5923,14.82516667,25.287,2026-07-09T07:51:55.0000000,UTC+02:00,2026-07-09T05:51:55.0000000+00:00
141,11,35.58648333,14.8254,25.306,2026-07-09T08:22:01.0000000,UTC+02:00,2026-07-09T06:22:01.0000000+00:00
142,11,35.58058333,14.82545,25.314,2026-07-09T08:52:01.0000000,UTC+02:00,2026-07-09T06:52:01.0000000+00:00
143,11,35.5746,14.825,25.32,2026-07-09T09:21:55.0000000,UTC+02:00,2026-07-09T07:21:55.0000000+00:00
144,11,35.56878333,14.82358333,25.345,2026-07-09T09:52:03.0000000,UTC+02:00,2026-07-09T07:52:03.0000000+00:00
145,11,35.5631,14.8215,25.391,2026-07-09T10:22:52.0000000,UTC+02:00,2026-07-09T08:22:52.0000000+00:00
146,11,35.55768333,14.81983333,25.443,2026-07-09T10:52:19.0000000,UTC+02:00,2026-07-09T08:52:19.0000000+00:00
147,11,35.55253333,14.81826667,25.509,2026-07-09T11:21:54.0000000,UTC+02:00,2026-07-09T09:21:54.0000000+00:00
148,11,35.54728333,14.81643333,25.555,2026-07-09T11:51:54.0000000,UTC+02:00,2026-07-09T09:51:54.0000000+00:00
149,11,35.542,14.81415,25.652,2026-07-09T12:21:55.0000000,UTC+02:00,2026-07-09T10:21:55.0000000+00:00
150,11,35.53678333,14.81123333,25.768,2026-07-09T12:51:54.0000000,UTC+02:00,2026-07-09T10:51:54.0000000+00:00
151,11,35.53191667,14.80778333,25.874,2026-07-09T13:21:54.0000000,UTC+02:00,2026-07-09T11:21:54.0000000+00:00
152,11,35.52736667,14.80473333,25.88,2026-07-09T13:51:54.0000000,UTC+02:00,2026-07-09T11:51:54.0000000+00:00
153,11,35.52308333,14.80173333,25.925,2026-07-09T14:22:01.0000000,UTC+02:00,2026-07-09T12:22:01.0000000+00:00
154,11,35.51951667,14.7988,25.952,2026-07-09T14:51:54.0000000,UTC+02:00,2026-07-09T12:51:54.0000000+00:00
155,11,35.51625,14.79616667,26.009,2026-07-09T15:22:01.0000000,UTC+02:00,2026-07-09T13:22:01.0000000+00:00
156,11,35.51361667,14.7941,26.087,2026-07-09T15:52:02.0000000,UTC+02:00,2026-07-09T13:52:02.0000000+00:00
157,11,35.51168333,14.79156667,26.091,2026-07-09T16:21:54.0000000,UTC+02:00,2026-07-09T14:21:54.0000000+00:00
158,11,35.51036667,14.78971667,26.023,2026-07-09T16:51:54.0000000,UTC+02:00,2026-07-09T14:51:54.0000000+00:00
159,11,35.50905,14.78838333,26.06,2026-07-09T17:21:56.0000000,UTC+02:00,2026-07-09T15:21:56.0000000+00:00
160,11,35.508,14.78753333,26.053,2026-07-09T17:51:54.0000000,UTC+02:00,2026-07-09T15:51:54.0000000+00:00
161,11,35.50683333,14.78713333,25.992,2026-07-09T18:21:54.0000000,UTC+02:00,2026-07-09T16:21:54.0000000+00:00
162,11,35.50578333,14.78658333,25.963,2026-07-09T18:51:54.0000000,UTC+02:00,2026-07-09T16:51:54.0000000+00:00
163,11,35.50496667,14.78606667,25.965,2026-07-09T19:22:01.0000000,UTC+02:00,2026-07-09T17:22:01.0000000+00:00
164,11,35.50413333,14.78545,25.931,2026-07-09T19:51:54.0000000,UTC+02:00,2026-07-09T17:51:54.0000000+00:00
165,11,35.50313333,14.78458333,25.899,2026-07-09T20:22:01.0000000,UTC+02:00,2026-07-09T18:22:01.0000000+00:00
166,11,35.50271667,14.78345,25.86,2026-07-09T20:51:54.0000000,UTC+02:00,2026-07-09T18:51:54.0000000+00:00
167,11,35.50288333,14.78231667,25.817,2026-07-09T21:21:54.0000000,UTC+02:00,2026-07-09T19:21:54.0000000+00:00
168,11,35.50363333,14.78175,25.768,2026-07-09T21:51:54.0000000,UTC+02:00,2026-07-09T19:51:54.0000000+00:00
169,11,35.50466667,14.78211667,25.738,2026-07-09T22:21:54.0000000,UTC+02:00,2026-07-09T20:21:54.0000000+00:00
170,11,35.50605,14.7824,25.704,2026-07-09T22:51:55.0000000,UTC+02:00,2026-07-09T20:51:55.0000000+00:00
171,11,35.5076,14.78256667,25.685,2026-07-09T23:22:02.0000000,UTC+02:00,2026-07-09T21:22:02.0000000+00:00
172,11,35.50906667,14.78283333,25.604,2026-07-09T23:51:54.0000000,UTC+02:00,2026-07-09T21:51:54.0000000+00:00
173,11,35.51058333,14.78323333,25.577,2026-07-10T00:21:54.0000000,UTC+02:00,2026-07-09T22:21:54.0000000+00:00
174,11,35.51226667,14.78443333,25.526,2026-07-10T00:52:17.0000000,UTC+02:00,2026-07-09T22:52:17.0000000+00:00
175,11,35.51381667,14.7858,25.52,2026-07-10T01:21:55.0000000,UTC+02:00,2026-07-09T23:21:55.0000000+00:00
176,11,35.51533333,14.78723333,25.521,2026-07-10T01:52:19.0000000,UTC+02:00,2026-07-09T23:52:19.0000000+00:00
177,11,35.51623333,14.78875,25.49,2026-07-10T02:22:19.0000000,UTC+02:00,2026-07-10T00:22:19.0000000+00:00
178,11,35.51655,14.79,25.516,2026-07-10T02:51:54.0000000,UTC+02:00,2026-07-10T00:51:54.0000000+00:00
179,11,35.5165,14.79156667,25.479,2026-07-10T03:21:58.0000000,UTC+02:00,2026-07-10T01:21:58.0000000+00:00
180,11,35.51591667,14.793,25.481,2026-07-10T03:51:54.0000000,UTC+02:00,2026-07-10T01:51:54.0000000+00:00
181,11,35.51475,14.79501667,25.48,2026-07-10T04:21:54.0000000,UTC+02:00,2026-07-10T02:21:54.0000000+00:00
182,11,35.51275,14.7963,25.469,2026-07-10T04:51:55.0000000,UTC+02:00,2026-07-10T02:51:55.0000000+00:00
183,11,35.51055,14.79731667,25.463,2026-07-10T05:21:54.0000000,UTC+02:00,2026-07-10T03:21:54.0000000+00:00
184,11,35.50788333,14.79791667,25.449,2026-07-10T05:51:54.0000000,UTC+02:00,2026-07-10T03:51:54.0000000+00:00
185,11,35.50476667,14.79796667,25.462,2026-07-10T06:21:54.0000000,UTC+02:00,2026-07-10T04:21:54.0000000+00:00
186,11,35.5013,14.7975,25.5,2026-07-10T06:51:54.0000000,UTC+02:00,2026-07-10T04:51:54.0000000+00:00
187,11,35.49806667,14.79575,25.496,2026-07-10T07:21:55.0000000,UTC+02:00,2026-07-10T05:21:55.0000000+00:00
188,11,35.49513333,14.7927,25.529,2026-07-10T07:52:01.0000000,UTC+02:00,2026-07-10T05:52:01.0000000+00:00
189,11,35.4923,14.78866667,25.641,2026-07-10T08:21:55.0000000,UTC+02:00,2026-07-10T06:21:55.0000000+00:00
190,11,35.48983333,14.78345,25.738,2026-07-10T08:51:55.0000000,UTC+02:00,2026-07-10T06:51:55.0000000+00:00
191,11,35.48718333,14.77711667,25.869,2026-07-10T09:21:54.0000000,UTC+02:00,2026-07-10T07:21:54.0000000+00:00
192,11,35.48473333,14.77023333,26.045,2026-07-10T09:51:54.0000000,UTC+02:00,2026-07-10T07:51:54.0000000+00:00
193,11,35.48243333,14.76291667,26.114,2026-07-10T10:21:54.0000000,UTC+02:00,2026-07-10T08:21:54.0000000+00:00
194,11,35.4805,14.75481667,26.169,2026-07-10T10:51:56.0000000,UTC+02:00,2026-07-10T08:51:56.0000000+00:00
195,11,35.47895,14.74623333,26.283,2026-07-10T11:21:54.0000000,UTC+02:00,2026-07-10T09:21:54.0000000+00:00
196,11,35.47826667,14.73685,26.374,2026-07-10T11:51:54.0000000,UTC+02:00,2026-07-10T09:51:54.0000000+00:00
197,11,35.47838333,14.72796667,26.459,2026-07-10T12:21:54.0000000,UTC+02:00,2026-07-10T10:21:54.0000000+00:00
198,11,35.4799,14.71965,26.618,2026-07-10T12:51:54.0000000,UTC+02:00,2026-07-10T10:51:54.0000000+00:00
199,11,35.48221667,14.7113,26.643,2026-07-10T13:21:54.0000000,UTC+02:00,2026-07-10T11:21:54.0000000+00:00
200,11,35.48478333,14.70365,26.642,2026-07-10T13:51:54.0000000,UTC+02:00,2026-07-10T11:51:54.0000000+00:00
201,11,35.48788333,14.69645,26.744,2026-07-10T14:21:54.0000000,UTC+02:00,2026-07-10T12:21:54.0000000+00:00
202,11,35.49145,14.68963333,26.769,2026-07-10T14:51:54.0000000,UTC+02:00,2026-07-10T12:51:54.0000000+00:00
203,11,35.49568333,14.68296667,26.757,2026-07-10T15:21:54.0000000,UTC+02:00,2026-07-10T13:21:54.0000000+00:00
204,11,35.50023333,14.67691667,26.758,2026-07-10T15:51:55.0000000,UTC+02:00,2026-07-10T13:51:55.0000000+00:00
205,11,35.50516667,14.67138333,26.898,2026-07-10T16:21:54.0000000,UTC+02:00,2026-07-10T14:21:54.0000000+00:00
206,11,35.51016667,14.66658333,26.734,2026-07-10T16:51:54.0000000,UTC+02:00,2026-07-10T14:51:54.0000000+00:00
207,11,35.51471667,14.66308333,26.683,2026-07-10T17:22:01.0000000,UTC+02:00,2026-07-10T15:22:01.0000000+00:00
208,11,35.51891667,14.65968333,26.572,2026-07-10T17:51:54.0000000,UTC+02:00,2026-07-10T15:51:54.0000000+00:00
209,11,35.52298333,14.65631667,26.425,2026-07-10T18:22:19.0000000,UTC+02:00,2026-07-10T16:22:19.0000000+00:00
210,11,35.52623333,14.65413333,26.413,2026-07-10T18:51:54.0000000,UTC+02:00,2026-07-10T16:51:54.0000000+00:00
211,11,35.52888333,14.65196667,26.3,2026-07-10T19:22:25.0000000,UTC+02:00,2026-07-10T17:22:25.0000000+00:00
212,11,35.53111667,14.64965,26.195,2026-07-10T19:51:54.0000000,UTC+02:00,2026-07-10T17:51:54.0000000+00:00
213,11,35.53306667,14.64748333,26.12,2026-07-10T20:21:54.0000000,UTC+02:00,2026-07-10T18:21:54.0000000+00:00
214,11,35.53498333,14.64553333,26.11,2026-07-10T20:51:55.0000000,UTC+02:00,2026-07-10T18:51:55.0000000+00:00
215,11,35.53633333,14.6437,26.057,2026-07-10T21:21:54.0000000,UTC+02:00,2026-07-10T19:21:54.0000000+00:00
216,11,35.53746667,14.64183333,25.992,2026-07-10T21:51:56.0000000,UTC+02:00,2026-07-10T19:51:56.0000000+00:00
217,11,35.53868333,14.6405,25.941,2026-07-10T22:21:54.0000000,UTC+02:00,2026-07-10T20:21:54.0000000+00:00
218,11,35.54,14.6399,25.941,2026-07-10T22:51:54.0000000,UTC+02:00,2026-07-10T20:51:54.0000000+00:00
219,11,35.54083333,14.63948333,25.922,2026-07-10T23:21:54.0000000,UTC+02:00,2026-07-10T21:21:54.0000000+00:00
220,11,35.5411,14.63891667,25.887,2026-07-10T23:51:54.0000000,UTC+02:00,2026-07-10T21:51:54.0000000+00:00
221,11,35.54078333,14.63835,25.848,2026-07-11T00:21:54.0000000,UTC+02:00,2026-07-10T22:21:54.0000000+00:00
222,11,35.54,14.63743333,25.846,2026-07-11T00:52:01.0000000,UTC+02:00,2026-07-10T22:52:01.0000000+00:00
223,11,35.53855,14.63603333,25.839,2026-07-11T01:21:54.0000000,UTC+02:00,2026-07-10T23:21:54.0000000+00:00
224,11,35.53665,14.63365,25.783,2026-07-11T01:51:54.0000000,UTC+02:00,2026-07-10T23:51:54.0000000+00:00
225,11,35.53435,14.63063333,25.782,2026-07-11T02:22:25.0000000,UTC+02:00,2026-07-11T00:22:25.0000000+00:00
226,11,35.53216667,14.62745,25.767,2026-07-11T02:51:54.0000000,UTC+02:00,2026-07-11T00:51:54.0000000+00:00
227,11,35.5297,14.62391667,25.752,2026-07-11T03:21:54.0000000,UTC+02:00,2026-07-11T01:21:54.0000000+00:00
228,11,35.52696667,14.61983333,25.736,2026-07-11T03:52:03.0000000,UTC+02:00,2026-07-11T01:52:03.0000000+00:00
229,11,35.52453333,14.61505,25.702,2026-07-11T04:21:54.0000000,UTC+02:00,2026-07-11T02:21:54.0000000+00:00
230,11,35.52258333,14.60933333,25.647,2026-07-11T04:51:56.0000000,UTC+02:00,2026-07-11T02:51:56.0000000+00:00
231,11,35.52101667,14.6027,25.574,2026-07-11T05:21:58.0000000,UTC+02:00,2026-07-11T03:21:58.0000000+00:00
232,11,35.51978333,14.59611667,25.556,2026-07-11T05:51:54.0000000,UTC+02:00,2026-07-11T03:51:54.0000000+00:00
233,11,35.51916667,14.58893333,25.548,2026-07-11T06:21:54.0000000,UTC+02:00,2026-07-11T04:21:54.0000000+00:00
234,11,35.51896667,14.58218333,25.565,2026-07-11T06:51:54.0000000,UTC+02:00,2026-07-11T04:51:54.0000000+00:00
235,11,35.51906667,14.57571667,25.576,2026-07-11T07:22:01.0000000,UTC+02:00,2026-07-11T05:22:01.0000000+00:00
236,11,35.5198,14.56968333,25.586,2026-07-11T07:51:54.0000000,UTC+02:00,2026-07-11T05:51:54.0000000+00:00
237,11,35.52101667,14.564,25.598,2026-07-11T08:21:54.0000000,UTC+02:00,2026-07-11T06:21:54.0000000+00:00
238,11,35.52218333,14.55965,25.608,2026-07-11T08:51:54.0000000,UTC+02:00,2026-07-11T06:51:54.0000000+00:00
239,11,35.5233,14.55623333,25.679,2026-07-11T09:21:57.0000000,UTC+02:00,2026-07-11T07:21:57.0000000+00:00
240,11,35.52468333,14.55345,25.797,2026-07-11T09:51:56.0000000,UTC+02:00,2026-07-11T07:51:56.0000000+00:00
241,11,35.5263,14.55046667,25.887,2026-07-11T10:21:54.0000000,UTC+02:00,2026-07-11T08:21:54.0000000+00:00
242,11,35.52778333,14.54721667,25.924,2026-07-11T10:51:55.0000000,UTC+02:00,2026-07-11T08:51:55.0000000+00:00
243,11,35.52946667,14.54448333,26.109,2026-07-11T11:21:56.0000000,UTC+02:00,2026-07-11T09:21:56.0000000+00:00
244,11,35.53145,14.54146667,26.131,2026-07-11T11:51:57.0000000,UTC+02:00,2026-07-11T09:51:57.0000000+00:00
245,11,35.53365,14.53823333,26.218,2026-07-11T12:21:55.0000000,UTC+02:00,2026-07-11T10:21:55.0000000+00:00
246,11,35.53585,14.53515,26.367,2026-07-11T12:51:57.0000000,UTC+02:00,2026-07-11T10:51:57.0000000+00:00
247,11,35.53791667,14.53225,26.419,2026-07-11T13:21:54.0000000,UTC+02:00,2026-07-11T11:21:54.0000000+00:00
248,11,35.5399,14.52926667,26.488,2026-07-11T13:51:55.0000000,UTC+02:00,2026-07-11T11:51:55.0000000+00:00
249,11,35.54171667,14.52593333,26.54,2026-07-11T14:21:54.0000000,UTC+02:00,2026-07-11T12:21:54.0000000+00:00
250,11,35.54366667,14.52285,26.564,2026-07-11T14:51:57.0000000,UTC+02:00,2026-07-11T12:51:57.0000000+00:00
251,11,35.54556667,14.51956667,26.575,2026-07-11T15:21:54.0000000,UTC+02:00,2026-07-11T13:21:54.0000000+00:00
252,11,35.54753333,14.51603333,26.687,2026-07-11T15:51:54.0000000,UTC+02:00,2026-07-11T13:51:54.0000000+00:00
253,11,35.55,14.51276667,26.699,2026-07-11T16:22:01.0000000,UTC+02:00,2026-07-11T14:22:01.0000000+00:00
254,11,35.5524,14.51005,26.768,2026-07-11T16:51:56.0000000,UTC+02:00,2026-07-11T14:51:56.0000000+00:00
255,11,35.5548,14.50755,26.761,2026-07-11T17:21:55.0000000,UTC+02:00,2026-07-11T15:21:55.0000000+00:00
256,11,35.55651667,14.50535,26.796,2026-07-11T17:51:56.0000000,UTC+02:00,2026-07-11T15:51:56.0000000+00:00
257,11,35.55768333,14.50293333,26.769,2026-07-11T18:21:56.0000000,UTC+02:00,2026-07-11T16:21:56.0000000+00:00
258,11,35.55881667,14.50091667,26.726,2026-07-11T18:51:56.0000000,UTC+02:00,2026-07-11T16:51:56.0000000+00:00
259,11,35.55948333,14.4994,26.645,2026-07-11T19:21:57.0000000,UTC+02:00,2026-07-11T17:21:57.0000000+00:00
260,11,35.55995,14.49785,26.545,2026-07-11T19:51:55.0000000,UTC+02:00,2026-07-11T17:51:55.0000000+00:00
261,11,35.56,14.49595,26.475,2026-07-11T20:22:19.0000000,UTC+02:00,2026-07-11T18:22:19.0000000+00:00
262,11,35.56018333,14.4938,26.426,2026-07-11T20:52:01.0000000,UTC+02:00,2026-07-11T18:52:01.0000000+00:00
263,11,35.56038333,14.49156667,26.355,2026-07-11T21:22:01.0000000,UTC+02:00,2026-07-11T19:22:01.0000000+00:00
264,11,35.56058333,14.48911667,26.31,2026-07-11T21:52:01.0000000,UTC+02:00,2026-07-11T19:52:01.0000000+00:00
265,11,35.5607,14.48623333,26.306,2026-07-11T22:22:02.0000000,UTC+02:00,2026-07-11T20:22:02.0000000+00:00
266,11,35.56093333,14.48325,26.275,2026-07-11T22:52:16.0000000,UTC+02:00,2026-07-11T20:52:16.0000000+00:00
267,11,35.56086667,14.48015,26.246,2026-07-11T23:21:57.0000000,UTC+02:00,2026-07-11T21:21:57.0000000+00:00
268,11,35.56058333,14.47708333,26.234,2026-07-11T23:52:07.0000000,UTC+02:00,2026-07-11T21:52:07.0000000+00:00
269,11,35.56003333,14.47395,26.241,2026-07-12T00:22:01.0000000,UTC+02:00,2026-07-11T22:22:01.0000000+00:00
270,11,35.55956667,14.47056667,26.224,2026-07-12T00:52:00.0000000,UTC+02:00,2026-07-11T22:52:00.0000000+00:00
271,11,35.55933333,14.46695,26.238,2026-07-12T01:22:00.0000000,UTC+02:00,2026-07-11T23:22:00.0000000+00:00
272,11,35.55951667,14.46328333,26.214,2026-07-12T01:51:54.0000000,UTC+02:00,2026-07-11T23:51:54.0000000+00:00
273,11,35.5595,14.46008333,26.309,2026-07-12T02:22:04.0000000,UTC+02:00,2026-07-12T00:22:04.0000000+00:00
274,11,35.55936667,14.45751667,26.387,2026-07-12T02:52:27.0000000,UTC+02:00,2026-07-12T00:52:27.0000000+00:00
275,11,35.55916667,14.4552,26.373,2026-07-12T03:22:01.0000000,UTC+02:00,2026-07-12T01:22:01.0000000+00:00
276,11,35.55951667,14.45271667,26.413,2026-07-12T03:52:01.0000000,UTC+02:00,2026-07-12T01:52:01.0000000+00:00
277,11,35.55983333,14.45048333,26.415,2026-07-12T04:22:00.0000000,UTC+02:00,2026-07-12T02:22:00.0000000+00:00
278,11,35.55995,14.44865,26.394,2026-07-12T04:52:01.0000000,UTC+02:00,2026-07-12T02:52:01.0000000+00:00
279,11,35.56018333,14.44666667,26.4,2026-07-12T05:22:25.0000000,UTC+02:00,2026-07-12T03:22:25.0000000+00:00
280,11,35.56056667,14.44501667,26.396,2026-07-12T05:52:01.0000000,UTC+02:00,2026-07-12T03:52:01.0000000+00:00
281,11,35.5611,14.44328333,26.36,2026-07-12T06:22:00.0000000,UTC+02:00,2026-07-12T04:22:00.0000000+00:00
282,11,35.56175,14.44218333,26.346,2026-07-12T06:51:56.0000000,UTC+02:00,2026-07-12T04:51:56.0000000+00:00
283,11,35.5623,14.4412,26.345,2026-07-12T07:22:01.0000000,UTC+02:00,2026-07-12T05:22:01.0000000+00:00
284,11,35.56303333,14.44105,26.331,2026-07-12T07:51:59.0000000,UTC+02:00,2026-07-12T05:51:59.0000000+00:00
285,11,35.56376667,14.44171667,26.357,2026-07-12T08:21:57.0000000,UTC+02:00,2026-07-12T06:21:57.0000000+00:00
286,11,35.56426667,14.44313333,26.383,2026-07-12T08:52:01.0000000,UTC+02:00,2026-07-12T06:52:01.0000000+00:00
287,11,35.56471667,14.44495,26.403,2026-07-12T09:22:01.0000000,UTC+02:00,2026-07-12T07:22:01.0000000+00:00
288,11,35.5649,14.44658333,26.45,2026-07-12T09:52:01.0000000,UTC+02:00,2026-07-12T07:52:01.0000000+00:00
289,11,35.5647,14.44816667,26.498,2026-07-12T10:22:01.0000000,UTC+02:00,2026-07-12T08:22:01.0000000+00:00
290,11,35.56435,14.44976667,26.562,2026-07-12T10:52:01.0000000,UTC+02:00,2026-07-12T08:52:01.0000000+00:00
291,11,35.56381667,14.45135,26.67,2026-07-12T11:22:00.0000000,UTC+02:00,2026-07-12T09:22:00.0000000+00:00
292,11,35.56276667,14.45296667,26.821,2026-07-12T11:52:00.0000000,UTC+02:00,2026-07-12T09:52:00.0000000+00:00
293,11,35.56151667,14.45456667,26.965,2026-07-12T12:22:00.0000000,UTC+02:00,2026-07-12T10:22:00.0000000+00:00
294,11,35.56023333,14.45623333,27.037,2026-07-12T12:51:58.0000000,UTC+02:00,2026-07-12T10:51:58.0000000+00:00
295,11,35.55886667,14.45753333,27.038,2026-07-12T13:22:00.0000000,UTC+02:00,2026-07-12T11:22:00.0000000+00:00
296,11,35.5574,14.45851667,27.076,2026-07-12T13:52:00.0000000,UTC+02:00,2026-07-12T11:52:00.0000000+00:00
297,11,35.55575,14.45911667,27.103,2026-07-12T14:22:01.0000000,UTC+02:00,2026-07-12T12:22:01.0000000+00:00
298,11,35.5538,14.4594,27.138,2026-07-12T14:52:00.0000000,UTC+02:00,2026-07-12T12:52:00.0000000+00:00
299,11,35.55153333,14.4591,27.106,2026-07-12T15:22:00.0000000,UTC+02:00,2026-07-12T13:22:00.0000000+00:00
300,11,35.54911667,14.45773333,27.103,2026-07-12T15:52:00.0000000,UTC+02:00,2026-07-12T13:52:00.0000000+00:00
301,11,35.54675,14.45613333,27.105,2026-07-12T16:22:00.0000000,UTC+02:00,2026-07-12T14:22:00.0000000+00:00
302,11,35.54476667,14.4539,27.138,2026-07-12T16:52:01.0000000,UTC+02:00,2026-07-12T14:52:01.0000000+00:00
303,11,35.54336667,14.45143333,27.097,2026-07-12T17:22:00.0000000,UTC+02:00,2026-07-12T15:22:00.0000000+00:00
304,11,35.54241667,14.44845,27.1,2026-07-12T17:52:00.0000000,UTC+02:00,2026-07-12T15:52:00.0000000+00:00
305,11,35.5417,14.4454,27.039,2026-07-12T18:22:00.0000000,UTC+02:00,2026-07-12T16:22:00.0000000+00:00
306,11,35.54138333,14.44201667,27.005,2026-07-12T18:52:04.0000000,UTC+02:00,2026-07-12T16:52:04.0000000+00:00
307,11,35.54161667,14.43833333,26.937,2026-07-12T19:22:01.0000000,UTC+02:00,2026-07-12T17:22:01.0000000+00:00
308,11,35.54245,14.43491667,26.914,2026-07-12T19:52:01.0000000,UTC+02:00,2026-07-12T17:52:01.0000000+00:00
309,11,35.5439,14.43238333,26.871,2026-07-12T20:22:01.0000000,UTC+02:00,2026-07-12T18:22:01.0000000+00:00
310,11,35.54558333,14.42993333,26.812,2026-07-12T20:52:01.0000000,UTC+02:00,2026-07-12T18:52:01.0000000+00:00
311,11,35.54775,14.42773333,26.75,2026-07-12T21:21:57.0000000,UTC+02:00,2026-07-12T19:21:57.0000000+00:00
312,11,35.55013333,14.42548333,26.709,2026-07-12T21:52:01.0000000,UTC+02:00,2026-07-12T19:52:01.0000000+00:00
313,11,35.55241667,14.42335,26.666,2026-07-12T22:22:01.0000000,UTC+02:00,2026-07-12T20:22:01.0000000+00:00
314,11,35.55493333,14.42138333,26.635,2026-07-12T22:52:01.0000000,UTC+02:00,2026-07-12T20:52:01.0000000+00:00
315,11,35.55736667,14.41953333,26.598,2026-07-12T23:22:25.0000000,UTC+02:00,2026-07-12T21:22:25.0000000+00:00
316,11,35.55956667,14.41796667,26.55,2026-07-12T23:52:25.0000000,UTC+02:00,2026-07-12T21:52:25.0000000+00:00
317,11,35.5615,14.4167,26.523,2026-07-13T00:21:57.0000000,UTC+02:00,2026-07-12T22:21:57.0000000+00:00
318,11,35.56316667,14.41581667,26.476,2026-07-13T00:52:01.0000000,UTC+02:00,2026-07-12T22:52:01.0000000+00:00
319,11,35.56458333,14.41488333,26.455,2026-07-13T01:22:17.0000000,UTC+02:00,2026-07-12T23:22:17.0000000+00:00
320,11,35.56576667,14.414,26.466,2026-07-13T01:52:00.0000000,UTC+02:00,2026-07-12T23:52:00.0000000+00:00
321,11,35.56656667,14.41335,26.441,2026-07-13T02:22:01.0000000,UTC+02:00,2026-07-13T00:22:01.0000000+00:00
322,11,35.56693333,14.41265,26.441,2026-07-13T02:52:01.0000000,UTC+02:00,2026-07-13T00:52:01.0000000+00:00
323,11,35.567,14.41165,26.426,2026-07-13T03:22:00.0000000,UTC+02:00,2026-07-13T01:22:00.0000000+00:00
324,11,35.56695,14.411,26.406,2026-07-13T03:52:31.0000000,UTC+02:00,2026-07-13T01:52:31.0000000+00:00
325,11,35.56606667,14.41098333,26.461,2026-07-13T04:22:00.0000000,UTC+02:00,2026-07-13T02:22:00.0000000+00:00
326,11,35.56456667,14.41061667,26.502,2026-07-13T04:52:01.0000000,UTC+02:00,2026-07-13T02:52:01.0000000+00:00
327,11,35.5628,14.40998333,26.48,2026-07-13T05:22:00.0000000,UTC+02:00,2026-07-13T03:22:00.0000000+00:00
328,11,35.56048333,14.40936667,26.45,2026-07-13T05:52:01.0000000,UTC+02:00,2026-07-13T03:52:01.0000000+00:00
329,11,35.55643333,14.40828333,26.486,2026-07-13T06:22:00.0000000,UTC+02:00,2026-07-13T04:22:00.0000000+00:00
330,11,35.5511,14.40683333,26.497,2026-07-13T06:52:00.0000000,UTC+02:00,2026-07-13T04:52:00.0000000+00:00
331,11,35.5456,14.40508333,26.515,2026-07-13T07:22:02.0000000,UTC+02:00,2026-07-13T05:22:02.0000000+00:00
332,11,35.53976667,14.40293333,26.528,2026-07-13T07:52:00.0000000,UTC+02:00,2026-07-13T05:52:00.0000000+00:00
333,11,35.53321667,14.39998333,26.576,2026-07-13T08:22:01.0000000,UTC+02:00,2026-07-13T06:22:01.0000000+00:00
334,11,35.52656667,14.3964,26.61,2026-07-13T08:52:00.0000000,UTC+02:00,2026-07-13T06:52:00.0000000+00:00
335,11,35.5197,14.39155,26.676,2026-07-13T09:22:01.0000000,UTC+02:00,2026-07-13T07:22:01.0000000+00:00
336,11,35.5125,14.38571667,26.762,2026-07-13T09:52:01.0000000,UTC+02:00,2026-07-13T07:52:01.0000000+00:00
337,11,35.50433333,14.37925,26.808,2026-07-13T10:21:57.0000000,UTC+02:00,2026-07-13T08:21:57.0000000+00:00
338,11,35.49661667,14.37203333,26.837,2026-07-13T10:52:01.0000000,UTC+02:00,2026-07-13T08:52:01.0000000+00:00
339,11,35.48905,14.36425,26.894,2026-07-13T11:22:00.0000000,UTC+02:00,2026-07-13T09:22:00.0000000+00:00
340,11,35.48195,14.3562,26.907,2026-07-13T11:52:01.0000000,UTC+02:00,2026-07-13T09:52:01.0000000+00:00
341,11,35.47558333,14.34751667,26.952,2026-07-13T12:22:03.0000000,UTC+02:00,2026-07-13T10:22:03.0000000+00:00
342,11,35.46951667,14.33791667,27.03,2026-07-13T12:52:00.0000000,UTC+02:00,2026-07-13T10:52:00.0000000+00:00
343,11,35.46471667,14.3267,27.087,2026-07-13T13:22:00.0000000,UTC+02:00,2026-07-13T11:22:00.0000000+00:00
344,11,35.4603,14.3136,27.092,2026-07-13T13:52:31.0000000,UTC+02:00,2026-07-13T11:52:31.0000000+00:00
345,11,35.457,14.30051667,27.103,2026-07-13T14:22:00.0000000,UTC+02:00,2026-07-13T12:22:00.0000000+00:00
346,11,35.4544,14.28671667,27.077,2026-07-13T14:52:00.0000000,UTC+02:00,2026-07-13T12:52:00.0000000+00:00
347,11,35.45248333,14.27341667,27.132,2026-07-13T15:22:01.0000000,UTC+02:00,2026-07-13T13:22:01.0000000+00:00
348,11,35.45141667,14.26056667,27.109,2026-07-13T15:52:00.0000000,UTC+02:00,2026-07-13T13:52:00.0000000+00:00
349,11,35.45166667,14.24808333,27.082,2026-07-13T16:22:00.0000000,UTC+02:00,2026-07-13T14:22:00.0000000+00:00
350,11,35.45305,14.23603333,27.056,2026-07-13T16:52:29.0000000,UTC+02:00,2026-07-13T14:52:29.0000000+00:00
351,11,35.4552,14.2252,27.107,2026-07-13T17:22:00.0000000,UTC+02:00,2026-07-13T15:22:00.0000000+00:00
352,11,35.45823333,14.21563333,27.086,2026-07-13T17:52:01.0000000,UTC+02:00,2026-07-13T15:52:01.0000000+00:00
353,11,35.46188333,14.20748333,27.064,2026-07-13T18:21:57.0000000,UTC+02:00,2026-07-13T16:21:57.0000000+00:00
354,11,35.46545,14.20045,27.045,2026-07-13T18:52:00.0000000,UTC+02:00,2026-07-13T16:52:00.0000000+00:00
355,11,35.46866667,14.19416667,27.005,2026-07-13T19:22:00.0000000,UTC+02:00,2026-07-13T17:22:00.0000000+00:00
356,11,35.4717,14.18926667,26.991,2026-07-13T19:52:21.0000000,UTC+02:00,2026-07-13T17:52:21.0000000+00:00
357,11,35.47453333,14.18578333,26.972,2026-07-13T20:22:25.0000000,UTC+02:00,2026-07-13T18:22:25.0000000+00:00
358,11,35.4771,14.1835,26.883,2026-07-13T20:52:31.0000000,UTC+02:00,2026-07-13T18:52:31.0000000+00:00
359,11,35.4795,14.18155,26.875,2026-07-13T21:22:00.0000000,UTC+02:00,2026-07-13T19:22:00.0000000+00:00
360,11,35.48163333,14.18035,26.862,2026-07-13T21:52:01.0000000,UTC+02:00,2026-07-13T19:52:01.0000000+00:00
361,11,35.48326667,14.17936667,26.836,2026-07-13T22:22:00.0000000,UTC+02:00,2026-07-13T20:22:00.0000000+00:00
362,11,35.48428333,14.17881667,26.798,2026-07-13T22:52:01.0000000,UTC+02:00,2026-07-13T20:52:01.0000000+00:00
363,11,35.48486667,14.17848333,26.803,2026-07-13T23:22:00.0000000,UTC+02:00,2026-07-13T21:22:00.0000000+00:00
364,11,35.4849,14.17803333,26.783,2026-07-13T23:52:00.0000000,UTC+02:00,2026-07-13T21:52:00.0000000+00:00
365,11,35.48451667,14.17795,26.771,2026-07-14T00:22:00.0000000,UTC+02:00,2026-07-13T22:22:00.0000000+00:00
366,11,35.48351667,14.17808333,26.77,2026-07-14T00:52:09.0000000,UTC+02:00,2026-07-13T22:52:09.0000000+00:00
367,11,35.48181667,14.17818333,26.769,2026-07-14T01:22:24.0000000,UTC+02:00,2026-07-13T23:22:24.0000000+00:00
368,11,35.47918333,14.17826667,26.742,2026-07-14T01:52:00.0000000,UTC+02:00,2026-07-13T23:52:00.0000000+00:00
369,11,35.47606667,14.17845,26.741,2026-07-14T02:22:31.0000000,UTC+02:00,2026-07-14T00:22:31.0000000+00:00
370,11,35.47255,14.17905,26.735,2026-07-14T02:52:00.0000000,UTC+02:00,2026-07-14T00:52:00.0000000+00:00
371,11,35.46785,14.17971667,26.749,2026-07-14T03:22:00.0000000,UTC+02:00,2026-07-14T01:22:00.0000000+00:00
372,11,35.46261667,14.18018333,26.729,2026-07-14T03:52:00.0000000,UTC+02:00,2026-07-14T01:52:00.0000000+00:00
373,11,35.45726667,14.18033333,26.743,2026-07-14T04:22:01.0000000,UTC+02:00,2026-07-14T02:22:01.0000000+00:00
374,11,35.45211667,14.17995,26.746,2026-07-14T04:52:00.0000000,UTC+02:00,2026-07-14T02:52:00.0000000+00:00
375,11,35.44708333,14.17936667,26.718,2026-07-14T05:22:00.0000000,UTC+02:00,2026-07-14T03:22:00.0000000+00:00
376,11,35.44203333,14.17881667,26.724,2026-07-14T05:52:01.0000000,UTC+02:00,2026-07-14T03:52:01.0000000+00:00
377,11,35.43651667,14.17761667,26.713,2026-07-14T06:21:57.0000000,UTC+02:00,2026-07-14T04:21:57.0000000+00:00
378,11,35.43046667,14.17495,26.723,2026-07-14T06:52:01.0000000,UTC+02:00,2026-07-14T04:52:01.0000000+00:00
379,11,35.42403333,14.17208333,26.721,2026-07-14T07:22:01.0000000,UTC+02:00,2026-07-14T05:22:01.0000000+00:00
380,11,35.41753333,14.16936667,26.732,2026-07-14T07:52:01.0000000,UTC+02:00,2026-07-14T05:52:01.0000000+00:00
381,11,35.4111,14.16643333,26.765,2026-07-14T08:21:59.0000000,UTC+02:00,2026-07-14T06:21:59.0000000+00:00
382,11,35.40493333,14.16341667,26.838,2026-07-14T08:51:59.0000000,UTC+02:00,2026-07-14T06:51:59.0000000+00:00
383,11,35.39856667,14.16041667,26.922,2026-07-14T09:21:57.0000000,UTC+02:00,2026-07-14T07:21:57.0000000+00:00
384,11,35.3919,14.15718333,26.968,2026-07-14T09:52:00.0000000,UTC+02:00,2026-07-14T07:52:00.0000000+00:00
385,11,35.38501667,14.15413333,27.071,2026-07-14T10:21:58.0000000,UTC+02:00,2026-07-14T08:21:58.0000000+00:00
386,11,35.37778333,14.15088333,27.133,2026-07-14T10:51:57.0000000,UTC+02:00,2026-07-14T08:51:57.0000000+00:00
387,11,35.37023333,14.14666667,27.188,2026-07-14T11:22:00.0000000,UTC+02:00,2026-07-14T09:22:00.0000000+00:00
388,11,35.36286667,14.14168333,27.273,2026-07-14T11:52:00.0000000,UTC+02:00,2026-07-14T09:52:00.0000000+00:00
389,11,35.35571667,14.13546667,27.384,2026-07-14T12:21:58.0000000,UTC+02:00,2026-07-14T10:21:58.0000000+00:00
390,11,35.34891667,14.12838333,27.494,2026-07-14T12:51:58.0000000,UTC+02:00,2026-07-14T10:51:58.0000000+00:00
391,11,35.34256667,14.12168333,27.584,2026-07-14T13:22:00.0000000,UTC+02:00,2026-07-14T11:22:00.0000000+00:00
392,11,35.3368,14.11528333,27.635,2026-07-14T13:52:01.0000000,UTC+02:00,2026-07-14T11:52:01.0000000+00:00
393,11,35.33183333,14.10888333,27.574,2026-07-14T14:22:01.0000000,UTC+02:00,2026-07-14T12:22:01.0000000+00:00
394,11,35.32763333,14.10256667,27.715,2026-07-14T14:52:01.0000000,UTC+02:00,2026-07-14T12:52:01.0000000+00:00
395,11,35.32386667,14.09636667,27.717,2026-07-14T15:21:59.0000000,UTC+02:00,2026-07-14T13:21:59.0000000+00:00
396,11,35.32061667,14.09001667,27.762,2026-07-14T15:51:58.0000000,UTC+02:00,2026-07-14T13:51:58.0000000+00:00
397,11,35.31795,14.08391667,27.83,2026-07-14T16:22:01.0000000,UTC+02:00,2026-07-14T14:22:01.0000000+00:00
398,11,35.31588333,14.0792,27.882,2026-07-14T16:52:00.0000000,UTC+02:00,2026-07-14T14:52:00.0000000+00:00
399,11,35.31391667,14.07516667,27.961,2026-07-14T17:21:58.0000000,UTC+02:00,2026-07-14T15:21:58.0000000+00:00
400,11,35.31195,14.0715,27.874,2026-07-14T17:51:58.0000000,UTC+02:00,2026-07-14T15:51:58.0000000+00:00
401,11,35.31045,14.06855,27.821,2026-07-14T18:22:01.0000000,UTC+02:00,2026-07-14T16:22:01.0000000+00:00
402,11,35.30931667,14.06616667,27.781,2026-07-14T18:52:01.0000000,UTC+02:00,2026-07-14T16:52:01.0000000+00:00
403,11,35.30818333,14.06431667,27.659,2026-07-14T19:22:00.0000000,UTC+02:00,2026-07-14T17:22:00.0000000+00:00
404,11,35.30698333,14.06323333,27.609,2026-07-14T19:52:01.0000000,UTC+02:00,2026-07-14T17:52:01.0000000+00:00
405,11,35.30565,14.06261667,27.511,2026-07-14T20:22:00.0000000,UTC+02:00,2026-07-14T18:22:00.0000000+00:00
406,11,35.30426667,14.06255,27.474,2026-07-14T20:52:00.0000000,UTC+02:00,2026-07-14T18:52:00.0000000+00:00
407,11,35.30293333,14.0633,27.456,2026-07-14T21:22:00.0000000,UTC+02:00,2026-07-14T19:22:00.0000000+00:00
408,11,35.30138333,14.06441667,27.429,2026-07-14T21:52:00.0000000,UTC+02:00,2026-07-14T19:52:00.0000000+00:00
409,11,35.29911667,14.06563333,27.418,2026-07-14T22:22:01.0000000,UTC+02:00,2026-07-14T20:22:01.0000000+00:00
410,11,35.2963,14.06695,27.404,2026-07-14T22:52:01.0000000,UTC+02:00,2026-07-14T20:52:01.0000000+00:00
411,11,35.29345,14.06803333,27.357,2026-07-14T23:22:01.0000000,UTC+02:00,2026-07-14T21:22:01.0000000+00:00
412,11,35.29125,14.06986667,27.325,2026-07-14T23:52:00.0000000,UTC+02:00,2026-07-14T21:52:00.0000000+00:00
413,11,35.28896667,14.07193333,27.269,2026-07-15T00:22:00.0000000,UTC+02:00,2026-07-14T22:22:00.0000000+00:00
414,11,35.28648333,14.0742,27.271,2026-07-15T00:52:00.0000000,UTC+02:00,2026-07-14T22:52:00.0000000+00:00
415,11,35.2833,14.07628333,27.25,2026-07-15T01:22:00.0000000,UTC+02:00,2026-07-14T23:22:00.0000000+00:00
416,11,35.27961667,14.07826667,27.227,2026-07-15T01:52:26.0000000,UTC+02:00,2026-07-14T23:52:26.0000000+00:00
417,11,35.27586667,14.08036667,27.213,2026-07-15T02:22:01.0000000,UTC+02:00,2026-07-15T00:22:01.0000000+00:00
418,11,35.27181667,14.082,27.092,2026-07-15T02:52:31.0000000,UTC+02:00,2026-07-15T00:52:31.0000000+00:00
419,11,35.26791667,14.08316667,26.999,2026-07-15T03:22:00.0000000,UTC+02:00,2026-07-15T01:22:00.0000000+00:00
420,11,35.26396667,14.08441667,26.997,2026-07-15T03:53:01.0000000,UTC+02:00,2026-07-15T01:53:01.0000000+00:00
421,11,35.25996667,14.08533333,26.969,2026-07-15T04:22:00.0000000,UTC+02:00,2026-07-15T02:22:00.0000000+00:00
422,11,35.25563333,14.08516667,26.963,2026-07-15T04:52:00.0000000,UTC+02:00,2026-07-15T02:52:00.0000000+00:00
423,11,35.25133333,14.08441667,26.951,2026-07-15T05:22:00.0000000,UTC+02:00,2026-07-15T03:22:00.0000000+00:00
424,11,35.24735,14.08335,26.933,2026-07-15T05:52:00.0000000,UTC+02:00,2026-07-15T03:52:00.0000000+00:00
425,11,35.24345,14.08236667,26.9,2026-07-15T06:22:01.0000000,UTC+02:00,2026-07-15T04:22:01.0000000+00:00
426,11,35.2401,14.08105,26.865,2026-07-15T06:52:00.0000000,UTC+02:00,2026-07-15T04:52:00.0000000+00:00
427,11,35.23686667,14.0795,26.827,2026-07-15T07:22:06.0000000,UTC+02:00,2026-07-15T05:22:06.0000000+00:00
428,11,35.2336,14.07845,26.812,2026-07-15T07:52:01.0000000,UTC+02:00,2026-07-15T05:52:01.0000000+00:00
429,11,35.23058333,14.07761667,26.841,2026-07-15T08:22:00.0000000,UTC+02:00,2026-07-15T06:22:00.0000000+00:00
430,11,35.2278,14.07695,26.874,2026-07-15T08:52:01.0000000,UTC+02:00,2026-07-15T06:52:01.0000000+00:00
431,11,35.22536667,14.07671667,26.957,2026-07-15T09:21:59.0000000,UTC+02:00,2026-07-15T07:21:59.0000000+00:00
432,11,35.22298333,14.07771667,27.039,2026-07-15T09:52:31.0000000,UTC+02:00,2026-07-15T07:52:31.0000000+00:00
433,11,35.22063333,14.07895,27.133,2026-07-15T10:22:20.0000000,UTC+02:00,2026-07-15T08:22:20.0000000+00:00
434,11,35.2182,14.07961667,27.235,2026-07-15T10:52:00.0000000,UTC+02:00,2026-07-15T08:52:00.0000000+00:00
435,11,35.21631667,14.08061667,27.332,2026-07-15T11:22:00.0000000,UTC+02:00,2026-07-15T09:22:00.0000000+00:00
436,11,35.21428333,14.08165,27.398,2026-07-15T11:52:01.0000000,UTC+02:00,2026-07-15T09:52:01.0000000+00:00
437,11,35.21235,14.08308333,27.424,2026-07-15T12:22:01.0000000,UTC+02:00,2026-07-15T10:22:01.0000000+00:00
438,11,35.21096667,14.08468333,27.456,2026-07-15T12:52:00.0000000,UTC+02:00,2026-07-15T10:52:00.0000000+00:00
439,11,35.20978333,14.0868,27.419,2026-07-15T13:22:00.0000000,UTC+02:00,2026-07-15T11:22:00.0000000+00:00
440,11,35.20883333,14.08926667,27.399,2026-07-15T13:52:19.0000000,UTC+02:00,2026-07-15T11:52:19.0000000+00:00
441,11,35.20825,14.09143333,27.47,2026-07-15T14:22:00.0000000,UTC+02:00,2026-07-15T12:22:00.0000000+00:00
442,11,35.20791667,14.0939,27.524,2026-07-15T14:52:01.0000000,UTC+02:00,2026-07-15T12:52:01.0000000+00:00
443,11,35.20733333,14.09708333,27.558,2026-07-15T15:22:01.0000000,UTC+02:00,2026-07-15T13:22:01.0000000+00:00
444,11,35.2068,14.10138333,27.567,2026-07-15T15:52:00.0000000,UTC+02:00,2026-07-15T13:52:00.0000000+00:00
445,11,35.20621667,14.10586667,27.598,2026-07-15T16:22:00.0000000,UTC+02:00,2026-07-15T14:22:00.0000000+00:00
446,11,35.20515,14.11136667,27.613,2026-07-15T16:52:00.0000000,UTC+02:00,2026-07-15T14:52:00.0000000+00:00
447,11,35.203,14.11741667,27.629,2026-07-15T17:23:01.0000000,UTC+02:00,2026-07-15T15:23:01.0000000+00:00
448,11,35.20066667,14.12316667,27.578,2026-07-15T17:52:01.0000000,UTC+02:00,2026-07-15T15:52:01.0000000+00:00
449,11,35.19826667,14.12891667,27.588,2026-07-15T18:22:02.0000000,UTC+02:00,2026-07-15T16:22:02.0000000+00:00
450,11,35.1958,14.1349,27.534,2026-07-15T18:52:01.0000000,UTC+02:00,2026-07-15T16:52:01.0000000+00:00
451,11,35.19381667,14.1408,27.509,2026-07-15T19:22:00.0000000,UTC+02:00,2026-07-15T17:22:00.0000000+00:00
452,11,35.19158333,14.14668333,27.415,2026-07-15T19:52:01.0000000,UTC+02:00,2026-07-15T17:52:01.0000000+00:00
453,11,35.18935,14.15241667,27.396,2026-07-15T20:22:00.0000000,UTC+02:00,2026-07-15T18:22:00.0000000+00:00
454,11,35.1866,14.15796667,27.377,2026-07-15T20:52:00.0000000,UTC+02:00,2026-07-15T18:52:00.0000000+00:00
455,11,35.1835,14.16301667,27.371,2026-07-15T21:22:01.0000000,UTC+02:00,2026-07-15T19:22:01.0000000+00:00
456,11,35.18031667,14.1671,27.336,2026-07-15T21:52:01.0000000,UTC+02:00,2026-07-15T19:52:01.0000000+00:00
457,11,35.17716667,14.17041667,27.293,2026-07-15T22:22:01.0000000,UTC+02:00,2026-07-15T20:22:01.0000000+00:00
458,11,35.17375,14.17325,27.275,2026-07-15T22:52:31.0000000,UTC+02:00,2026-07-15T20:52:31.0000000+00:00
459,11,35.17011667,14.17531667,27.247,2026-07-15T23:22:00.0000000,UTC+02:00,2026-07-15T21:22:00.0000000+00:00
460,11,35.16665,14.17696667,27.231,2026-07-15T23:52:01.0000000,UTC+02:00,2026-07-15T21:52:01.0000000+00:00
461,11,35.16368333,14.17838333,27.206,2026-07-16T00:22:00.0000000,UTC+02:00,2026-07-15T22:22:00.0000000+00:00
462,11,35.16075,14.17983333,27.201,2026-07-16T00:52:00.0000000,UTC+02:00,2026-07-15T22:52:00.0000000+00:00
463,11,35.15825,14.18078333,27.209,2026-07-16T01:22:18.0000000,UTC+02:00,2026-07-15T23:22:18.0000000+00:00
464,11,35.15635,14.18158333,27.219,2026-07-16T01:52:01.0000000,UTC+02:00,2026-07-15T23:52:01.0000000+00:00
465,11,35.15495,14.18205,27.199,2026-07-16T02:22:00.0000000,UTC+02:00,2026-07-16T00:22:00.0000000+00:00
466,11,35.15401667,14.18246667,27.217,2026-07-16T02:52:00.0000000,UTC+02:00,2026-07-16T00:52:00.0000000+00:00
467,11,35.1531,14.1829,27.217,2026-07-16T03:22:00.0000000,UTC+02:00,2026-07-16T01:22:00.0000000+00:00
468,11,35.15166667,14.18303333,27.213,2026-07-16T03:52:20.0000000,UTC+02:00,2026-07-16T01:52:20.0000000+00:00
469,11,35.1501,14.18326667,27.226,2026-07-16T04:22:00.0000000,UTC+02:00,2026-07-16T02:22:00.0000000+00:00
470,11,35.14821667,14.18381667,27.219,2026-07-16T04:52:01.0000000,UTC+02:00,2026-07-16T02:52:01.0000000+00:00
471,11,35.14646667,14.18478333,27.237,2026-07-16T05:22:01.0000000,UTC+02:00,2026-07-16T03:22:01.0000000+00:00
472,11,35.14458333,14.1864,27.223,2026-07-16T05:52:00.0000000,UTC+02:00,2026-07-16T03:52:00.0000000+00:00
473,11,35.14256667,14.18785,27.202,2026-07-16T06:22:00.0000000,UTC+02:00,2026-07-16T04:22:00.0000000+00:00
474,11,35.13975,14.1887,27.217,2026-07-16T06:51:59.0000000,UTC+02:00,2026-07-16T04:51:59.0000000+00:00
475,11,35.13658333,14.18895,27.227,2026-07-16T07:22:01.0000000,UTC+02:00,2026-07-16T05:22:01.0000000+00:00
476,11,35.13325,14.18923333,27.233,2026-07-16T07:51:59.0000000,UTC+02:00,2026-07-16T05:51:59.0000000+00:00
477,11,35.13015,14.18931667,27.233,2026-07-16T08:22:00.0000000,UTC+02:00,2026-07-16T06:22:00.0000000+00:00
478,11,35.12716667,14.18928333,27.28,2026-07-16T08:51:59.0000000,UTC+02:00,2026-07-16T06:51:59.0000000+00:00
479,11,35.1244,14.18898333,27.302,2026-07-16T09:21:59.0000000,UTC+02:00,2026-07-16T07:21:59.0000000+00:00
480,11,35.12181667,14.18851667,27.401,2026-07-16T09:51:59.0000000,UTC+02:00,2026-07-16T07:51:59.0000000+00:00
481,11,35.1192,14.18776667,27.486,2026-07-16T10:21:59.0000000,UTC+02:00,2026-07-16T08:21:59.0000000+00:00
482,11,35.11671667,14.18635,27.579,2026-07-16T10:52:02.0000000,UTC+02:00,2026-07-16T08:52:02.0000000+00:00
483,11,35.11465,14.18446667,27.79,2026-07-16T11:21:59.0000000,UTC+02:00,2026-07-16T09:21:59.0000000+00:00
484,11,35.11273333,14.18256667,28.093,2026-07-16T11:52:00.0000000,UTC+02:00,2026-07-16T09:52:00.0000000+00:00
485,11,35.11145,14.18083333,28.367,2026-07-16T12:22:01.0000000,UTC+02:00,2026-07-16T10:22:01.0000000+00:00
486,11,35.11068333,14.17908333,28.578,2026-07-16T12:52:01.0000000,UTC+02:00,2026-07-16T10:52:01.0000000+00:00
487,11,35.11025,14.17713333,28.954,2026-07-16T13:22:00.0000000,UTC+02:00,2026-07-16T11:22:00.0000000+00:00
488,11,35.11055,14.17526667,29.693,2026-07-16T13:52:01.0000000,UTC+02:00,2026-07-16T11:52:01.0000000+00:00
489,11,35.11103333,14.17401667,29.618,2026-07-16T14:22:00.0000000,UTC+02:00,2026-07-16T12:22:00.0000000+00:00
490,11,35.11196667,14.17381667,30.761,2026-07-16T14:52:01.0000000,UTC+02:00,2026-07-16T12:52:01.0000000+00:00
491,11,35.11305,14.17473333,31.059,2026-07-16T15:22:02.0000000,UTC+02:00,2026-07-16T13:22:02.0000000+00:00
492,11,35.11433333,14.1774,31.111,2026-07-16T15:51:59.0000000,UTC+02:00,2026-07-16T13:51:59.0000000+00:00
493,11,35.1138,14.1813,30.222,2026-07-16T16:22:00.0000000,UTC+02:00,2026-07-16T14:22:00.0000000+00:00
494,11,35.11275,14.18545,30.052,2026-07-16T16:52:01.0000000,UTC+02:00,2026-07-16T14:52:01.0000000+00:00
495,11,35.11091667,14.18996667,30.163,2026-07-16T17:21:59.0000000,UTC+02:00,2026-07-16T15:21:59.0000000+00:00
496,11,35.10875,14.19515,30.173,2026-07-16T17:51:59.0000000,UTC+02:00,2026-07-16T15:51:59.0000000+00:00
497,11,35.10638333,14.201,29.97,2026-07-16T18:22:01.0000000,UTC+02:00,2026-07-16T16:22:01.0000000+00:00
498,11,35.10361667,14.20738333,30,2026-07-16T18:52:00.0000000,UTC+02:00,2026-07-16T16:52:00.0000000+00:00
499,11,35.10063333,14.21408333,29.739,2026-07-16T19:21:59.0000000,UTC+02:00,2026-07-16T17:21:59.0000000+00:00
500,11,35.0974,14.21983333,29.623,2026-07-16T19:52:19.0000000,UTC+02:00,2026-07-16T17:52:19.0000000+00:00
501,11,35.09436667,14.22505,29.405,2026-07-16T20:21:59.0000000,UTC+02:00,2026-07-16T18:21:59.0000000+00:00
502,11,35.09066667,14.23001667,29.189,2026-07-16T20:51:59.0000000,UTC+02:00,2026-07-16T18:51:59.0000000+00:00
503,11,35.0864,14.2347,28.988,2026-07-16T21:22:01.0000000,UTC+02:00,2026-07-16T19:22:01.0000000+00:00
504,11,35.08173333,14.23866667,29.006,2026-07-16T21:52:01.0000000,UTC+02:00,2026-07-16T19:52:01.0000000+00:00
505,11,35.07718333,14.242,28.92,2026-07-16T22:22:00.0000000,UTC+02:00,2026-07-16T20:22:00.0000000+00:00
506,11,35.07323333,14.24468333,28.893,2026-07-16T22:52:01.0000000,UTC+02:00,2026-07-16T20:52:01.0000000+00:00
507,11,35.0695,14.24678333,28.867,2026-07-16T23:22:00.0000000,UTC+02:00,2026-07-16T21:22:00.0000000+00:00
508,11,35.06581667,14.24853333,28.763,2026-07-16T23:52:00.0000000,UTC+02:00,2026-07-16T21:52:00.0000000+00:00
509,11,35.06225,14.2501,28.725,2026-07-17T00:22:01.0000000,UTC+02:00,2026-07-16T22:22:01.0000000+00:00
510,11,35.05903333,14.25168333,28.639,2026-07-17T00:52:01.0000000,UTC+02:00,2026-07-16T22:52:01.0000000+00:00
511,11,35.05635,14.25363333,28.569,2026-07-17T01:22:00.0000000,UTC+02:00,2026-07-16T23:22:00.0000000+00:00
512,11,35.0535,14.25636667,28.507,2026-07-17T01:52:00.0000000,UTC+02:00,2026-07-16T23:52:00.0000000+00:00
513,11,35.05071667,14.25926667,28.469,2026-07-17T02:22:00.0000000,UTC+02:00,2026-07-17T00:22:00.0000000+00:00
514,11,35.04823333,14.262,28.363,2026-07-17T02:51:59.0000000,UTC+02:00,2026-07-17T00:51:59.0000000+00:00
515,11,35.0458,14.26478333,28.189,2026-07-17T03:22:00.0000000,UTC+02:00,2026-07-17T01:22:00.0000000+00:00
516,11,35.04315,14.26781667,28.112,2026-07-17T03:52:31.0000000,UTC+02:00,2026-07-17T01:52:31.0000000+00:00
517,11,35.04066667,14.27138333,27.999,2026-07-17T04:22:00.0000000,UTC+02:00,2026-07-17T02:22:00.0000000+00:00
518,11,35.03803333,14.27521667,27.945,2026-07-17T04:52:00.0000000,UTC+02:00,2026-07-17T02:52:00.0000000+00:00
519,11,35.0356,14.27955,27.896,2026-07-17T05:22:01.0000000,UTC+02:00,2026-07-17T03:22:01.0000000+00:00
520,11,35.03256667,14.2839,27.89,2026-07-17T05:52:00.0000000,UTC+02:00,2026-07-17T03:52:00.0000000+00:00
521,11,35.02945,14.28811667,27.893,2026-07-17T06:22:00.0000000,UTC+02:00,2026-07-17T04:22:00.0000000+00:00
522,11,35.02623333,14.29121667,27.907,2026-07-17T06:52:00.0000000,UTC+02:00,2026-07-17T04:52:00.0000000+00:00
523,11,35.02265,14.29371667,27.886,2026-07-17T07:22:00.0000000,UTC+02:00,2026-07-17T05:22:00.0000000+00:00
524,11,35.01865,14.29655,27.819,2026-07-17T07:52:00.0000000,UTC+02:00,2026-07-17T05:52:00.0000000+00:00
525,11,35.01441667,14.29996667,27.741,2026-07-17T08:22:01.0000000,UTC+02:00,2026-07-17T06:22:01.0000000+00:00
526,11,35.01006667,14.30413333,27.714,2026-07-17T08:52:00.0000000,UTC+02:00,2026-07-17T06:52:00.0000000+00:00
527,11,35.0057,14.30878333,27.721,2026-07-17T09:22:01.0000000,UTC+02:00,2026-07-17T07:22:01.0000000+00:00
528,11,35.0009,14.31381667,27.773,2026-07-17T09:52:25.0000000,UTC+02:00,2026-07-17T07:52:25.0000000+00:00
529,11,34.99588333,14.31885,27.81,2026-07-17T10:22:00.0000000,UTC+02:00,2026-07-17T08:22:00.0000000+00:00
530,11,34.99091667,14.32355,27.863,2026-07-17T10:52:00.0000000,UTC+02:00,2026-07-17T08:52:00.0000000+00:00
531,11,34.98595,14.32656667,27.999,2026-07-17T11:22:00.0000000,UTC+02:00,2026-07-17T09:22:00.0000000+00:00
532,11,34.98086667,14.32853333,28.128,2026-07-17T11:52:01.0000000,UTC+02:00,2026-07-17T09:52:01.0000000+00:00
533,11,34.97548333,14.32996667,28.126,2026-07-17T12:22:00.0000000,UTC+02:00,2026-07-17T10:22:00.0000000+00:00
534,11,34.96975,14.33238333,28.249,2026-07-17T12:52:17.0000000,UTC+02:00,2026-07-17T10:52:17.0000000+00:00
535,11,34.96493333,14.33368333,28.435,2026-07-17T13:22:00.0000000,UTC+02:00,2026-07-17T11:22:00.0000000+00:00
536,11,34.96015,14.3338,28.628,2026-07-17T13:52:01.0000000,UTC+02:00,2026-07-17T11:52:01.0000000+00:00
537,11,34.95578333,14.33308333,28.701,2026-07-17T14:22:00.0000000,UTC+02:00,2026-07-17T12:22:00.0000000+00:00
538,11,34.95241667,14.33158333,28.743,2026-07-17T14:52:00.0000000,UTC+02:00,2026-07-17T12:52:00.0000000+00:00
539,11,34.94938333,14.32893333,28.79,2026-07-17T15:22:00.0000000,UTC+02:00,2026-07-17T13:22:00.0000000+00:00
540,11,34.94691667,14.32681667,28.775,2026-07-17T15:52:00.0000000,UTC+02:00,2026-07-17T13:52:00.0000000+00:00
541,11,34.9454,14.32453333,28.885,2026-07-17T16:22:12.0000000,UTC+02:00,2026-07-17T14:22:12.0000000+00:00
542,11,34.94481667,14.3222,28.651,2026-07-17T16:52:02.0000000,UTC+02:00,2026-07-17T14:52:02.0000000+00:00
543,11,34.94475,14.32056667,28.614,2026-07-17T17:22:00.0000000,UTC+02:00,2026-07-17T15:22:00.0000000+00:00
544,11,34.94541667,14.31956667,28.652,2026-07-17T17:52:05.0000000,UTC+02:00,2026-07-17T15:52:05.0000000+00:00
545,11,34.9466,14.31951667,28.698,2026-07-17T18:22:01.0000000,UTC+02:00,2026-07-17T16:22:01.0000000+00:00
546,11,34.94876667,14.32105,28.661,2026-07-17T18:52:01.0000000,UTC+02:00,2026-07-17T16:52:01.0000000+00:00
547,11,34.95073333,14.32345,28.617,2026-07-17T19:22:01.0000000,UTC+02:00,2026-07-17T17:22:01.0000000+00:00
548,11,34.95238333,14.32655,28.568,2026-07-17T19:52:00.0000000,UTC+02:00,2026-07-17T17:52:00.0000000+00:00
549,11,34.95398333,14.33033333,28.505,2026-07-17T20:22:00.0000000,UTC+02:00,2026-07-17T18:22:00.0000000+00:00
550,11,34.95495,14.33498333,28.437,2026-07-17T20:52:00.0000000,UTC+02:00,2026-07-17T18:52:00.0000000+00:00
551,11,34.95628333,14.34,28.365,2026-07-17T21:21:59.0000000,UTC+02:00,2026-07-17T19:21:59.0000000+00:00
552,11,34.95855,14.34556667,28.299,2026-07-17T21:52:00.0000000,UTC+02:00,2026-07-17T19:52:00.0000000+00:00
553,11,34.96063333,14.35183333,28.165,2026-07-17T22:22:00.0000000,UTC+02:00,2026-07-17T20:22:00.0000000+00:00
554,11,34.96213333,14.35866667,28.117,2026-07-17T22:52:00.0000000,UTC+02:00,2026-07-17T20:52:00.0000000+00:00
555,11,34.96288333,14.36626667,28.123,2026-07-17T23:22:00.0000000,UTC+02:00,2026-07-17T21:22:00.0000000+00:00
556,11,34.96291667,14.37416667,28.137,2026-07-17T23:52:00.0000000,UTC+02:00,2026-07-17T21:52:00.0000000+00:00
557,11,34.9625,14.38276667,28.142,2026-07-18T00:22:00.0000000,UTC+02:00,2026-07-17T22:22:00.0000000+00:00
558,11,34.96168333,14.39088333,28.14,2026-07-18T00:52:00.0000000,UTC+02:00,2026-07-17T22:52:00.0000000+00:00
559,11,34.96041667,14.39865,28.117,2026-07-18T01:22:01.0000000,UTC+02:00,2026-07-17T23:22:01.0000000+00:00
560,11,34.95878333,14.40678333,28.096,2026-07-18T01:52:25.0000000,UTC+02:00,2026-07-17T23:52:25.0000000+00:00
561,11,34.95683333,14.41468333,28.073,2026-07-18T02:22:00.0000000,UTC+02:00,2026-07-18T00:22:00.0000000+00:00
562,11,34.95423333,14.42261667,28.089,2026-07-18T02:52:00.0000000,UTC+02:00,2026-07-18T00:52:00.0000000+00:00
563,11,34.95123333,14.43073333,28.047,2026-07-18T03:22:00.0000000,UTC+02:00,2026-07-18T01:22:00.0000000+00:00
564,11,34.94826667,14.43793333,28.024,2026-07-18T03:52:00.0000000,UTC+02:00,2026-07-18T01:52:00.0000000+00:00
565,11,34.94558333,14.44516667,27.98,2026-07-18T04:22:00.0000000,UTC+02:00,2026-07-18T02:22:00.0000000+00:00
566,11,34.94285,14.45248333,27.999,2026-07-18T04:52:00.0000000,UTC+02:00,2026-07-18T02:52:00.0000000+00:00
567,11,34.94001667,14.45895,27.975,2026-07-18T05:22:00.0000000,UTC+02:00,2026-07-18T03:22:00.0000000+00:00
568,11,34.93683333,14.46538333,27.969,2026-07-18T05:52:00.0000000,UTC+02:00,2026-07-18T03:52:00.0000000+00:00
569,11,34.93365,14.47131667,27.974,2026-07-18T06:22:00.0000000,UTC+02:00,2026-07-18T04:22:00.0000000+00:00
570,11,34.93023333,14.47688333,27.93,2026-07-18T06:52:00.0000000,UTC+02:00,2026-07-18T04:52:00.0000000+00:00
571,11,34.92695,14.48223333,27.913,2026-07-18T07:22:00.0000000,UTC+02:00,2026-07-18T05:22:00.0000000+00:00
572,11,34.92326667,14.48813333,27.912,2026-07-18T07:52:01.0000000,UTC+02:00,2026-07-18T05:52:01.0000000+00:00
573,11,34.91936667,14.49418333,27.909,2026-07-18T08:22:00.0000000,UTC+02:00,2026-07-18T06:22:00.0000000+00:00
574,11,34.91545,14.50031667,27.978,2026-07-18T08:52:00.0000000,UTC+02:00,2026-07-18T06:52:00.0000000+00:00
575,11,34.91088333,14.50605,28.168,2026-07-18T09:22:00.0000000,UTC+02:00,2026-07-18T07:22:00.0000000+00:00
576,11,34.90591667,14.51176667,28.422,2026-07-18T09:52:00.0000000,UTC+02:00,2026-07-18T07:52:00.0000000+00:00
577,11,34.9006,14.51791667,28.571,2026-07-18T10:22:01.0000000,UTC+02:00,2026-07-18T08:22:01.0000000+00:00
578,11,34.89505,14.52398333,28.805,2026-07-18T10:52:00.0000000,UTC+02:00,2026-07-18T08:52:00.0000000+00:00
579,11,34.88975,14.52916667,29.175,2026-07-18T11:22:00.0000000,UTC+02:00,2026-07-18T09:22:00.0000000+00:00
580,11,34.885,14.53443333,29.058,2026-07-18T11:52:01.0000000,UTC+02:00,2026-07-18T09:52:01.0000000+00:00
581,11,34.8808,14.53991667,29.142,2026-07-18T12:22:01.0000000,UTC+02:00,2026-07-18T10:22:01.0000000+00:00
582,11,34.87695,14.54438333,29.222,2026-07-18T12:52:00.0000000,UTC+02:00,2026-07-18T10:52:00.0000000+00:00
583,11,34.87376667,14.54798333,29.239,2026-07-18T13:22:00.0000000,UTC+02:00,2026-07-18T11:22:00.0000000+00:00
584,11,34.8716,14.55115,29.364,2026-07-18T13:52:00.0000000,UTC+02:00,2026-07-18T11:52:00.0000000+00:00
585,11,34.87011667,14.55385,29.439,2026-07-18T14:22:00.0000000,UTC+02:00,2026-07-18T12:22:00.0000000+00:00
586,11,34.86861667,14.55681667,29.425,2026-07-18T14:52:01.0000000,UTC+02:00,2026-07-18T12:52:01.0000000+00:00
587,11,34.86701667,14.56026667,29.379,2026-07-18T15:22:00.0000000,UTC+02:00,2026-07-18T13:22:00.0000000+00:00
588,11,34.86616667,14.56475,29.413,2026-07-18T15:52:00.0000000,UTC+02:00,2026-07-18T13:52:00.0000000+00:00
589,11,34.8654,14.57063333,29.326,2026-07-18T16:22:00.0000000,UTC+02:00,2026-07-18T14:22:00.0000000+00:00
590,11,34.86486667,14.57653333,29.228,2026-07-18T16:52:00.0000000,UTC+02:00,2026-07-18T14:52:00.0000000+00:00
591,11,34.86475,14.58331667,29.145,2026-07-18T17:22:00.0000000,UTC+02:00,2026-07-18T15:22:00.0000000+00:00
592,11,34.86425,14.59058333,29.04,2026-07-18T17:52:01.0000000,UTC+02:00,2026-07-18T15:52:01.0000000+00:00
593,11,34.86323333,14.59763333,28.986,2026-07-18T18:22:25.0000000,UTC+02:00,2026-07-18T16:22:25.0000000+00:00
594,11,34.86205,14.60485,28.956,2026-07-18T18:52:31.0000000,UTC+02:00,2026-07-18T16:52:31.0000000+00:00
595,11,34.86066667,14.61198333,28.948,2026-07-18T19:22:00.0000000,UTC+02:00,2026-07-18T17:22:00.0000000+00:00
596,11,34.85926667,14.6197,28.952,2026-07-18T19:52:01.0000000,UTC+02:00,2026-07-18T17:52:01.0000000+00:00
597,11,34.85748333,14.62768333,28.958,2026-07-18T20:22:19.0000000,UTC+02:00,2026-07-18T18:22:19.0000000+00:00
598,11,34.85498333,14.63573333,28.931,2026-07-18T20:52:01.0000000,UTC+02:00,2026-07-18T18:52:01.0000000+00:00
599,11,34.85178333,14.6438,28.931,2026-07-18T21:22:00.0000000,UTC+02:00,2026-07-18T19:22:00.0000000+00:00
600,11,34.84803333,14.6525,28.902,2026-07-18T21:52:01.0000000,UTC+02:00,2026-07-18T19:52:01.0000000+00:00
601,11,34.84378333,14.66088333,28.88,2026-07-18T22:22:00.0000000,UTC+02:00,2026-07-18T20:22:00.0000000+00:00
602,11,34.83896667,14.66925,28.88,2026-07-18T22:52:00.0000000,UTC+02:00,2026-07-18T20:52:00.0000000+00:00
603,11,34.83376667,14.67681667,28.861,2026-07-18T23:22:00.0000000,UTC+02:00,2026-07-18T21:22:00.0000000+00:00
604,11,34.82805,14.68398333,28.832,2026-07-18T23:52:00.0000000,UTC+02:00,2026-07-18T21:52:00.0000000+00:00
605,11,34.82145,14.69083333,28.842,2026-07-19T00:22:00.0000000,UTC+02:00,2026-07-18T22:22:00.0000000+00:00
606,11,34.81365,14.69711667,28.815,2026-07-19T00:52:00.0000000,UTC+02:00,2026-07-18T22:52:00.0000000+00:00
607,11,34.80571667,14.70243333,28.787,2026-07-19T01:22:02.0000000,UTC+02:00,2026-07-18T23:22:02.0000000+00:00
608,11,34.79806667,14.70746667,28.73,2026-07-19T01:52:20.0000000,UTC+02:00,2026-07-18T23:52:20.0000000+00:00
609,11,34.79013333,14.71138333,28.71,2026-07-19T02:22:20.0000000,UTC+02:00,2026-07-19T00:22:20.0000000+00:00
610,11,34.78241667,14.7146,28.659,2026-07-19T02:52:00.0000000,UTC+02:00,2026-07-19T00:52:00.0000000+00:00
611,11,34.77493333,14.71723333,28.617,2026-07-19T03:22:00.0000000,UTC+02:00,2026-07-19T01:22:00.0000000+00:00
612,11,34.76703333,14.71975,28.611,2026-07-19T03:52:31.0000000,UTC+02:00,2026-07-19T01:52:31.0000000+00:00
613,11,34.75898333,14.72146667,28.59,2026-07-19T04:22:04.0000000,UTC+02:00,2026-07-19T02:22:04.0000000+00:00
614,11,34.75078333,14.7233,28.573,2026-07-19T04:52:00.0000000,UTC+02:00,2026-07-19T02:52:00.0000000+00:00
615,11,34.74306667,14.72483333,28.565,2026-07-19T05:22:00.0000000,UTC+02:00,2026-07-19T03:22:00.0000000+00:00
616,11,34.73548333,14.72608333,28.547,2026-07-19T05:52:00.0000000,UTC+02:00,2026-07-19T03:52:00.0000000+00:00
617,11,34.72801667,14.72643333,28.551,2026-07-19T06:22:00.0000000,UTC+02:00,2026-07-19T04:22:00.0000000+00:00
618,11,34.72108333,14.72611667,28.542,2026-07-19T06:52:00.0000000,UTC+02:00,2026-07-19T04:52:00.0000000+00:00
619,11,34.71465,14.72585,28.549,2026-07-19T07:22:01.0000000,UTC+02:00,2026-07-19T05:22:01.0000000+00:00
620,11,34.70846667,14.72541667,28.564,2026-07-19T07:52:00.0000000,UTC+02:00,2026-07-19T05:52:00.0000000+00:00
621,11,34.70248333,14.72428333,28.583,2026-07-19T08:22:00.0000000,UTC+02:00,2026-07-19T06:22:00.0000000+00:00
622,11,34.69716667,14.72296667,28.609,2026-07-19T08:52:00.0000000,UTC+02:00,2026-07-19T06:52:00.0000000+00:00
623,11,34.6926,14.72065,28.651,2026-07-19T09:22:01.0000000,UTC+02:00,2026-07-19T07:22:01.0000000+00:00
624,11,34.68846667,14.71815,28.705,2026-07-19T09:52:31.0000000,UTC+02:00,2026-07-19T07:52:31.0000000+00:00
625,11,34.68496667,14.71561667,28.811,2026-07-19T10:22:00.0000000,UTC+02:00,2026-07-19T08:22:00.0000000+00:00
626,11,34.682,14.71298333,28.946,2026-07-19T10:52:01.0000000,UTC+02:00,2026-07-19T08:52:01.0000000+00:00
627,11,34.6803,14.7101,29.088,2026-07-19T11:22:00.0000000,UTC+02:00,2026-07-19T09:22:00.0000000+00:00
628,11,34.67941667,14.70735,29.086,2026-07-19T11:52:00.0000000,UTC+02:00,2026-07-19T09:52:00.0000000+00:00
629,11,34.67906667,14.70546667,29.136,2026-07-19T12:22:00.0000000,UTC+02:00,2026-07-19T10:22:00.0000000+00:00
630,11,34.67951667,14.70428333,29.177,2026-07-19T12:52:00.0000000,UTC+02:00,2026-07-19T10:52:00.0000000+00:00
631,11,34.6806,14.70406667,29.388,2026-07-19T13:22:00.0000000,UTC+02:00,2026-07-19T11:22:00.0000000+00:00
632,11,34.68278333,14.70563333,29.406,2026-07-19T13:52:00.0000000,UTC+02:00,2026-07-19T11:52:00.0000000+00:00
633,11,34.68493333,14.70805,29.495,2026-07-19T14:22:00.0000000,UTC+02:00,2026-07-19T12:22:00.0000000+00:00
634,11,34.68706667,14.71225,29.491,2026-07-19T14:52:00.0000000,UTC+02:00,2026-07-19T12:52:00.0000000+00:00
635,11,34.68866667,14.71801667,29.36,2026-07-19T15:22:00.0000000,UTC+02:00,2026-07-19T13:22:00.0000000+00:00
636,11,34.68928333,14.72533333,29.275,2026-07-19T15:52:00.0000000,UTC+02:00,2026-07-19T13:52:00.0000000+00:00
637,11,34.68921667,14.73333333,29.363,2026-07-19T16:22:00.0000000,UTC+02:00,2026-07-19T14:22:00.0000000+00:00
638,11,34.68871667,14.74195,29.392,2026-07-19T16:52:01.0000000,UTC+02:00,2026-07-19T14:52:01.0000000+00:00
639,11,34.68746667,14.75178333,29.186,2026-07-19T17:22:01.0000000,UTC+02:00,2026-07-19T15:22:01.0000000+00:00
640,11,34.685,14.76205,29.294,2026-07-19T17:52:01.0000000,UTC+02:00,2026-07-19T15:52:01.0000000+00:00
641,11,34.68086667,14.7729,29.347,2026-07-19T18:22:00.0000000,UTC+02:00,2026-07-19T16:22:00.0000000+00:00
642,11,34.67478333,14.78408333,29.294,2026-07-19T18:52:00.0000000,UTC+02:00,2026-07-19T16:52:00.0000000+00:00
643,11,34.66783333,14.79455,29.234,2026-07-19T19:22:00.0000000,UTC+02:00,2026-07-19T17:22:00.0000000+00:00
644,11,34.66058333,14.80425,29.196,2026-07-19T19:52:00.0000000,UTC+02:00,2026-07-19T17:52:00.0000000+00:00
645,11,34.65288333,14.81345,29.159,2026-07-19T20:22:00.0000000,UTC+02:00,2026-07-19T18:22:00.0000000+00:00
646,11,34.64481667,14.8221,29.146,2026-07-19T20:52:00.0000000,UTC+02:00,2026-07-19T18:52:00.0000000+00:00
647,11,34.63623333,14.83013333,29.166,2026-07-19T21:22:00.0000000,UTC+02:00,2026-07-19T19:22:00.0000000+00:00
648,11,34.62701667,14.83723333,29.121,2026-07-19T21:52:00.0000000,UTC+02:00,2026-07-19T19:52:00.0000000+00:00
649,11,34.61773333,14.84375,29.092,2026-07-19T22:22:00.0000000,UTC+02:00,2026-07-19T20:22:00.0000000+00:00
650,11,34.60833333,14.84925,29.057,2026-07-19T22:52:00.0000000,UTC+02:00,2026-07-19T20:52:00.0000000+00:00
651,11,34.59903333,14.85358333,29.033,2026-07-19T23:22:00.0000000,UTC+02:00,2026-07-19T21:22:00.0000000+00:00
652,11,34.58985,14.85668333,29.019,2026-07-19T23:52:00.0000000,UTC+02:00,2026-07-19T21:52:00.0000000+00:00
653,11,34.5812,14.85925,29,2026-07-20T00:22:00.0000000,UTC+02:00,2026-07-19T22:22:00.0000000+00:00
654,11,34.57253333,14.86063333,28.999,2026-07-20T00:52:01.0000000,UTC+02:00,2026-07-19T22:52:01.0000000+00:00
655,11,34.56461667,14.86155,28.979,2026-07-20T01:22:01.0000000,UTC+02:00,2026-07-19T23:22:01.0000000+00:00
656,11,34.557,14.86216667,28.976,2026-07-20T01:52:00.0000000,UTC+02:00,2026-07-19T23:52:00.0000000+00:00
657,11,34.55023333,14.86331667,28.99,2026-07-20T02:22:00.0000000,UTC+02:00,2026-07-20T00:22:00.0000000+00:00
658,11,34.54443333,14.86478333,28.991,2026-07-20T02:52:00.0000000,UTC+02:00,2026-07-20T00:52:00.0000000+00:00
659,11,34.54006667,14.86676667,28.978,2026-07-20T03:22:01.0000000,UTC+02:00,2026-07-20T01:22:01.0000000+00:00
660,11,34.53633333,14.86928333,28.983,2026-07-20T03:52:01.0000000,UTC+02:00,2026-07-20T01:52:01.0000000+00:00
661,11,34.53316667,14.8728,29.011,2026-07-20T04:22:00.0000000,UTC+02:00,2026-07-20T02:22:00.0000000+00:00
662,11,34.53038333,14.8767,29.015,2026-07-20T04:52:00.0000000,UTC+02:00,2026-07-20T02:52:00.0000000+00:00
663,11,34.52793333,14.88133333,28.997,2026-07-20T05:22:00.0000000,UTC+02:00,2026-07-20T03:22:00.0000000+00:00
664,11,34.525,14.88715,28.984,2026-07-20T05:52:00.0000000,UTC+02:00,2026-07-20T03:52:00.0000000+00:00
665,11,34.52233333,14.89325,28.973,2026-07-20T06:22:00.0000000,UTC+02:00,2026-07-20T04:22:00.0000000+00:00
666,11,34.5192,14.90073333,28.988,2026-07-20T06:52:00.0000000,UTC+02:00,2026-07-20T04:52:00.0000000+00:00
667,11,34.51593333,14.90826667,28.971,2026-07-20T07:22:00.0000000,UTC+02:00,2026-07-20T05:22:00.0000000+00:00
668,11,34.51268333,14.91621667,28.977,2026-07-20T07:52:00.0000000,UTC+02:00,2026-07-20T05:52:00.0000000+00:00
669,11,34.50975,14.92515,29.004,2026-07-20T08:22:00.0000000,UTC+02:00,2026-07-20T06:22:00.0000000+00:00
670,11,34.50653333,14.93446667,29.033,2026-07-20T08:52:00.0000000,UTC+02:00,2026-07-20T06:52:00.0000000+00:00
671,11,34.50355,14.94418333,29.114,2026-07-20T09:22:00.0000000,UTC+02:00,2026-07-20T07:22:00.0000000+00:00
672,11,34.501,14.95423333,29.224,2026-07-20T09:52:00.0000000,UTC+02:00,2026-07-20T07:52:00.0000000+00:00
673,11,34.49915,14.96511667,29.309,2026-07-20T10:22:00.0000000,UTC+02:00,2026-07-20T08:22:00.0000000+00:00
674,11,34.49773333,14.97681667,29.331,2026-07-20T10:52:00.0000000,UTC+02:00,2026-07-20T08:52:00.0000000+00:00
675,11,34.4961,14.9891,29.37,2026-07-20T11:22:00.0000000,UTC+02:00,2026-07-20T09:22:00.0000000+00:00
676,11,34.49426667,15.00123333,29.55,2026-07-20T11:52:00.0000000,UTC+02:00,2026-07-20T09:52:00.0000000+00:00
677,11,34.49161667,15.01348333,29.48,2026-07-20T12:22:00.0000000,UTC+02:00,2026-07-20T10:22:00.0000000+00:00
678,11,34.4891,15.0254,29.681,2026-07-20T12:52:00.0000000,UTC+02:00,2026-07-20T10:52:00.0000000+00:00
679,11,34.4863,15.03821667,29.635,2026-07-20T13:22:00.0000000,UTC+02:00,2026-07-20T11:22:00.0000000+00:00
680,11,34.48326667,15.05108333,29.683,2026-07-20T13:52:00.0000000,UTC+02:00,2026-07-20T11:52:00.0000000+00:00
681,11,34.47938333,15.06381667,29.719,2026-07-20T14:22:00.0000000,UTC+02:00,2026-07-20T12:22:00.0000000+00:00
682,11,34.47478333,15.07618333,29.683,2026-07-20T14:52:00.0000000,UTC+02:00,2026-07-20T12:52:00.0000000+00:00
683,11,34.46931667,15.08801667,29.674,2026-07-20T15:22:00.0000000,UTC+02:00,2026-07-20T13:22:00.0000000+00:00
684,11,34.46271667,15.09873333,29.72,2026-07-20T15:52:00.0000000,UTC+02:00,2026-07-20T13:52:00.0000000+00:00
685,11,34.45535,15.10861667,29.673,2026-07-20T16:22:25.0000000,UTC+02:00,2026-07-20T14:22:25.0000000+00:00
686,11,34.44783333,15.11738333,29.598,2026-07-20T16:52:00.0000000,UTC+02:00,2026-07-20T14:52:00.0000000+00:00
687,11,34.43971667,15.12545,29.629,2026-07-20T17:22:00.0000000,UTC+02:00,2026-07-20T15:22:00.0000000+00:00
688,11,34.43196667,15.13293333,29.651,2026-07-20T17:52:01.0000000,UTC+02:00,2026-07-20T15:52:01.0000000+00:00
689,11,34.42496667,15.13963333,29.649,2026-07-20T18:22:00.0000000,UTC+02:00,2026-07-20T16:22:00.0000000+00:00
690,11,34.41836667,15.14538333,29.649,2026-07-20T18:52:00.0000000,UTC+02:00,2026-07-20T16:52:00.0000000+00:00
691,11,34.41253333,15.15,29.659,2026-07-20T19:22:00.0000000,UTC+02:00,2026-07-20T17:22:00.0000000+00:00
692,11,34.40751667,15.15368333,29.623,2026-07-20T19:52:00.0000000,UTC+02:00,2026-07-20T17:52:00.0000000+00:00
693,11,34.4034,15.15711667,29.637,2026-07-20T20:22:00.0000000,UTC+02:00,2026-07-20T18:22:00.0000000+00:00
694,11,34.40061667,15.1607,29.593,2026-07-20T20:52:00.0000000,UTC+02:00,2026-07-20T18:52:00.0000000+00:00
695,11,34.39846667,15.16405,29.55,2026-07-20T21:22:00.0000000,UTC+02:00,2026-07-20T19:22:00.0000000+00:00
696,11,34.39741667,15.16716667,29.618,2026-07-20T21:52:00.0000000,UTC+02:00,2026-07-20T19:52:00.0000000+00:00
697,11,34.39676667,15.17023333,29.622,2026-07-20T22:22:00.0000000,UTC+02:00,2026-07-20T20:22:00.0000000+00:00
698,11,34.39625,15.1734,29.591,2026-07-20T22:52:00.0000000,UTC+02:00,2026-07-20T20:52:00.0000000+00:00
699,11,34.39576667,15.17635,29.549,2026-07-20T23:22:00.0000000,UTC+02:00,2026-07-20T21:22:00.0000000+00:00
700,11,34.39543333,15.17905,29.505,2026-07-20T23:52:00.0000000,UTC+02:00,2026-07-20T21:52:00.0000000+00:00
701,11,34.39578333,15.18225,29.489,2026-07-21T00:22:00.0000000,UTC+02:00,2026-07-20T22:22:00.0000000+00:00
702,11,34.39666667,15.18586667,29.466,2026-07-21T00:52:00.0000000,UTC+02:00,2026-07-20T22:52:00.0000000+00:00
703,11,34.39781667,15.19018333,29.43,2026-07-21T01:22:00.0000000,UTC+02:00,2026-07-20T23:22:00.0000000+00:00
704,11,34.39908333,15.19465,29.386,2026-07-21T01:52:00.0000000,UTC+02:00,2026-07-20T23:52:00.0000000+00:00
705,11,34.40123333,15.20003333,29.392,2026-07-21T02:22:00.0000000,UTC+02:00,2026-07-21T00:22:00.0000000+00:00
706,11,34.40383333,15.20516667,29.389,2026-07-21T02:52:00.0000000,UTC+02:00,2026-07-21T00:52:00.0000000+00:00
707,11,34.40693333,15.21078333,29.391,2026-07-21T03:22:00.0000000,UTC+02:00,2026-07-21T01:22:00.0000000+00:00
708,11,34.41028333,15.21708333,29.366,2026-07-21T03:52:30.0000000,UTC+02:00,2026-07-21T01:52:30.0000000+00:00
709,11,34.4131,15.22363333,29.376,2026-07-21T04:22:01.0000000,UTC+02:00,2026-07-21T02:22:01.0000000+00:00
710,11,34.41611667,15.23093333,29.355,2026-07-21T04:52:00.0000000,UTC+02:00,2026-07-21T02:52:00.0000000+00:00
711,11,34.41925,15.23835,29.337,2026-07-21T05:22:00.0000000,UTC+02:00,2026-07-21T03:22:00.0000000+00:00
712,11,34.42216667,15.2453,29.339,2026-07-21T05:52:00.0000000,UTC+02:00,2026-07-21T03:52:00.0000000+00:00
713,11,34.42485,15.25238333,29.328,2026-07-21T06:22:00.0000000,UTC+02:00,2026-07-21T04:22:00.0000000+00:00
714,11,34.42716667,15.26005,29.327,2026-07-21T06:52:00.0000000,UTC+02:00,2026-07-21T04:52:00.0000000+00:00
715,11,34.42963333,15.26813333,29.321,2026-07-21T07:22:00.0000000,UTC+02:00,2026-07-21T05:22:00.0000000+00:00
716,11,34.43151667,15.27615,29.327,2026-07-21T07:52:00.0000000,UTC+02:00,2026-07-21T05:52:00.0000000+00:00
717,11,34.43286667,15.28498333,29.354,2026-07-21T08:22:00.0000000,UTC+02:00,2026-07-21T06:22:00.0000000+00:00
718,11,34.43448333,15.29405,29.399,2026-07-21T08:52:00.0000000,UTC+02:00,2026-07-21T06:52:00.0000000+00:00
719,11,34.4355,15.3032,29.452,2026-07-21T09:22:00.0000000,UTC+02:00,2026-07-21T07:22:00.0000000+00:00
720,11,34.43573333,15.31216667,29.582,2026-07-21T09:52:00.0000000,UTC+02:00,2026-07-21T07:52:00.0000000+00:00
721,11,34.43453333,15.32003333,29.805,2026-07-21T10:22:00.0000000,UTC+02:00,2026-07-21T08:22:00.0000000+00:00
722,11,34.43263333,15.32708333,30.111,2026-07-21T10:52:00.0000000,UTC+02:00,2026-07-21T08:52:00.0000000+00:00
723,11,34.43065,15.33351667,30.382,2026-07-21T11:22:00.0000000,UTC+02:00,2026-07-21T09:22:00.0000000+00:00
724,11,34.42856667,15.33863333,30.475,2026-07-21T11:52:00.0000000,UTC+02:00,2026-07-21T09:52:00.0000000+00:00
725,11,34.4265,15.3429,30.845,2026-07-21T12:22:00.0000000,UTC+02:00,2026-07-21T10:22:00.0000000+00:00
726,11,34.42391667,15.34633333,31.15,2026-07-21T12:52:00.0000000,UTC+02:00,2026-07-21T10:52:00.0000000+00:00
727,11,34.42171667,15.34803333,31.054,2026-07-21T13:22:00.0000000,UTC+02:00,2026-07-21T11:22:00.0000000+00:00
728,11,34.42076667,15.3493,31.455,2026-07-21T13:52:00.0000000,UTC+02:00,2026-07-21T11:52:00.0000000+00:00
729,11,34.42143333,15.35011667,31.956,2026-07-21T14:22:00.0000000,UTC+02:00,2026-07-21T12:22:00.0000000+00:00
730,11,34.42305,15.35021667,32.106,2026-07-21T14:52:00.0000000,UTC+02:00,2026-07-21T12:52:00.0000000+00:00
731,11,34.4251,15.35058333,32.379,2026-07-21T15:22:00.0000000,UTC+02:00,2026-07-21T13:22:00.0000000+00:00
732,11,34.42776667,15.35038333,32.481,2026-07-21T15:52:00.0000000,UTC+02:00,2026-07-21T13:52:00.0000000+00:00
733,11,34.43081667,15.35021667,32.364,2026-07-21T16:22:03.0000000,UTC+02:00,2026-07-21T14:22:03.0000000+00:00
734,11,34.43425,15.35028333,32.335,2026-07-21T16:52:00.0000000,UTC+02:00,2026-07-21T14:52:00.0000000+00:00
735,11,34.43846667,15.3511,31.91,2026-07-21T17:22:00.0000000,UTC+02:00,2026-07-21T15:22:00.0000000+00:00
736,11,34.44308333,15.35278333,31.273,2026-07-21T17:52:00.0000000,UTC+02:00,2026-07-21T15:52:00.0000000+00:00
737,11,34.44745,15.3554,30.608,2026-07-21T18:22:00.0000000,UTC+02:00,2026-07-21T16:22:00.0000000+00:00
738,11,34.45138333,15.35868333,30.217,2026-07-21T18:52:00.0000000,UTC+02:00,2026-07-21T16:52:00.0000000+00:00
739,11,34.4556,15.36206667,30.089,2026-07-21T19:22:00.0000000,UTC+02:00,2026-07-21T17:22:00.0000000+00:00
740,11,34.45948333,15.36511667,29.99,2026-07-21T19:52:00.0000000,UTC+02:00,2026-07-21T17:52:00.0000000+00:00
741,11,34.46308333,15.36761667,29.996,2026-07-21T20:22:00.0000000,UTC+02:00,2026-07-21T18:22:00.0000000+00:00
742,11,34.46666667,15.37038333,29.91,2026-07-21T20:52:00.0000000,UTC+02:00,2026-07-21T18:52:00.0000000+00:00
743,11,34.47066667,15.37356667,29.826,2026-07-21T21:22:00.0000000,UTC+02:00,2026-07-21T19:22:00.0000000+00:00
744,11,34.47491667,15.37678333,29.733,2026-07-21T21:52:01.0000000,UTC+02:00,2026-07-21T19:52:01.0000000+00:00
745,11,34.47955,15.37966667,29.737,2026-07-21T22:22:00.0000000,UTC+02:00,2026-07-21T20:22:00.0000000+00:00
746,11,34.48375,15.38221667,29.682,2026-07-21T22:52:00.0000000,UTC+02:00,2026-07-21T20:52:00.0000000+00:00
747,11,34.48768333,15.38461667,29.654,2026-07-21T23:22:00.0000000,UTC+02:00,2026-07-21T21:22:00.0000000+00:00
748,11,34.49148333,15.3873,29.614,2026-07-21T23:52:00.0000000,UTC+02:00,2026-07-21T21:52:00.0000000+00:00
749,11,34.49531667,15.39001667,29.612,2026-07-22T00:22:00.0000000,UTC+02:00,2026-07-21T22:22:00.0000000+00:00
750,11,34.49878333,15.3926,29.623,2026-07-22T00:52:00.0000000,UTC+02:00,2026-07-21T22:52:00.0000000+00:00
751,11,34.5018,15.39561667,29.632,2026-07-22T01:22:00.0000000,UTC+02:00,2026-07-21T23:22:00.0000000+00:00
752,11,34.50501667,15.3986,29.636,2026-07-22T01:52:00.0000000,UTC+02:00,2026-07-21T23:52:00.0000000+00:00
753,11,34.50843333,15.40116667,29.61,2026-07-22T02:22:00.0000000,UTC+02:00,2026-07-22T00:22:00.0000000+00:00
754,11,34.51235,15.40356667,29.607,2026-07-22T02:52:00.0000000,UTC+02:00,2026-07-22T00:52:00.0000000+00:00
755,11,34.51626667,15.40606667,29.55,2026-07-22T03:22:00.0000000,UTC+02:00,2026-07-22T01:22:00.0000000+00:00
756,11,34.51978333,15.40846667,29.518,2026-07-22T03:52:00.0000000,UTC+02:00,2026-07-22T01:52:00.0000000+00:00
757,11,34.5239,15.4111,29.47,2026-07-22T04:22:00.0000000,UTC+02:00,2026-07-22T02:22:00.0000000+00:00
758,11,34.5284,15.4141,29.407,2026-07-22T04:52:00.0000000,UTC+02:00,2026-07-22T02:52:00.0000000+00:00
759,11,34.5333,15.41773333,29.353,2026-07-22T05:22:00.0000000,UTC+02:00,2026-07-22T03:22:00.0000000+00:00
760,11,34.53821667,15.42203333,29.363,2026-07-22T05:52:00.0000000,UTC+02:00,2026-07-22T03:52:00.0000000+00:00
761,11,34.54261667,15.4279,29.33,2026-07-22T06:22:25.0000000,UTC+02:00,2026-07-22T04:22:25.0000000+00:00
762,11,34.54555,15.43351667,29.341,2026-07-22T06:52:00.0000000,UTC+02:00,2026-07-22T04:52:00.0000000+00:00
763,11,34.5482,15.43898333,29.362,2026-07-22T07:22:00.0000000,UTC+02:00,2026-07-22T05:22:00.0000000+00:00
764,11,34.54998333,15.444,29.386,2026-07-22T07:52:21.0000000,UTC+02:00,2026-07-22T05:52:21.0000000+00:00
765,11,34.55101667,15.44868333,29.415,2026-07-22T08:22:00.0000000,UTC+02:00,2026-07-22T06:22:00.0000000+00:00
766,11,34.55238333,15.45296667,29.488,2026-07-22T08:52:25.0000000,UTC+02:00,2026-07-22T06:52:25.0000000+00:00
767,11,34.55411667,15.45715,29.576,2026-07-22T09:22:00.0000000,UTC+02:00,2026-07-22T07:22:00.0000000+00:00
768,11,34.55603333,15.46161667,29.669,2026-07-22T09:52:00.0000000,UTC+02:00,2026-07-22T07:52:00.0000000+00:00
769,11,34.55763333,15.46655,29.756,2026-07-22T10:22:00.0000000,UTC+02:00,2026-07-22T08:22:00.0000000+00:00
770,11,34.55858333,15.47166667,29.759,2026-07-22T10:52:00.0000000,UTC+02:00,2026-07-22T08:52:00.0000000+00:00
771,11,34.55933333,15.4768,29.82,2026-07-22T11:22:00.0000000,UTC+02:00,2026-07-22T09:22:00.0000000+00:00
772,11,34.56018333,15.48198333,29.842,2026-07-22T11:52:00.0000000,UTC+02:00,2026-07-22T09:52:00.0000000+00:00
773,11,34.56081667,15.48696667,30.047,2026-07-22T12:22:00.0000000,UTC+02:00,2026-07-22T10:22:00.0000000+00:00
774,11,34.56131667,15.49186667,30.088,2026-07-22T12:52:00.0000000,UTC+02:00,2026-07-22T10:52:00.0000000+00:00
775,11,34.56176667,15.49595,30.056,2026-07-22T13:22:00.0000000,UTC+02:00,2026-07-22T11:22:00.0000000+00:00
776,11,34.56223333,15.50005,30.108,2026-07-22T13:52:00.0000000,UTC+02:00,2026-07-22T11:52:00.0000000+00:00
777,11,34.56255,15.50376667,30.097,2026-07-22T14:22:00.0000000,UTC+02:00,2026-07-22T12:22:00.0000000+00:00
778,11,34.56328333,15.50683333,30.101,2026-07-22T14:52:00.0000000,UTC+02:00,2026-07-22T12:52:00.0000000+00:00
779,11,34.56433333,15.50945,30.082,2026-07-22T15:22:01.0000000,UTC+02:00,2026-07-22T13:22:01.0000000+00:00
780,11,34.56543333,15.51116667,30.095,2026-07-22T15:52:00.0000000,UTC+02:00,2026-07-22T13:52:00.0000000+00:00
781,11,34.56635,15.51288333,30.048,2026-07-22T16:22:00.0000000,UTC+02:00,2026-07-22T14:22:00.0000000+00:00
782,11,34.56748333,15.51448333,29.983,2026-07-22T16:52:00.0000000,UTC+02:00,2026-07-22T14:52:00.0000000+00:00
783,11,34.56843333,15.51645,29.876,2026-07-22T17:22:00.0000000,UTC+02:00,2026-07-22T15:22:00.0000000+00:00
784,11,34.56953333,15.51826667,29.848,2026-07-22T17:52:00.0000000,UTC+02:00,2026-07-22T15:52:00.0000000+00:00
785,11,34.57086667,15.51981667,29.852,2026-07-22T18:22:00.0000000,UTC+02:00,2026-07-22T16:22:00.0000000+00:00
786,11,34.57333333,15.52165,29.722,2026-07-22T18:52:00.0000000,UTC+02:00,2026-07-22T16:52:00.0000000+00:00
787,11,34.57623333,15.52348333,29.731,2026-07-22T19:22:00.0000000,UTC+02:00,2026-07-22T17:22:00.0000000+00:00
788,11,34.57951667,15.52516667,29.673,2026-07-22T19:52:00.0000000,UTC+02:00,2026-07-22T17:52:00.0000000+00:00
789,11,34.58265,15.52711667,29.618,2026-07-22T20:22:01.0000000,UTC+02:00,2026-07-22T18:22:01.0000000+00:00
790,11,34.58583333,15.5296,29.549,2026-07-22T20:52:25.0000000,UTC+02:00,2026-07-22T18:52:25.0000000+00:00
791,11,34.58886667,15.53221667,29.51,2026-07-22T21:22:19.0000000,UTC+02:00,2026-07-22T19:22:19.0000000+00:00
792,11,34.59195,15.5351,29.452,2026-07-22T21:52:00.0000000,UTC+02:00,2026-07-22T19:52:00.0000000+00:00
793,11,34.59451667,15.53785,29.393,2026-07-22T22:22:01.0000000,UTC+02:00,2026-07-22T20:22:01.0000000+00:00
794,11,34.59616667,15.5402,29.386,2026-07-22T22:52:01.0000000,UTC+02:00,2026-07-22T20:52:01.0000000+00:00
795,11,34.59801667,15.54236667,29.341,2026-07-22T23:22:00.0000000,UTC+02:00,2026-07-22T21:22:00.0000000+00:00
796,11,34.59985,15.5448,29.275,2026-07-22T23:52:03.0000000,UTC+02:00,2026-07-22T21:52:03.0000000+00:00
797,11,34.60203333,15.5476,29.291,2026-07-23T00:22:00.0000000,UTC+02:00,2026-07-22T22:22:00.0000000+00:00
798,11,34.60398333,15.55145,29.344,2026-07-23T00:52:31.0000000,UTC+02:00,2026-07-22T22:52:31.0000000+00:00
799,11,34.60536667,15.55491667,29.357,2026-07-23T01:22:00.0000000,UTC+02:00,2026-07-22T23:22:00.0000000+00:00
800,11,34.60646667,15.5584,29.337,2026-07-23T01:52:00.0000000,UTC+02:00,2026-07-22T23:52:00.0000000+00:00
801,11,34.60731667,15.56211667,29.351,2026-07-23T02:22:00.0000000,UTC+02:00,2026-07-23T00:22:00.0000000+00:00
802,11,34.6077,15.56621667,29.372,2026-07-23T02:52:00.0000000,UTC+02:00,2026-07-23T00:52:00.0000000+00:00
803,11,34.60848333,15.57043333,29.336,2026-07-23T03:23:25.0000000,UTC+02:00,2026-07-23T01:23:25.0000000+00:00
804,11,34.60886667,15.57446667,29.321,2026-07-23T03:52:00.0000000,UTC+02:00,2026-07-23T01:52:00.0000000+00:00
805,11,34.60878333,15.57833333,29.276,2026-07-23T04:22:00.0000000,UTC+02:00,2026-07-23T02:22:00.0000000+00:00
806,11,34.60833333,15.58163333,29.278,2026-07-23T04:52:00.0000000,UTC+02:00,2026-07-23T02:52:00.0000000+00:00
807,11,34.60716667,15.58331667,29.281,2026-07-23T05:22:00.0000000,UTC+02:00,2026-07-23T03:22:00.0000000+00:00
808,11,34.6061,15.58501667,29.241,2026-07-23T05:52:00.0000000,UTC+02:00,2026-07-23T03:52:00.0000000+00:00
809,11,34.60518333,15.58548333,29.234,2026-07-23T06:22:00.0000000,UTC+02:00,2026-07-23T04:22:00.0000000+00:00
810,11,34.60431667,15.58488333,29.231,2026-07-23T06:52:00.0000000,UTC+02:00,2026-07-23T04:52:00.0000000+00:00
811,11,34.604,15.5838,29.209,2026-07-23T07:22:19.0000000,UTC+02:00,2026-07-23T05:22:19.0000000+00:00
812,11,34.6041,15.58116667,29.207,2026-07-23T07:52:00.0000000,UTC+02:00,2026-07-23T05:52:00.0000000+00:00
813,11,34.60493333,15.57716667,29.216,2026-07-23T08:22:00.0000000,UTC+02:00,2026-07-23T06:22:00.0000000+00:00
814,11,34.60673333,15.5721,29.229,2026-07-23T08:52:01.0000000,UTC+02:00,2026-07-23T06:52:01.0000000+00:00
815,11,34.6095,15.56588333,29.286,2026-07-23T09:23:49.0000000,UTC+02:00,2026-07-23T07:23:49.0000000+00:00
816,11,34.61296667,15.56006667,29.33,2026-07-23T09:52:00.0000000,UTC+02:00,2026-07-23T07:52:00.0000000+00:00
817,11,34.61711667,15.55433333,29.434,2026-07-23T10:22:22.0000000,UTC+02:00,2026-07-23T08:22:22.0000000+00:00
818,11,34.62171667,15.54901667,29.501,2026-07-23T10:52:00.0000000,UTC+02:00,2026-07-23T08:52:00.0000000+00:00
819,11,34.62735,15.54328333,29.628,2026-07-23T11:22:00.0000000,UTC+02:00,2026-07-23T09:22:00.0000000+00:00
820,11,34.63381667,15.53795,29.583,2026-07-23T11:52:00.0000000,UTC+02:00,2026-07-23T09:52:00.0000000+00:00
821,11,34.64073333,15.53215,29.682,2026-07-23T12:22:00.0000000,UTC+02:00,2026-07-23T10:22:00.0000000+00:00
822,11,34.6477,15.52648333,29.649,2026-07-23T12:52:00.0000000,UTC+02:00,2026-07-23T10:52:00.0000000+00:00
823,11,34.65493333,15.52178333,29.781,2026-07-23T13:22:00.0000000,UTC+02:00,2026-07-23T11:22:00.0000000+00:00
824,11,34.66318333,15.51771667,29.876,2026-07-23T13:52:00.0000000,UTC+02:00,2026-07-23T11:52:00.0000000+00:00
825,11,34.67245,15.51521667,29.819,2026-07-23T14:22:00.0000000,UTC+02:00,2026-07-23T12:22:00.0000000+00:00
826,11,34.68223333,15.51373333,29.953,2026-07-23T14:52:00.0000000,UTC+02:00,2026-07-23T12:52:00.0000000+00:00
827,11,34.69265,15.51321667,29.921,2026-07-23T15:22:00.0000000,UTC+02:00,2026-07-23T13:22:00.0000000+00:00
828,11,34.70336667,15.51396667,29.866,2026-07-23T15:52:00.0000000,UTC+02:00,2026-07-23T13:52:00.0000000+00:00
829,11,34.71385,15.51655,29.837,2026-07-23T16:22:00.0000000,UTC+02:00,2026-07-23T14:22:00.0000000+00:00
830,11,34.72335,15.52045,29.788,2026-07-23T16:52:00.0000000,UTC+02:00,2026-07-23T14:52:00.0000000+00:00
831,11,34.7329,15.52483333,29.825,2026-07-23T17:22:00.0000000,UTC+02:00,2026-07-23T15:22:00.0000000+00:00
832,11,34.74218333,15.53031667,29.806,2026-07-23T17:52:01.0000000,UTC+02:00,2026-07-23T15:52:01.0000000+00:00
833,11,34.75056667,15.53655,29.811,2026-07-23T18:22:00.0000000,UTC+02:00,2026-07-23T16:22:00.0000000+00:00
834,11,34.75818333,15.54343333,29.761,2026-07-23T18:52:00.0000000,UTC+02:00,2026-07-23T16:52:00.0000000+00:00
835,11,34.76475,15.55098333,29.68,2026-07-23T19:22:00.0000000,UTC+02:00,2026-07-23T17:22:00.0000000+00:00
836,11,34.77066667,15.5588,29.658,2026-07-23T19:52:00.0000000,UTC+02:00,2026-07-23T17:52:00.0000000+00:00
837,11,34.77633333,15.56765,29.645,2026-07-23T20:22:51.0000000,UTC+02:00,2026-07-23T18:22:51.0000000+00:00
838,11,34.78071667,15.57586667,29.612,2026-07-23T20:52:00.0000000,UTC+02:00,2026-07-23T18:52:00.0000000+00:00
839,11,34.78456667,15.58393333,29.581,2026-07-23T21:22:00.0000000,UTC+02:00,2026-07-23T19:22:00.0000000+00:00
840,11,34.78736667,15.59243333,29.591,2026-07-23T21:52:24.0000000,UTC+02:00,2026-07-23T19:52:24.0000000+00:00
841,11,34.78955,15.6007,29.595,2026-07-23T22:22:01.0000000,UTC+02:00,2026-07-23T20:22:01.0000000+00:00
842,11,34.79138333,15.60878333,29.615,2026-07-23T22:52:00.0000000,UTC+02:00,2026-07-23T20:52:00.0000000+00:00
843,11,34.79286667,15.61615,29.603,2026-07-23T23:22:00.0000000,UTC+02:00,2026-07-23T21:22:00.0000000+00:00
844,11,34.79398333,15.62346667,29.582,2026-07-23T23:52:00.0000000,UTC+02:00,2026-07-23T21:52:00.0000000+00:00
845,11,34.79513333,15.6306,29.554,2026-07-24T00:22:00.0000000,UTC+02:00,2026-07-23T22:22:00.0000000+00:00
846,11,34.79591667,15.63813333,29.547,2026-07-24T00:52:00.0000000,UTC+02:00,2026-07-23T22:52:00.0000000+00:00
847,11,34.79608333,15.64563333,29.531,2026-07-24T01:22:32.0000000,UTC+02:00,2026-07-23T23:22:32.0000000+00:00
848,11,34.79593333,15.65268333,29.506,2026-07-24T01:52:01.0000000,UTC+02:00,2026-07-23T23:52:01.0000000+00:00
849,11,34.79533333,15.65985,29.502,2026-07-24T02:22:00.0000000,UTC+02:00,2026-07-24T00:22:00.0000000+00:00
850,11,34.79458333,15.66621667,29.468,2026-07-24T02:52:00.0000000,UTC+02:00,2026-07-24T00:52:00.0000000+00:00
851,11,34.7939,15.6715,29.468,2026-07-24T03:22:01.0000000,UTC+02:00,2026-07-24T01:22:01.0000000+00:00
852,11,34.79281667,15.67638333,29.457,2026-07-24T03:52:00.0000000,UTC+02:00,2026-07-24T01:52:00.0000000+00:00
853,11,34.79176667,15.6808,29.433,2026-07-24T04:22:00.0000000,UTC+02:00,2026-07-24T02:22:00.0000000+00:00
854,11,34.791,15.68511667,29.403,2026-07-24T04:52:00.0000000,UTC+02:00,2026-07-24T02:52:00.0000000+00:00
855,11,34.79011667,15.68885,29.392,2026-07-24T05:22:00.0000000,UTC+02:00,2026-07-24T03:22:00.0000000+00:00
856,11,34.78928333,15.69235,29.38,2026-07-24T05:52:22.0000000,UTC+02:00,2026-07-24T03:52:22.0000000+00:00
857,11,34.78878333,15.69505,29.34,2026-07-24T06:22:00.0000000,UTC+02:00,2026-07-24T04:22:00.0000000+00:00
858,11,34.78866667,15.69771667,29.298,2026-07-24T06:52:01.0000000,UTC+02:00,2026-07-24T04:52:01.0000000+00:00
859,11,34.78838333,15.69981667,29.282,2026-07-24T07:22:01.0000000,UTC+02:00,2026-07-24T05:22:01.0000000+00:00
860,11,34.78866667,15.7019,29.279,2026-07-24T07:52:17.0000000,UTC+02:00,2026-07-24T05:52:17.0000000+00:00
861,11,34.78945,15.70418333,29.286,2026-07-24T08:22:31.0000000,UTC+02:00,2026-07-24T06:22:31.0000000+00:00
862,11,34.79033333,15.70568333,29.278,2026-07-24T08:52:31.0000000,UTC+02:00,2026-07-24T06:52:31.0000000+00:00
863,11,34.79165,15.70731667,29.269,2026-07-24T09:22:22.0000000,UTC+02:00,2026-07-24T07:22:22.0000000+00:00
864,11,34.79353333,15.70928333,29.284,2026-07-24T09:52:00.0000000,UTC+02:00,2026-07-24T07:52:00.0000000+00:00
865,11,34.79523333,15.71213333,29.319,2026-07-24T10:22:00.0000000,UTC+02:00,2026-07-24T08:22:00.0000000+00:00
866,11,34.79685,15.71546667,29.291,2026-07-24T10:52:31.0000000,UTC+02:00,2026-07-24T08:52:31.0000000+00:00
867,11,34.79826667,15.71855,29.267,2026-07-24T11:22:00.0000000,UTC+02:00,2026-07-24T09:22:00.0000000+00:00
868,11,34.80028333,15.72203333,29.244,2026-07-24T11:52:00.0000000,UTC+02:00,2026-07-24T09:52:00.0000000+00:00
869,11,34.80213333,15.7262,29.225,2026-07-24T12:22:01.0000000,UTC+02:00,2026-07-24T10:22:01.0000000+00:00
870,11,34.80398333,15.73025,29.231,2026-07-24T12:52:00.0000000,UTC+02:00,2026-07-24T10:52:00.0000000+00:00
871,11,34.80608333,15.73463333,29.244,2026-07-24T13:22:00.0000000,UTC+02:00,2026-07-24T11:22:00.0000000+00:00
872,11,34.8078,15.7397,29.252,2026-07-24T13:52:01.0000000,UTC+02:00,2026-07-24T11:52:01.0000000+00:00
873,11,34.80896667,15.74535,29.246,2026-07-24T14:22:00.0000000,UTC+02:00,2026-07-24T12:22:00.0000000+00:00
874,11,34.80956667,15.7519,29.251,2026-07-24T14:52:00.0000000,UTC+02:00,2026-07-24T12:52:00.0000000+00:00
875,11,34.8093,15.75875,29.251,2026-07-24T15:22:01.0000000,UTC+02:00,2026-07-24T13:22:01.0000000+00:00
876,11,34.80891667,15.76508333,29.242,2026-07-24T15:52:31.0000000,UTC+02:00,2026-07-24T13:52:31.0000000+00:00
877,11,34.80756667,15.77158333,29.271,2026-07-24T16:22:00.0000000,UTC+02:00,2026-07-24T14:22:00.0000000+00:00
878,11,34.80576667,15.77805,29.269,2026-07-24T16:52:00.0000000,UTC+02:00,2026-07-24T14:52:00.0000000+00:00
879,11,34.80328333,15.78325,29.277,2026-07-24T17:22:00.0000000,UTC+02:00,2026-07-24T15:22:00.0000000+00:00
880,11,34.80083333,15.7872,29.291,2026-07-24T17:52:00.0000000,UTC+02:00,2026-07-24T15:52:00.0000000+00:00
881,11,34.79881667,15.79,29.291,2026-07-24T18:22:00.0000000,UTC+02:00,2026-07-24T16:22:00.0000000+00:00
882,11,34.79663333,15.79188333,29.278,2026-07-24T18:52:01.0000000,UTC+02:00,2026-07-24T16:52:01.0000000+00:00
883,11,34.79431667,15.79318333,29.281,2026-07-24T19:22:00.0000000,UTC+02:00,2026-07-24T17:22:00.0000000+00:00
884,11,34.792,15.79373333,29.289,2026-07-24T19:52:00.0000000,UTC+02:00,2026-07-24T17:52:00.0000000+00:00
885,11,34.79005,15.79346667,29.27,2026-07-24T20:22:00.0000000,UTC+02:00,2026-07-24T18:22:00.0000000+00:00
886,11,34.78858333,15.79253333,29.266,2026-07-24T20:52:00.0000000,UTC+02:00,2026-07-24T18:52:00.0000000+00:00
887,11,34.78751667,15.78941667,29.244,2026-07-24T21:22:01.0000000,UTC+02:00,2026-07-24T19:22:01.0000000+00:00
888,11,34.78716667,15.78616667,29.252,2026-07-24T21:52:00.0000000,UTC+02:00,2026-07-24T19:52:00.0000000+00:00
889,11,34.78715,15.78268333,29.231,2026-07-24T22:22:00.0000000,UTC+02:00,2026-07-24T20:22:00.0000000+00:00
890,11,34.78758333,15.77848333,29.199,2026-07-24T22:52:00.0000000,UTC+02:00,2026-07-24T20:52:00.0000000+00:00
891,11,34.78838333,15.77393333,29.174,2026-07-24T23:22:00.0000000,UTC+02:00,2026-07-24T21:22:00.0000000+00:00
892,11,34.78993333,15.76926667,29.157,2026-07-24T23:52:00.0000000,UTC+02:00,2026-07-24T21:52:00.0000000+00:00
893,11,34.79231667,15.76371667,29.129,2026-07-25T00:22:00.0000000,UTC+02:00,2026-07-24T22:22:00.0000000+00:00
894,11,34.79578333,15.75835,29.134,2026-07-25T00:52:31.0000000,UTC+02:00,2026-07-24T22:52:31.0000000+00:00
895,11,34.80046667,15.75343333,29.101,2026-07-25T01:22:01.0000000,UTC+02:00,2026-07-24T23:22:01.0000000+00:00
896,11,34.80576667,15.7481,29.056,2026-07-25T01:52:19.0000000,UTC+02:00,2026-07-24T23:52:19.0000000+00:00
897,11,34.81136667,15.7434,29.029,2026-07-25T02:22:26.0000000,UTC+02:00,2026-07-25T00:22:26.0000000+00:00
898,11,34.81766667,15.73933333,29.035,2026-07-25T02:52:31.0000000,UTC+02:00,2026-07-25T00:52:31.0000000+00:00
899,11,34.82431667,15.73608333,29.032,2026-07-25T03:22:25.0000000,UTC+02:00,2026-07-25T01:22:25.0000000+00:00
900,11,34.83176667,15.73348333,28.995,2026-07-25T03:52:00.0000000,UTC+02:00,2026-07-25T01:52:00.0000000+00:00
901,11,34.83946667,15.73198333,28.963,2026-07-25T04:22:00.0000000,UTC+02:00,2026-07-25T02:22:00.0000000+00:00
902,11,34.8472,15.7313,28.902,2026-07-25T04:52:00.0000000,UTC+02:00,2026-07-25T02:52:00.0000000+00:00
903,11,34.85458333,15.73123333,28.901,2026-07-25T05:22:00.0000000,UTC+02:00,2026-07-25T03:22:00.0000000+00:00
904,11,34.86176667,15.73186667,28.85,2026-07-25T05:52:00.0000000,UTC+02:00,2026-07-25T03:52:00.0000000+00:00
905,11,34.86873333,15.73276667,28.821,2026-07-25T06:22:00.0000000,UTC+02:00,2026-07-25T04:22:00.0000000+00:00
906,11,34.876,15.73501667,28.788,2026-07-25T06:52:00.0000000,UTC+02:00,2026-07-25T04:52:00.0000000+00:00
907,11,34.88276667,15.73865,28.817,2026-07-25T07:22:00.0000000,UTC+02:00,2026-07-25T05:22:00.0000000+00:00
908,11,34.88876667,15.743,28.796,2026-07-25T07:52:00.0000000,UTC+02:00,2026-07-25T05:52:00.0000000+00:00
909,11,34.89368333,15.74798333,28.788,2026-07-25T08:22:01.0000000,UTC+02:00,2026-07-25T06:22:01.0000000+00:00
910,11,34.89773333,15.75315,28.784,2026-07-25T08:52:01.0000000,UTC+02:00,2026-07-25T06:52:01.0000000+00:00
911,11,34.90121667,15.75891667,28.779,2026-07-25T09:22:00.0000000,UTC+02:00,2026-07-25T07:22:00.0000000+00:00
912,11,34.90423333,15.76473333,28.791,2026-07-25T09:52:00.0000000,UTC+02:00,2026-07-25T07:52:00.0000000+00:00
913,11,34.9069,15.77035,28.825,2026-07-25T10:22:00.0000000,UTC+02:00,2026-07-25T08:22:00.0000000+00:00
914,11,34.90963333,15.77695,28.846,2026-07-25T10:52:00.0000000,UTC+02:00,2026-07-25T08:52:00.0000000+00:00
915,11,34.91186667,15.78285,28.893,2026-07-25T11:22:25.0000000,UTC+02:00,2026-07-25T09:22:25.0000000+00:00
916,11,34.91355,15.78863333,28.96,2026-07-25T11:52:00.0000000,UTC+02:00,2026-07-25T09:52:00.0000000+00:00
917,11,34.91456667,15.7939,28.985,2026-07-25T12:22:00.0000000,UTC+02:00,2026-07-25T10:22:00.0000000+00:00
918,11,34.91488333,15.7988,29.058,2026-07-25T12:52:00.0000000,UTC+02:00,2026-07-25T10:52:00.0000000+00:00
919,11,34.91481667,15.80335,29.116,2026-07-25T13:22:00.0000000,UTC+02:00,2026-07-25T11:22:00.0000000+00:00
920,11,34.91421667,15.80728333,29.227,2026-07-25T13:52:00.0000000,UTC+02:00,2026-07-25T11:52:00.0000000+00:00
921,11,34.91328333,15.8109,29.229,2026-07-25T14:22:00.0000000,UTC+02:00,2026-07-25T12:22:00.0000000+00:00
922,11,34.91236667,15.81398333,29.28,2026-07-25T14:52:00.0000000,UTC+02:00,2026-07-25T12:52:00.0000000+00:00
923,11,34.91111667,15.81595,29.375,2026-07-25T15:22:00.0000000,UTC+02:00,2026-07-25T13:22:00.0000000+00:00
924,11,34.91011667,15.81786667,29.428,2026-07-25T15:52:00.0000000,UTC+02:00,2026-07-25T13:52:00.0000000+00:00
925,11,34.90873333,15.81905,29.42,2026-07-25T16:22:19.0000000,UTC+02:00,2026-07-25T14:22:19.0000000+00:00
926,11,34.90723333,15.81951667,29.435,2026-07-25T16:52:20.0000000,UTC+02:00,2026-07-25T14:52:20.0000000+00:00
927,11,34.90595,15.81928333,29.437,2026-07-25T17:22:00.0000000,UTC+02:00,2026-07-25T15:22:00.0000000+00:00
928,11,34.90508333,15.81831667,29.366,2026-07-25T17:52:00.0000000,UTC+02:00,2026-07-25T15:52:00.0000000+00:00
929,11,34.90463333,15.81681667,29.355,2026-07-25T18:22:01.0000000,UTC+02:00,2026-07-25T16:22:01.0000000+00:00
930,11,34.90456667,15.81525,29.283,2026-07-25T18:52:00.0000000,UTC+02:00,2026-07-25T16:52:00.0000000+00:00
931,11,34.9051,15.81345,29.285,2026-07-25T19:22:00.0000000,UTC+02:00,2026-07-25T17:22:00.0000000+00:00
932,11,34.90636667,15.81173333,29.208,2026-07-25T19:52:00.0000000,UTC+02:00,2026-07-25T17:52:00.0000000+00:00
933,11,34.90856667,15.80976667,29.199,2026-07-25T20:22:00.0000000,UTC+02:00,2026-07-25T18:22:00.0000000+00:00
934,11,34.91118333,15.808,29.112,2026-07-25T20:52:00.0000000,UTC+02:00,2026-07-25T18:52:00.0000000+00:00
935,11,34.91441667,15.80603333,29.115,2026-07-25T21:22:00.0000000,UTC+02:00,2026-07-25T19:22:00.0000000+00:00
936,11,34.9181,15.80383333,29.025,2026-07-25T21:52:00.0000000,UTC+02:00,2026-07-25T19:52:00.0000000+00:00
937,11,34.92255,15.80128333,28.98,2026-07-25T22:22:00.0000000,UTC+02:00,2026-07-25T20:22:00.0000000+00:00
938,11,34.9276,15.79856667,28.938,2026-07-25T22:52:00.0000000,UTC+02:00,2026-07-25T20:52:00.0000000+00:00
939,11,34.93366667,15.79606667,28.935,2026-07-25T23:22:00.0000000,UTC+02:00,2026-07-25T21:22:00.0000000+00:00
940,11,34.94023333,15.79368333,28.926,2026-07-25T23:52:00.0000000,UTC+02:00,2026-07-25T21:52:00.0000000+00:00
941,11,34.94703333,15.79171667,28.9,2026-07-26T00:22:25.0000000,UTC+02:00,2026-07-25T22:22:25.0000000+00:00
942,11,34.95328333,15.79091667,28.832,2026-07-26T00:52:00.0000000,UTC+02:00,2026-07-25T22:52:00.0000000+00:00
943,11,34.9598,15.79125,28.856,2026-07-26T01:22:00.0000000,UTC+02:00,2026-07-25T23:22:00.0000000+00:00
944,11,34.96648333,15.79258333,28.831,2026-07-26T01:52:00.0000000,UTC+02:00,2026-07-25T23:52:00.0000000+00:00
945,11,34.97321667,15.79453333,28.807,2026-07-26T02:22:00.0000000,UTC+02:00,2026-07-26T00:22:00.0000000+00:00
946,11,34.98036667,15.79733333,28.759,2026-07-26T02:52:00.0000000,UTC+02:00,2026-07-26T00:52:00.0000000+00:00
947,11,34.98771667,15.8001,28.763,2026-07-26T03:22:00.0000000,UTC+02:00,2026-07-26T01:22:00.0000000+00:00
948,11,34.99535,15.80301667,28.735,2026-07-26T03:52:01.0000000,UTC+02:00,2026-07-26T01:52:01.0000000+00:00
949,11,35.00321667,15.80678333,28.744,2026-07-26T04:22:01.0000000,UTC+02:00,2026-07-26T02:22:01.0000000+00:00
950,11,35.01071667,15.81111667,28.759,2026-07-26T04:52:00.0000000,UTC+02:00,2026-07-26T02:52:00.0000000+00:00
951,11,35.01783333,15.81596667,28.755,2026-07-26T05:22:01.0000000,UTC+02:00,2026-07-26T03:22:01.0000000+00:00
952,11,35.02456667,15.82186667,28.786,2026-07-26T05:52:01.0000000,UTC+02:00,2026-07-26T03:52:01.0000000+00:00
953,11,35.03068333,15.82856667,28.758,2026-07-26T06:22:00.0000000,UTC+02:00,2026-07-26T04:22:00.0000000+00:00
954,11,35.03656667,15.83555,28.748,2026-07-26T06:52:00.0000000,UTC+02:00,2026-07-26T04:52:00.0000000+00:00
955,11,35.0418,15.84278333,28.755,2026-07-26T07:22:00.0000000,UTC+02:00,2026-07-26T05:22:00.0000000+00:00
956,11,35.04661667,15.84986667,28.783,2026-07-26T07:52:01.0000000,UTC+02:00,2026-07-26T05:52:01.0000000+00:00
957,11,35.05061667,15.85735,28.822,2026-07-26T08:22:00.0000000,UTC+02:00,2026-07-26T06:22:00.0000000+00:00
958,11,35.05411667,15.86485,28.856,2026-07-26T08:52:01.0000000,UTC+02:00,2026-07-26T06:52:01.0000000+00:00
959,11,35.05728333,15.8724,28.871,2026-07-26T09:22:00.0000000,UTC+02:00,2026-07-26T07:22:00.0000000+00:00
960,11,35.05983333,15.87985,28.905,2026-07-26T09:52:06.0000000,UTC+02:00,2026-07-26T07:52:06.0000000+00:00
961,11,35.0621,15.88675,28.943,2026-07-26T10:22:24.0000000,UTC+02:00,2026-07-26T08:22:24.0000000+00:00
962,11,35.06408333,15.89316667,28.974,2026-07-26T10:52:00.0000000,UTC+02:00,2026-07-26T08:52:00.0000000+00:00
963,11,35.06611667,15.8992,29.015,2026-07-26T11:22:00.0000000,UTC+02:00,2026-07-26T09:22:00.0000000+00:00
964,11,35.06808333,15.90478333,29.047,2026-07-26T11:52:00.0000000,UTC+02:00,2026-07-26T09:52:00.0000000+00:00
965,11,35.07021667,15.90978333,29.076,2026-07-26T12:22:00.0000000,UTC+02:00,2026-07-26T10:22:00.0000000+00:00
966,11,35.07246667,15.91491667,29.128,2026-07-26T12:52:00.0000000,UTC+02:00,2026-07-26T10:52:00.0000000+00:00
967,11,35.07468333,15.92016667,29.171,2026-07-26T13:22:00.0000000,UTC+02:00,2026-07-26T11:22:00.0000000+00:00
968,11,35.07688333,15.92566667,29.289,2026-07-26T13:52:19.0000000,UTC+02:00,2026-07-26T11:52:19.0000000+00:00
969,11,35.07895,15.93061667,29.397,2026-07-26T14:22:00.0000000,UTC+02:00,2026-07-26T12:22:00.0000000+00:00
970,11,35.08138333,15.93475,29.353,2026-07-26T14:52:00.0000000,UTC+02:00,2026-07-26T12:52:00.0000000+00:00
971,11,35.084,15.93823333,29.324,2026-07-26T15:22:00.0000000,UTC+02:00,2026-07-26T13:22:00.0000000+00:00
972,11,35.0871,15.94053333,29.289,2026-07-26T15:52:01.0000000,UTC+02:00,2026-07-26T13:52:01.0000000+00:00
973,11,35.09078333,15.9424,29.265,2026-07-26T16:22:00.0000000,UTC+02:00,2026-07-26T14:22:00.0000000+00:00
974,11,35.09493333,15.9439,29.246,2026-07-26T16:52:00.0000000,UTC+02:00,2026-07-26T14:52:00.0000000+00:00
975,11,35.09966667,15.94506667,29.225,2026-07-26T17:22:00.0000000,UTC+02:00,2026-07-26T15:22:00.0000000+00:00
976,11,35.10518333,15.94648333,29.185,2026-07-26T17:52:00.0000000,UTC+02:00,2026-07-26T15:52:00.0000000+00:00
977,11,35.11118333,15.94888333,29.128,2026-07-26T18:22:00.0000000,UTC+02:00,2026-07-26T16:22:00.0000000+00:00
978,11,35.11753333,15.95145,29.117,2026-07-26T18:52:00.0000000,UTC+02:00,2026-07-26T16:52:00.0000000+00:00
979,11,35.12375,15.95403333,29.087,2026-07-26T19:22:00.0000000,UTC+02:00,2026-07-26T17:22:00.0000000+00:00
980,11,35.13056667,15.95708333,29.049,2026-07-26T19:52:00.0000000,UTC+02:00,2026-07-26T17:52:00.0000000+00:00
981,11,35.13763333,15.96065,28.983,2026-07-26T20:22:00.0000000,UTC+02:00,2026-07-26T18:22:00.0000000+00:00
982,11,35.14426667,15.96443333,28.915,2026-07-26T20:52:00.0000000,UTC+02:00,2026-07-26T18:52:00.0000000+00:00
983,11,35.15108333,15.9693,28.845,2026-07-26T21:22:00.0000000,UTC+02:00,2026-07-26T19:22:00.0000000+00:00
984,11,35.15838333,15.9751,28.801,2026-07-26T21:52:01.0000000,UTC+02:00,2026-07-26T19:52:01.0000000+00:00
985,11,35.16548333,15.98118333,28.745,2026-07-26T22:22:00.0000000,UTC+02:00,2026-07-26T20:22:00.0000000+00:00
986,11,35.17265,15.98735,28.691,2026-07-26T22:52:00.0000000,UTC+02:00,2026-07-26T20:52:00.0000000+00:00
987,11,35.17948333,15.99361667,28.662,2026-07-26T23:22:01.0000000,UTC+02:00,2026-07-26T21:22:01.0000000+00:00
988,11,35.18578333,16.00046667,28.62,2026-07-26T23:52:00.0000000,UTC+02:00,2026-07-26T21:52:00.0000000+00:00
989,11,35.19173333,16.00785,28.55,2026-07-27T00:22:00.0000000,UTC+02:00,2026-07-26T22:22:00.0000000+00:00
990,11,35.19776667,16.01481667,28.507,2026-07-27T00:52:00.0000000,UTC+02:00,2026-07-26T22:52:00.0000000+00:00
991,11,35.20368333,16.02178333,28.455,2026-07-27T01:22:00.0000000,UTC+02:00,2026-07-26T23:22:00.0000000+00:00
992,11,35.20976667,16.02918333,28.367,2026-07-27T01:52:32.0000000,UTC+02:00,2026-07-26T23:52:32.0000000+00:00
993,11,35.21593333,16.03668333,28.306,2026-07-27T02:22:00.0000000,UTC+02:00,2026-07-27T00:22:00.0000000+00:00
994,11,35.22251667,16.04418333,28.181,2026-07-27T02:52:00.0000000,UTC+02:00,2026-07-27T00:52:00.0000000+00:00
995,11,35.22943333,16.05203333,27.956,2026-07-27T03:22:00.0000000,UTC+02:00,2026-07-27T01:22:00.0000000+00:00
996,11,35.2357,16.05948333,27.723,2026-07-27T03:52:00.0000000,UTC+02:00,2026-07-27T01:52:00.0000000+00:00
997,11,35.2413,16.06723333,27.578,2026-07-27T04:22:00.0000000,UTC+02:00,2026-07-27T02:22:00.0000000+00:00
998,11,35.24665,16.0743,27.514,2026-07-27T04:52:00.0000000,UTC+02:00,2026-07-27T02:52:00.0000000+00:00
999,11,35.25196667,16.08031667,27.489,2026-07-27T05:22:00.0000000,UTC+02:00,2026-07-27T03:22:00.0000000+00:00
1000,11,35.2572,16.08605,27.47,2026-07-27T05:52:00.0000000,UTC+02:00,2026-07-27T03:52:00.0000000+00:00
1001,11,35.26276667,16.09163333,27.453,2026-07-27T06:22:31.0000000,UTC+02:00,2026-07-27T04:22:31.0000000+00:00
1002,11,35.26773333,16.0966,27.443,2026-07-27T06:52:26.0000000,UTC+02:00,2026-07-27T04:52:26.0000000+00:00
1003,11,35.27205,16.10206667,27.456,2026-07-27T07:22:18.0000000,UTC+02:00,2026-07-27T05:22:18.0000000+00:00
1004,11,35.27643333,16.1073,27.462,2026-07-27T07:52:00.0000000,UTC+02:00,2026-07-27T05:52:00.0000000+00:00
1005,11,35.28026667,16.11241667,27.463,2026-07-27T08:22:00.0000000,UTC+02:00,2026-07-27T06:22:00.0000000+00:00
1006,11,35.28418333,16.11698333,27.463,2026-07-27T08:52:23.0000000,UTC+02:00,2026-07-27T06:52:23.0000000+00:00
1007,11,35.28768333,16.12105,27.485,2026-07-27T09:22:00.0000000,UTC+02:00,2026-07-27T07:22:00.0000000+00:00
1008,11,35.29115,16.12561667,27.543,2026-07-27T09:52:32.0000000,UTC+02:00,2026-07-27T07:52:32.0000000+00:00
1009,11,35.2948,16.12981667,27.585,2026-07-27T10:22:00.0000000,UTC+02:00,2026-07-27T08:22:00.0000000+00:00
1010,11,35.29956667,16.13378333,27.618,2026-07-27T10:52:00.0000000,UTC+02:00,2026-07-27T08:52:00.0000000+00:00
1011,11,35.30416667,16.13796667,27.637,2026-07-27T11:22:00.0000000,UTC+02:00,2026-07-27T09:22:00.0000000+00:00
1012,11,35.3083,16.14216667,27.626,2026-07-27T11:52:00.0000000,UTC+02:00,2026-07-27T09:52:00.0000000+00:00
1013,11,35.31273333,16.14713333,27.678,2026-07-27T12:22:01.0000000,UTC+02:00,2026-07-27T10:22:01.0000000+00:00
1014,11,35.31726667,16.15263333,27.64,2026-07-27T12:52:00.0000000,UTC+02:00,2026-07-27T10:52:00.0000000+00:00
1015,11,35.3216,16.15793333,27.619,2026-07-27T13:22:00.0000000,UTC+02:00,2026-07-27T11:22:00.0000000+00:00
1016,11,35.32586667,16.16328333,27.662,2026-07-27T13:52:00.0000000,UTC+02:00,2026-07-27T11:52:00.0000000+00:00
1017,11,35.33,16.16893333,27.751,2026-07-27T14:22:19.0000000,UTC+02:00,2026-07-27T12:22:19.0000000+00:00
1018,11,35.33413333,16.17416667,27.751,2026-07-27T14:52:00.0000000,UTC+02:00,2026-07-27T12:52:00.0000000+00:00
1019,11,35.33838333,16.1795,27.788,2026-07-27T15:22:00.0000000,UTC+02:00,2026-07-27T13:22:00.0000000+00:00
1020,11,35.3431,16.18475,27.764,2026-07-27T15:52:00.0000000,UTC+02:00,2026-07-27T13:52:00.0000000+00:00
1021,11,35.34798333,16.18946667,27.716,2026-07-27T16:22:00.0000000,UTC+02:00,2026-07-27T14:22:00.0000000+00:00
1022,11,35.35286667,16.19388333,27.681,2026-07-27T16:52:19.0000000,UTC+02:00,2026-07-27T14:52:19.0000000+00:00
1023,11,35.35736667,16.19908333,27.681,2026-07-27T17:22:30.0000000,UTC+02:00,2026-07-27T15:22:30.0000000+00:00
1024,11,35.36201667,16.20368333,27.68,2026-07-27T17:52:00.0000000,UTC+02:00,2026-07-27T15:52:00.0000000+00:00
1025,11,35.3671,16.20833333,27.644,2026-07-27T18:22:19.0000000,UTC+02:00,2026-07-27T16:22:19.0000000+00:00
1026,11,35.37205,16.21285,27.637,2026-07-27T18:52:00.0000000,UTC+02:00,2026-07-27T16:52:00.0000000+00:00
1027,11,35.3771,16.21738333,27.651,2026-07-27T19:22:00.0000000,UTC+02:00,2026-07-27T17:22:00.0000000+00:00
1028,11,35.38186667,16.2221,27.668,2026-07-27T19:52:00.0000000,UTC+02:00,2026-07-27T17:52:00.0000000+00:00
1029,11,35.38705,16.22681667,27.668,2026-07-27T20:22:00.0000000,UTC+02:00,2026-07-27T18:22:00.0000000+00:00
1030,11,35.39246667,16.23133333,27.611,2026-07-27T20:52:00.0000000,UTC+02:00,2026-07-27T18:52:00.0000000+00:00
1031,11,35.39771667,16.23556667,27.509,2026-07-27T21:22:00.0000000,UTC+02:00,2026-07-27T19:22:00.0000000+00:00
1032,11,35.39928333,16.24111667,27.475,2026-07-27T21:52:04.0000000,UTC+02:00,2026-07-27T19:52:04.0000000+00:00
1033,11,35.39825,16.24716667,27.501,2026-07-27T22:22:25.0000000,UTC+02:00,2026-07-27T20:22:25.0000000+00:00
1034,11,35.39653333,16.25293333,27.519,2026-07-27T22:52:01.0000000,UTC+02:00,2026-07-27T20:52:01.0000000+00:00
1035,11,35.39425,16.25811667,27.529,2026-07-27T23:22:00.0000000,UTC+02:00,2026-07-27T21:22:00.0000000+00:00
1036,11,35.39205,16.26288333,27.535,2026-07-27T23:52:00.0000000,UTC+02:00,2026-07-27T21:52:00.0000000+00:00
1037,11,35.38971667,16.26703333,27.52,2026-07-28T00:22:00.0000000,UTC+02:00,2026-07-27T22:22:00.0000000+00:00
1038,11,35.38796667,16.27025,27.508,2026-07-28T00:52:31.0000000,UTC+02:00,2026-07-27T22:52:31.0000000+00:00
1039,11,35.38678333,16.27236667,27.503,2026-07-28T01:22:00.0000000,UTC+02:00,2026-07-27T23:22:00.0000000+00:00
1040,11,35.38538333,16.2745,27.489,2026-07-28T01:52:00.0000000,UTC+02:00,2026-07-27T23:52:00.0000000+00:00
1041,11,35.38446667,16.27603333,27.524,2026-07-28T02:22:00.0000000,UTC+02:00,2026-07-28T00:22:00.0000000+00:00
1042,11,35.38416667,16.27728333,27.511,2026-07-28T02:52:00.0000000,UTC+02:00,2026-07-28T00:52:00.0000000+00:00
1043,11,35.38418333,16.27771667,27.489,2026-07-28T03:22:25.0000000,UTC+02:00,2026-07-28T01:22:25.0000000+00:00
1044,11,35.38495,16.27771667,27.511,2026-07-28T03:52:01.0000000,UTC+02:00,2026-07-28T01:52:01.0000000+00:00
1045,11,35.38603333,16.27811667,27.531,2026-07-28T04:22:00.0000000,UTC+02:00,2026-07-28T02:22:00.0000000+00:00
1046,11,35.38775,16.27831667,27.51,2026-07-28T04:52:00.0000000,UTC+02:00,2026-07-28T02:52:00.0000000+00:00
1047,11,35.38926667,16.27816667,27.475,2026-07-28T05:22:00.0000000,UTC+02:00,2026-07-28T03:22:00.0000000+00:00
1048,11,35.39091667,16.27715,27.448,2026-07-28T05:52:50.0000000,UTC+02:00,2026-07-28T03:52:50.0000000+00:00
1049,11,35.39286667,16.27566667,27.422,2026-07-28T06:22:01.0000000,UTC+02:00,2026-07-28T04:22:01.0000000+00:00
1050,11,35.39508333,16.27386667,27.414,2026-07-28T06:52:00.0000000,UTC+02:00,2026-07-28T04:52:00.0000000+00:00
1051,11,35.39733333,16.27225,27.423,2026-07-28T07:22:01.0000000,UTC+02:00,2026-07-28T05:22:01.0000000+00:00
1052,11,35.39961667,16.27126667,27.421,2026-07-28T07:52:19.0000000,UTC+02:00,2026-07-28T05:52:19.0000000+00:00
1053,11,35.40183333,16.27001667,27.442,2026-07-28T08:22:00.0000000,UTC+02:00,2026-07-28T06:22:00.0000000+00:00
1054,11,35.40486667,16.26843333,27.446,2026-07-28T08:52:00.0000000,UTC+02:00,2026-07-28T06:52:00.0000000+00:00
1055,11,35.40858333,16.26713333,27.458,2026-07-28T09:22:01.0000000,UTC+02:00,2026-07-28T07:22:01.0000000+00:00
1056,11,35.4126,16.26583333,27.512,2026-07-28T09:52:00.0000000,UTC+02:00,2026-07-28T07:52:00.0000000+00:00
1057,11,35.41766667,16.26441667,27.539,2026-07-28T10:22:01.0000000,UTC+02:00,2026-07-28T08:22:01.0000000+00:00
1058,11,35.42335,16.26358333,27.524,2026-07-28T10:52:00.0000000,UTC+02:00,2026-07-28T08:52:00.0000000+00:00
1059,11,35.4292,16.26351667,27.512,2026-07-28T11:22:00.0000000,UTC+02:00,2026-07-28T09:22:00.0000000+00:00
1060,11,35.43508333,16.26353333,27.518,2026-07-28T11:52:00.0000000,UTC+02:00,2026-07-28T09:52:00.0000000+00:00
1061,11,35.44085,16.26391667,27.609,2026-07-28T12:22:00.0000000,UTC+02:00,2026-07-28T10:22:00.0000000+00:00
1062,11,35.4465,16.26446667,27.65,2026-07-28T12:52:00.0000000,UTC+02:00,2026-07-28T10:52:00.0000000+00:00
1063,11,35.4522,16.26561667,27.699,2026-07-28T13:22:00.0000000,UTC+02:00,2026-07-28T11:22:00.0000000+00:00
1064,11,35.45766667,16.26751667,27.691,2026-07-28T13:52:00.0000000,UTC+02:00,2026-07-28T11:52:00.0000000+00:00
1065,11,35.46285,16.27063333,27.739,2026-07-28T14:22:00.0000000,UTC+02:00,2026-07-28T12:22:00.0000000+00:00
1066,11,35.46695,16.27498333,27.834,2026-07-28T14:52:03.0000000,UTC+02:00,2026-07-28T12:52:03.0000000+00:00
1067,11,35.46903333,16.2799,27.855,2026-07-28T15:22:00.0000000,UTC+02:00,2026-07-28T13:22:00.0000000+00:00
1068,11,35.4709,16.28305,27.997,2026-07-28T15:52:00.0000000,UTC+02:00,2026-07-28T13:52:00.0000000+00:00
1069,11,35.47246667,16.28756667,28.122,2026-07-28T16:22:24.0000000,UTC+02:00,2026-07-28T14:22:24.0000000+00:00
1070,11,35.47288333,16.292,28.148,2026-07-28T16:52:00.0000000,UTC+02:00,2026-07-28T14:52:00.0000000+00:00
1071,11,35.47211667,16.29628333,28.185,2026-07-28T17:22:24.0000000,UTC+02:00,2026-07-28T15:22:24.0000000+00:00
1072,11,35.47085,16.29881667,28.106,2026-07-28T17:52:19.0000000,UTC+02:00,2026-07-28T15:52:19.0000000+00:00
1073,11,35.4698,16.30033333,28.025,2026-07-28T18:22:55.0000000,UTC+02:00,2026-07-28T16:22:55.0000000+00:00
1074,11,35.46856667,16.3018,27.968,2026-07-28T18:52:25.0000000,UTC+02:00,2026-07-28T16:52:25.0000000+00:00
1075,11,35.46646667,16.30311667,27.957,2026-07-28T19:22:00.0000000,UTC+02:00,2026-07-28T17:22:00.0000000+00:00
1076,11,35.46365,16.30408333,27.899,2026-07-28T19:52:19.0000000,UTC+02:00,2026-07-28T17:52:19.0000000+00:00
1077,11,35.46095,16.30481667,27.905,2026-07-28T20:22:25.0000000,UTC+02:00,2026-07-28T18:22:25.0000000+00:00
1078,11,35.45851667,16.30496667,27.874,2026-07-28T20:52:00.0000000,UTC+02:00,2026-07-28T18:52:00.0000000+00:00
1079,11,35.45605,16.30423333,27.858,2026-07-28T21:22:00.0000000,UTC+02:00,2026-07-28T19:22:00.0000000+00:00
1080,11,35.45376667,16.30251667,27.828,2026-07-28T21:52:00.0000000,UTC+02:00,2026-07-28T19:52:00.0000000+00:00
1081,11,35.45161667,16.30003333,27.807,2026-07-28T22:22:19.0000000,UTC+02:00,2026-07-28T20:22:19.0000000+00:00
1082,11,35.44975,16.29648333,27.79,2026-07-28T22:52:00.0000000,UTC+02:00,2026-07-28T20:52:00.0000000+00:00
1083,11,35.4478,16.29241667,27.768,2026-07-28T23:22:00.0000000,UTC+02:00,2026-07-28T21:22:00.0000000+00:00
1084,11,35.44656667,16.28771667,27.759,2026-07-28T23:52:00.0000000,UTC+02:00,2026-07-28T21:52:00.0000000+00:00
1085,11,35.44563333,16.28241667,27.743,2026-07-29T00:22:01.0000000,UTC+02:00,2026-07-28T22:22:01.0000000+00:00
1086,11,35.4452,16.27695,27.727,2026-07-29T00:52:00.0000000,UTC+02:00,2026-07-28T22:52:00.0000000+00:00
1087,11,35.44505,16.27135,27.721,2026-07-29T01:22:02.0000000,UTC+02:00,2026-07-28T23:22:02.0000000+00:00
1088,11,35.44523333,16.26613333,27.705,2026-07-29T01:52:00.0000000,UTC+02:00,2026-07-28T23:52:00.0000000+00:00
1089,11,35.44578333,16.26103333,27.677,2026-07-29T02:22:01.0000000,UTC+02:00,2026-07-29T00:22:01.0000000+00:00
1090,11,35.44711667,16.2553,27.659,2026-07-29T02:52:00.0000000,UTC+02:00,2026-07-29T00:52:00.0000000+00:00
1091,11,35.44926667,16.2497,27.68,2026-07-29T03:22:00.0000000,UTC+02:00,2026-07-29T01:22:00.0000000+00:00
1092,11,35.4525,16.24401667,27.739,2026-07-29T03:52:00.0000000,UTC+02:00,2026-07-29T01:52:00.0000000+00:00
1093,11,35.45625,16.23856667,27.813,2026-07-29T04:22:00.0000000,UTC+02:00,2026-07-29T02:22:00.0000000+00:00
1094,11,35.46038333,16.23351667,27.899,2026-07-29T04:52:00.0000000,UTC+02:00,2026-07-29T02:52:00.0000000+00:00
1095,11,35.46488333,16.2289,27.947,2026-07-29T05:22:00.0000000,UTC+02:00,2026-07-29T03:22:00.0000000+00:00
1096,11,35.46896667,16.22511667,27.988,2026-07-29T05:52:00.0000000,UTC+02:00,2026-07-29T03:52:00.0000000+00:00
1097,11,35.47338333,16.22208333,28.017,2026-07-29T06:22:01.0000000,UTC+02:00,2026-07-29T04:22:01.0000000+00:00
1098,11,35.47868333,16.21918333,28.033,2026-07-29T06:52:03.0000000,UTC+02:00,2026-07-29T04:52:03.0000000+00:00
1099,11,35.48471667,16.21666667,28.058,2026-07-29T07:22:01.0000000,UTC+02:00,2026-07-29T05:22:01.0000000+00:00
1100,11,35.4906,16.21473333,28.05,2026-07-29T07:52:00.0000000,UTC+02:00,2026-07-29T05:52:00.0000000+00:00
1101,11,35.49611667,16.21333333,28.031,2026-07-29T08:22:00.0000000,UTC+02:00,2026-07-29T06:22:00.0000000+00:00
1102,11,35.50151667,16.21255,28.041,2026-07-29T08:52:23.0000000,UTC+02:00,2026-07-29T06:52:23.0000000+00:00
1103,11,35.50735,16.2124,28.046,2026-07-29T09:22:31.0000000,UTC+02:00,2026-07-29T07:22:31.0000000+00:00
1104,11,35.5129,16.21298333,28.061,2026-07-29T09:52:19.0000000,UTC+02:00,2026-07-29T07:52:19.0000000+00:00
1105,11,35.51803333,16.21335,28.068,2026-07-29T10:22:00.0000000,UTC+02:00,2026-07-29T08:22:00.0000000+00:00
1106,11,35.52296667,16.21375,28.078,2026-07-29T10:52:01.0000000,UTC+02:00,2026-07-29T08:52:01.0000000+00:00
1107,11,35.52758333,16.2141,28.109,2026-07-29T11:22:00.0000000,UTC+02:00,2026-07-29T09:22:00.0000000+00:00
1108,11,35.53206667,16.21471667,28.107,2026-07-29T11:52:00.0000000,UTC+02:00,2026-07-29T09:52:00.0000000+00:00
1109,11,35.53606667,16.21591667,28.116,2026-07-29T12:22:00.0000000,UTC+02:00,2026-07-29T10:22:00.0000000+00:00
1110,11,35.53983333,16.21675,28.109,2026-07-29T12:52:00.0000000,UTC+02:00,2026-07-29T10:52:00.0000000+00:00
1111,11,35.54355,16.21793333,28.113,2026-07-29T13:22:00.0000000,UTC+02:00,2026-07-29T11:22:00.0000000+00:00
1112,11,35.54645,16.21926667,28.16,2026-07-29T13:52:00.0000000,UTC+02:00,2026-07-29T11:52:00.0000000+00:00
1113,11,35.54935,16.22056667,28.157,2026-07-29T14:22:01.0000000,UTC+02:00,2026-07-29T12:22:01.0000000+00:00
1114,11,35.55178333,16.22146667,28.176,2026-07-29T14:52:00.0000000,UTC+02:00,2026-07-29T12:52:00.0000000+00:00
1115,11,35.55381667,16.22218333,28.201,2026-07-29T15:22:00.0000000,UTC+02:00,2026-07-29T13:22:00.0000000+00:00
1116,11,35.55565,16.22295,28.23,2026-07-29T15:52:00.0000000,UTC+02:00,2026-07-29T13:52:00.0000000+00:00
1117,11,35.55661667,16.22355,28.25,2026-07-29T16:22:03.0000000,UTC+02:00,2026-07-29T14:22:03.0000000+00:00
1118,11,35.55706667,16.22365,28.242,2026-07-29T16:52:00.0000000,UTC+02:00,2026-07-29T14:52:00.0000000+00:00
1119,11,35.55725,16.22298333,28.245,2026-07-29T17:22:08.0000000,UTC+02:00,2026-07-29T15:22:08.0000000+00:00
1120,11,35.55718333,16.22116667,28.235,2026-07-29T17:52:22.0000000,UTC+02:00,2026-07-29T15:52:22.0000000+00:00
1121,11,35.55611667,16.21908333,28.24,2026-07-29T18:22:31.0000000,UTC+02:00,2026-07-29T16:22:31.0000000+00:00
1122,11,35.55515,16.21701667,28.205,2026-07-29T18:52:01.0000000,UTC+02:00,2026-07-29T16:52:01.0000000+00:00
1123,11,35.55438333,16.21466667,28.209,2026-07-29T19:22:01.0000000,UTC+02:00,2026-07-29T17:22:01.0000000+00:00
1124,11,35.55341667,16.21178333,28.168,2026-07-29T19:52:00.0000000,UTC+02:00,2026-07-29T17:52:00.0000000+00:00
1125,11,35.5531,16.20848333,28.158,2026-07-29T20:22:00.0000000,UTC+02:00,2026-07-29T18:22:00.0000000+00:00
1126,11,35.55273333,16.20508333,28.139,2026-07-29T20:52:00.0000000,UTC+02:00,2026-07-29T18:52:00.0000000+00:00
1127,11,35.5526,16.20116667,28.107,2026-07-29T21:22:00.0000000,UTC+02:00,2026-07-29T19:22:00.0000000+00:00
1128,11,35.55318333,16.19688333,28.117,2026-07-29T21:52:00.0000000,UTC+02:00,2026-07-29T19:52:00.0000000+00:00
1129,11,35.55393333,16.19268333,28.104,2026-07-29T22:22:00.0000000,UTC+02:00,2026-07-29T20:22:00.0000000+00:00
1130,11,35.5553,16.18768333,28.101,2026-07-29T22:52:19.0000000,UTC+02:00,2026-07-29T20:52:19.0000000+00:00
1131,11,35.55648333,16.18275,28.086,2026-07-29T23:22:00.0000000,UTC+02:00,2026-07-29T21:22:00.0000000+00:00
1132,11,35.55705,16.17721667,28.078,2026-07-29T23:52:00.0000000,UTC+02:00,2026-07-29T21:52:00.0000000+00:00
1133,11,35.55778333,16.17165,28.078,2026-07-30T00:22:00.0000000,UTC+02:00,2026-07-29T22:22:00.0000000+00:00
1134,11,35.55883333,16.16588333,28.072,2026-07-30T00:52:00.0000000,UTC+02:00,2026-07-29T22:52:00.0000000+00:00
1135,11,35.55958333,16.1605,28.067,2026-07-30T01:22:25.0000000,UTC+02:00,2026-07-29T23:22:25.0000000+00:00
1136,11,35.56025,16.15476667,28.046,2026-07-30T01:52:00.0000000,UTC+02:00,2026-07-29T23:52:00.0000000+00:00
1137,11,35.56146667,16.14848333,28.044,2026-07-30T02:22:00.0000000,UTC+02:00,2026-07-30T00:22:00.0000000+00:00
1138,11,35.56285,16.14241667,28.033,2026-07-30T02:52:00.0000000,UTC+02:00,2026-07-30T00:52:00.0000000+00:00
1139,11,35.56441667,16.13646667,28.022,2026-07-30T03:22:00.0000000,UTC+02:00,2026-07-30T01:22:00.0000000+00:00
1140,11,35.56673333,16.1306,28.006,2026-07-30T03:52:01.0000000,UTC+02:00,2026-07-30T01:52:01.0000000+00:00
1141,11,35.56966667,16.12496667,27.991,2026-07-30T04:22:01.0000000,UTC+02:00,2026-07-30T02:22:01.0000000+00:00
1142,11,35.57281667,16.12005,27.983,2026-07-30T04:52:00.0000000,UTC+02:00,2026-07-30T02:52:00.0000000+00:00
1143,11,35.57638333,16.11563333,27.976,2026-07-30T05:22:01.0000000,UTC+02:00,2026-07-30T03:22:01.0000000+00:00
1144,11,35.58043333,16.11206667,27.972,2026-07-30T05:52:00.0000000,UTC+02:00,2026-07-30T03:52:00.0000000+00:00
1145,11,35.58408333,16.10958333,27.967,2026-07-30T06:22:00.0000000,UTC+02:00,2026-07-30T04:22:00.0000000+00:00
1146,11,35.58728333,16.10753333,27.956,2026-07-30T06:52:00.0000000,UTC+02:00,2026-07-30T04:52:00.0000000+00:00
1147,11,35.58986667,16.10548333,27.949,2026-07-30T07:22:17.0000000,UTC+02:00,2026-07-30T05:22:17.0000000+00:00
1148,11,35.5925,16.10373333,27.935,2026-07-30T07:52:00.0000000,UTC+02:00,2026-07-30T05:52:00.0000000+00:00
1149,11,35.59491667,16.10263333,27.938,2026-07-30T08:22:00.0000000,UTC+02:00,2026-07-30T06:22:00.0000000+00:00
1150,11,35.59713333,16.10226667,27.941,2026-07-30T08:53:01.0000000,UTC+02:00,2026-07-30T06:53:01.0000000+00:00
1151,11,35.59905,16.10203333,27.929,2026-07-30T09:22:01.0000000,UTC+02:00,2026-07-30T07:22:01.0000000+00:00
1152,11,35.60095,16.10236667,27.924,2026-07-30T09:52:00.0000000,UTC+02:00,2026-07-30T07:52:00.0000000+00:00
1153,11,35.6021,16.10288333,27.926,2026-07-30T10:22:00.0000000,UTC+02:00,2026-07-30T08:22:00.0000000+00:00
1154,11,35.6029,16.10388333,27.948,2026-07-30T10:52:00.0000000,UTC+02:00,2026-07-30T08:52:00.0000000+00:00
1155,11,35.60336667,16.10468333,27.977,2026-07-30T11:22:00.0000000,UTC+02:00,2026-07-30T09:22:00.0000000+00:00
1156,11,35.6031,16.10505,28.025,2026-07-30T11:52:00.0000000,UTC+02:00,2026-07-30T09:52:00.0000000+00:00
1157,11,35.60185,16.10521667,28.075,2026-07-30T12:22:00.0000000,UTC+02:00,2026-07-30T10:22:00.0000000+00:00
1158,11,35.5996,16.10418333,28.114,2026-07-30T12:52:00.0000000,UTC+02:00,2026-07-30T10:52:00.0000000+00:00
1159,11,35.59691667,16.10295,28.142,2026-07-30T13:22:00.0000000,UTC+02:00,2026-07-30T11:22:00.0000000+00:00
1160,11,35.59418333,16.10068333,28.157,2026-07-30T13:52:00.0000000,UTC+02:00,2026-07-30T11:52:00.0000000+00:00
1161,11,35.59165,16.09746667,28.209,2026-07-30T14:22:00.0000000,UTC+02:00,2026-07-30T12:22:00.0000000+00:00
1162,11,35.58903333,16.09373333,28.251,2026-07-30T14:52:00.0000000,UTC+02:00,2026-07-30T12:52:00.0000000+00:00
1163,11,35.5864,16.08946667,28.268,2026-07-30T15:22:03.0000000,UTC+02:00,2026-07-30T13:22:03.0000000+00:00
1164,11,35.58391667,16.08393333,28.255,2026-07-30T15:52:19.0000000,UTC+02:00,2026-07-30T13:52:19.0000000+00:00
1165,11,35.5819,16.07806667,28.269,2026-07-30T16:22:55.0000000,UTC+02:00,2026-07-30T14:22:55.0000000+00:00
1166,11,35.57908333,16.07228333,28.309,2026-07-30T16:52:00.0000000,UTC+02:00,2026-07-30T14:52:00.0000000+00:00
1167,11,35.57608333,16.06536667,28.325,2026-07-30T17:22:32.0000000,UTC+02:00,2026-07-30T15:22:32.0000000+00:00
1168,11,35.5742,16.05905,28.305,2026-07-30T17:52:00.0000000,UTC+02:00,2026-07-30T15:52:00.0000000+00:00
1169,11,35.57196667,16.05248333,28.266,2026-07-30T18:22:00.0000000,UTC+02:00,2026-07-30T16:22:00.0000000+00:00
1170,11,35.57053333,16.04648333,28.262,2026-07-30T18:52:17.0000000,UTC+02:00,2026-07-30T16:52:17.0000000+00:00
1171,11,35.57021667,16.04083333,28.226,2026-07-30T19:22:00.0000000,UTC+02:00,2026-07-30T17:22:00.0000000+00:00
1172,11,35.57075,16.0359,28.228,2026-07-30T19:52:00.0000000,UTC+02:00,2026-07-30T17:52:00.0000000+00:00
1173,11,35.57121667,16.03213333,28.209,2026-07-30T20:22:01.0000000,UTC+02:00,2026-07-30T18:22:01.0000000+00:00
1174,11,35.57181667,16.02858333,28.162,2026-07-30T20:52:00.0000000,UTC+02:00,2026-07-30T18:52:00.0000000+00:00
1175,11,35.57206667,16.02563333,28.175,2026-07-30T21:22:00.0000000,UTC+02:00,2026-07-30T19:22:00.0000000+00:00
1176,11,35.57266667,16.02303333,28.129,2026-07-30T21:52:01.0000000,UTC+02:00,2026-07-30T19:52:01.0000000+00:00
1177,11,35.57268333,16.02075,28.105,2026-07-30T22:22:01.0000000,UTC+02:00,2026-07-30T20:22:01.0000000+00:00
1178,11,35.57223333,16.01893333,28.07,2026-07-30T22:52:00.0000000,UTC+02:00,2026-07-30T20:52:00.0000000+00:00
1179,11,35.5713,16.01751667,28.011,2026-07-30T23:22:00.0000000,UTC+02:00,2026-07-30T21:22:00.0000000+00:00
1180,11,35.57015,16.01656667,28.013,2026-07-30T23:52:01.0000000,UTC+02:00,2026-07-30T21:52:01.0000000+00:00
1181,11,35.56906667,16.01641667,27.966,2026-07-31T00:22:00.0000000,UTC+02:00,2026-07-30T22:22:00.0000000+00:00
1182,11,35.5682,16.01706667,27.941,2026-07-31T00:52:00.0000000,UTC+02:00,2026-07-30T22:52:00.0000000+00:00
1183,11,35.56733333,16.01806667,27.95,2026-07-31T01:22:00.0000000,UTC+02:00,2026-07-30T23:22:00.0000000+00:00
1184,11,35.5658,16.01948333,27.939,2026-07-31T01:52:00.0000000,UTC+02:00,2026-07-30T23:52:00.0000000+00:00
1185,11,35.56413333,16.02093333,27.926,2026-07-31T02:22:00.0000000,UTC+02:00,2026-07-31T00:22:00.0000000+00:00
1186,11,35.56198333,16.023,27.909,2026-07-31T02:52:00.0000000,UTC+02:00,2026-07-31T00:52:00.0000000+00:00
1187,11,35.55938333,16.0256,27.895,2026-07-31T03:22:02.0000000,UTC+02:00,2026-07-31T01:22:02.0000000+00:00
1188,11,35.55608333,16.02826667,27.869,2026-07-31T03:52:01.0000000,UTC+02:00,2026-07-31T01:52:01.0000000+00:00
1189,11,35.55253333,16.03061667,27.866,2026-07-31T04:22:19.0000000,UTC+02:00,2026-07-31T02:22:19.0000000+00:00
1190,11,35.54883333,16.03283333,27.871,2026-07-31T04:52:00.0000000,UTC+02:00,2026-07-31T02:52:00.0000000+00:00
1191,11,35.54451667,16.0346,27.829,2026-07-31T05:22:00.0000000,UTC+02:00,2026-07-31T03:22:00.0000000+00:00
1192,11,35.53985,16.03613333,27.799,2026-07-31T05:52:00.0000000,UTC+02:00,2026-07-31T03:52:00.0000000+00:00
1193,11,35.53458333,16.03706667,27.83,2026-07-31T06:22:00.0000000,UTC+02:00,2026-07-31T04:22:00.0000000+00:00
1194,11,35.52926667,16.03781667,27.826,2026-07-31T06:52:00.0000000,UTC+02:00,2026-07-31T04:52:00.0000000+00:00
1195,11,35.52453333,16.03848333,27.818,2026-07-31T07:22:00.0000000,UTC+02:00,2026-07-31T05:22:00.0000000+00:00
1196,11,35.51951667,16.03865,27.815,2026-07-31T07:52:00.0000000,UTC+02:00,2026-07-31T05:52:00.0000000+00:00
1197,11,35.51443333,16.03881667,27.808,2026-07-31T08:22:00.0000000,UTC+02:00,2026-07-31T06:22:00.0000000+00:00
1198,11,35.5094,16.03851667,27.824,2026-07-31T08:52:00.0000000,UTC+02:00,2026-07-31T06:52:00.0000000+00:00
1199,11,35.50426667,16.03798333,27.853,2026-07-31T09:22:00.0000000,UTC+02:00,2026-07-31T07:22:00.0000000+00:00
1200,11,35.4996,16.03731667,27.877,2026-07-31T09:52:00.0000000,UTC+02:00,2026-07-31T07:52:00.0000000+00:00
1201,11,35.4956,16.03633333,27.919,2026-07-31T10:22:00.0000000,UTC+02:00,2026-07-31T08:22:00.0000000+00:00
1202,11,35.4916,16.03591667,27.917,2026-07-31T10:52:00.0000000,UTC+02:00,2026-07-31T08:52:00.0000000+00:00
1203,11,35.48768333,16.0359,27.961,2026-07-31T11:22:00.0000000,UTC+02:00,2026-07-31T09:22:00.0000000+00:00
1204,11,35.48368333,16.0363,28.053,2026-07-31T11:52:00.0000000,UTC+02:00,2026-07-31T09:52:00.0000000+00:00
1205,11,35.47923333,16.03706667,28.102,2026-07-31T12:22:01.0000000,UTC+02:00,2026-07-31T10:22:01.0000000+00:00
1206,11,35.47433333,16.0382,28.181,2026-07-31T12:52:00.0000000,UTC+02:00,2026-07-31T10:52:00.0000000+00:00
1207,11,35.4691,16.0388,28.189,2026-07-31T13:22:00.0000000,UTC+02:00,2026-07-31T11:22:00.0000000+00:00
1208,11,35.46353333,16.03871667,28.199,2026-07-31T13:52:00.0000000,UTC+02:00,2026-07-31T11:52:00.0000000+00:00
1209,11,35.45798333,16.03835,28.167,2026-07-31T14:22:00.0000000,UTC+02:00,2026-07-31T12:22:00.0000000+00:00
1210,11,35.45225,16.03733333,28.141,2026-07-31T14:52:00.0000000,UTC+02:00,2026-07-31T12:52:00.0000000+00:00
1211,11,35.44638333,16.03621667,28.144,2026-07-31T15:22:00.0000000,UTC+02:00,2026-07-31T13:22:00.0000000+00:00
1212,11,35.44011667,16.03496667,28.161,2026-07-31T15:52:00.0000000,UTC+02:00,2026-07-31T13:52:00.0000000+00:00
1213,11,35.43435,16.03313333,28.174,2026-07-31T16:22:00.0000000,UTC+02:00,2026-07-31T14:22:00.0000000+00:00
1214,11,35.42891667,16.03083333,28.153,2026-07-31T16:52:00.0000000,UTC+02:00,2026-07-31T14:52:00.0000000+00:00
1215,11,35.42385,16.028,28.143,2026-07-31T17:22:17.0000000,UTC+02:00,2026-07-31T15:22:17.0000000+00:00
1216,11,35.41895,16.0253,28.105,2026-07-31T17:52:01.0000000,UTC+02:00,2026-07-31T15:52:01.0000000+00:00
1217,11,35.41426667,16.02251667,28.017,2026-07-31T18:22:01.0000000,UTC+02:00,2026-07-31T16:22:01.0000000+00:00
1218,11,35.41016667,16.0195,28.031,2026-07-31T18:52:00.0000000,UTC+02:00,2026-07-31T16:52:00.0000000+00:00
1219,11,35.40635,16.01665,27.996,2026-07-31T19:22:00.0000000,UTC+02:00,2026-07-31T17:22:00.0000000+00:00
1220,11,35.40298333,16.0143,27.969,2026-07-31T19:52:00.0000000,UTC+02:00,2026-07-31T17:52:00.0000000+00:00
1221,11,35.39946667,16.01235,27.929,2026-07-31T20:22:00.0000000,UTC+02:00,2026-07-31T18:22:00.0000000+00:00
1222,11,35.39656667,16.00998333,27.887,2026-07-31T20:52:00.0000000,UTC+02:00,2026-07-31T18:52:00.0000000+00:00
1223,11,35.39411667,16.00808333,27.877,2026-07-31T21:22:00.0000000,UTC+02:00,2026-07-31T19:22:00.0000000+00:00
1224,11,35.39168333,16.00635,27.78,2026-07-31T21:52:00.0000000,UTC+02:00,2026-07-31T19:52:00.0000000+00:00
1225,11,35.38951667,16.00496667,27.755,2026-07-31T22:22:00.0000000,UTC+02:00,2026-07-31T20:22:00.0000000+00:00
1226,11,35.38721667,16.00386667,27.766,2026-07-31T22:52:00.0000000,UTC+02:00,2026-07-31T20:52:00.0000000+00:00
1227,11,35.38455,16.00321667,27.753,2026-07-31T23:22:25.0000000,UTC+02:00,2026-07-31T21:22:25.0000000+00:00
1228,11,35.38188333,16.00265,27.768,2026-07-31T23:52:20.0000000,UTC+02:00,2026-07-31T21:52:20.0000000+00:00
1229,11,35.37945,16.00281667,27.763,2026-08-01T00:22:00.0000000,UTC+02:00,2026-07-31T22:22:00.0000000+00:00
1230,11,35.37755,16.00293333,27.782,2026-08-01T00:52:00.0000000,UTC+02:00,2026-07-31T22:52:00.0000000+00:00
1231,11,35.37568333,16.00378333,27.783,2026-08-01T01:22:00.0000000,UTC+02:00,2026-07-31T23:22:00.0000000+00:00
1232,11,35.37408333,16.00495,27.782,2026-08-01T01:52:17.0000000,UTC+02:00,2026-07-31T23:52:17.0000000+00:00
1233,11,35.37255,16.00601667,27.748,2026-08-01T02:22:00.0000000,UTC+02:00,2026-08-01T00:22:00.0000000+00:00
1234,11,35.3709,16.00728333,27.687,2026-08-01T02:52:00.0000000,UTC+02:00,2026-08-01T00:52:00.0000000+00:00
1235,11,35.36908333,16.00841667,27.707,2026-08-01T03:22:00.0000000,UTC+02:00,2026-08-01T01:22:00.0000000+00:00
1236,11,35.36673333,16.00945,27.642,2026-08-01T03:52:00.0000000,UTC+02:00,2026-08-01T01:52:00.0000000+00:00
1237,11,35.3643,16.0107,27.671,2026-08-01T04:22:01.0000000,UTC+02:00,2026-08-01T02:22:01.0000000+00:00
1238,11,35.36188333,16.0123,27.655,2026-08-01T04:52:00.0000000,UTC+02:00,2026-08-01T02:52:00.0000000+00:00
1239,11,35.35963333,16.01325,27.662,2026-08-01T05:22:00.0000000,UTC+02:00,2026-08-01T03:22:00.0000000+00:00
1240,11,35.35755,16.01411667,27.617,2026-08-01T05:52:01.0000000,UTC+02:00,2026-08-01T03:52:01.0000000+00:00
1241,11,35.35578333,16.01598333,27.57,2026-08-01T06:22:00.0000000,UTC+02:00,2026-08-01T04:22:00.0000000+00:00
1242,11,35.35411667,16.0186,27.574,2026-08-01T06:52:00.0000000,UTC+02:00,2026-08-01T04:52:00.0000000+00:00
1243,11,35.35246667,16.0214,27.626,2026-08-01T07:22:00.0000000,UTC+02:00,2026-08-01T05:22:00.0000000+00:00
1244,11,35.3501,16.02515,27.526,2026-08-01T07:52:17.0000000,UTC+02:00,2026-08-01T05:52:17.0000000+00:00
1245,11,35.34691667,16.02893333,27.482,2026-08-01T08:22:00.0000000,UTC+02:00,2026-08-01T06:22:00.0000000+00:00
1246,11,35.34295,16.03311667,27.479,2026-08-01T08:52:31.0000000,UTC+02:00,2026-08-01T06:52:31.0000000+00:00
1247,11,35.33868333,16.03766667,27.517,2026-08-01T09:22:00.0000000,UTC+02:00,2026-08-01T07:22:00.0000000+00:00
1248,11,35.33381667,16.04208333,27.592,2026-08-01T09:52:00.0000000,UTC+02:00,2026-08-01T07:52:00.0000000+00:00
1249,11,35.32893333,16.0461,27.705,2026-08-01T10:22:00.0000000,UTC+02:00,2026-08-01T08:22:00.0000000+00:00
1250,11,35.3241,16.04961667,27.816,2026-08-01T10:52:00.0000000,UTC+02:00,2026-08-01T08:52:00.0000000+00:00
1251,11,35.3189,16.05261667,27.89,2026-08-01T11:22:00.0000000,UTC+02:00,2026-08-01T09:22:00.0000000+00:00
1252,11,35.3129,16.05475,27.993,2026-08-01T11:52:00.0000000,UTC+02:00,2026-08-01T09:52:00.0000000+00:00
1253,11,35.30655,16.05573333,28.136,2026-08-01T12:22:01.0000000,UTC+02:00,2026-08-01T10:22:01.0000000+00:00
1254,11,35.29983333,16.0562,28.246,2026-08-01T12:52:19.0000000,UTC+02:00,2026-08-01T10:52:19.0000000+00:00
1255,11,35.29323333,16.05645,28.174,2026-08-01T13:22:25.0000000,UTC+02:00,2026-08-01T11:22:25.0000000+00:00
1256,11,35.28715,16.05533333,28.396,2026-08-01T13:52:00.0000000,UTC+02:00,2026-08-01T11:52:00.0000000+00:00
1257,11,35.2817,16.05318333,28.554,2026-08-01T14:22:00.0000000,UTC+02:00,2026-08-01T12:22:00.0000000+00:00
1258,11,35.27708333,16.05098333,28.565,2026-08-01T14:52:00.0000000,UTC+02:00,2026-08-01T12:52:00.0000000+00:00
1259,11,35.27351667,16.04906667,28.683,2026-08-01T15:22:01.0000000,UTC+02:00,2026-08-01T13:22:01.0000000+00:00
1260,11,35.27068333,16.04798333,28.811,2026-08-01T15:52:19.0000000,UTC+02:00,2026-08-01T13:52:19.0000000+00:00
1261,11,35.26863333,16.04728333,28.873,2026-08-01T16:22:00.0000000,UTC+02:00,2026-08-01T14:22:00.0000000+00:00
1262,11,35.26658333,16.0472,28.788,2026-08-01T16:52:00.0000000,UTC+02:00,2026-08-01T14:52:00.0000000+00:00
1263,11,35.26515,16.04721667,28.84,2026-08-01T17:22:00.0000000,UTC+02:00,2026-08-01T15:22:00.0000000+00:00
1264,11,35.26408333,16.04778333,28.905,2026-08-01T17:52:00.0000000,UTC+02:00,2026-08-01T15:52:00.0000000+00:00
1265,11,35.26343333,16.04901667,28.896,2026-08-01T18:22:00.0000000,UTC+02:00,2026-08-01T16:22:00.0000000+00:00
1266,11,35.26298333,16.05076667,28.872,2026-08-01T18:52:00.0000000,UTC+02:00,2026-08-01T16:52:00.0000000+00:00
1267,11,35.26283333,16.05293333,28.855,2026-08-01T19:22:00.0000000,UTC+02:00,2026-08-01T17:22:00.0000000+00:00
1268,11,35.26278333,16.05573333,28.839,2026-08-01T19:52:00.0000000,UTC+02:00,2026-08-01T17:52:00.0000000+00:00
1269,11,35.26215,16.05975,28.824,2026-08-01T20:22:00.0000000,UTC+02:00,2026-08-01T18:22:00.0000000+00:00
1270,11,35.2621,16.06396667,28.822,2026-08-01T20:52:01.0000000,UTC+02:00,2026-08-01T18:52:01.0000000+00:00
1271,11,35.26123333,16.06916667,28.745,2026-08-01T21:22:00.0000000,UTC+02:00,2026-08-01T19:22:00.0000000+00:00
1272,11,35.26065,16.07478333,28.69,2026-08-01T21:52:01.0000000,UTC+02:00,2026-08-01T19:52:01.0000000+00:00
1273,11,35.25968333,16.08133333,28.654,2026-08-01T22:22:00.0000000,UTC+02:00,2026-08-01T20:22:00.0000000+00:00
1274,11,35.25853333,16.08801667,28.575,2026-08-01T22:52:00.0000000,UTC+02:00,2026-08-01T20:52:00.0000000+00:00
1275,11,35.2575,16.09468333,28.541,2026-08-01T23:22:20.0000000,UTC+02:00,2026-08-01T21:22:20.0000000+00:00
1276,11,35.25648333,16.10168333,28.431,2026-08-01T23:52:00.0000000,UTC+02:00,2026-08-01T21:52:00.0000000+00:00
1277,11,35.25563333,16.11008333,28.376,2026-08-02T00:22:00.0000000,UTC+02:00,2026-08-01T22:22:00.0000000+00:00
1278,11,35.2546,16.11885,28.248,2026-08-02T00:52:00.0000000,UTC+02:00,2026-08-01T22:52:00.0000000+00:00
1279,11,35.25308333,16.12773333,28.126,2026-08-02T01:22:00.0000000,UTC+02:00,2026-08-01T23:22:00.0000000+00:00
1280,11,35.25105,16.13678333,27.939,2026-08-02T01:52:00.0000000,UTC+02:00,2026-08-01T23:52:00.0000000+00:00
1281,11,35.24935,16.14596667,27.973,2026-08-02T02:22:01.0000000,UTC+02:00,2026-08-02T00:22:01.0000000+00:00
1282,11,35.24768333,16.1548,27.907,2026-08-02T02:52:00.0000000,UTC+02:00,2026-08-02T00:52:00.0000000+00:00
1283,11,35.24628333,16.16383333,27.899,2026-08-02T03:22:00.0000000,UTC+02:00,2026-08-02T01:22:00.0000000+00:00
1284,11,35.24548333,16.17371667,27.966,2026-08-02T03:52:01.0000000,UTC+02:00,2026-08-02T01:52:01.0000000+00:00
1285,11,35.24481667,16.1831,27.952,2026-08-02T04:22:00.0000000,UTC+02:00,2026-08-02T02:22:00.0000000+00:00
1286,11,35.24431667,16.19173333,27.948,2026-08-02T04:52:00.0000000,UTC+02:00,2026-08-02T02:52:00.0000000+00:00
1287,11,35.24411667,16.19956667,27.894,2026-08-02T05:22:00.0000000,UTC+02:00,2026-08-02T03:22:00.0000000+00:00
1288,11,35.24396667,16.20733333,27.955,2026-08-02T05:52:00.0000000,UTC+02:00,2026-08-02T03:52:00.0000000+00:00
1289,11,35.2443,16.215,27.957,2026-08-02T06:22:00.0000000,UTC+02:00,2026-08-02T04:22:00.0000000+00:00
1290,11,35.24503333,16.22265,27.934,2026-08-02T06:52:00.0000000,UTC+02:00,2026-08-02T04:52:00.0000000+00:00
1291,11,35.24633333,16.2306,27.944,2026-08-02T07:22:00.0000000,UTC+02:00,2026-08-02T05:22:00.0000000+00:00
1292,11,35.24841667,16.23775,28.029,2026-08-02T07:52:00.0000000,UTC+02:00,2026-08-02T05:52:00.0000000+00:00
1293,11,35.25131667,16.24451667,28.02,2026-08-02T08:22:01.0000000,UTC+02:00,2026-08-02T06:22:01.0000000+00:00
1294,11,35.25491667,16.2514,28.024,2026-08-02T08:52:00.0000000,UTC+02:00,2026-08-02T06:52:00.0000000+00:00
1295,11,35.25811667,16.25908333,28.202,2026-08-02T09:22:00.0000000,UTC+02:00,2026-08-02T07:22:00.0000000+00:00
1296,11,35.26148333,16.2676,28.422,2026-08-02T09:52:00.0000000,UTC+02:00,2026-08-02T07:52:00.0000000+00:00
1297,11,35.26523333,16.27621667,29.058,2026-08-02T10:22:00.0000000,UTC+02:00,2026-08-02T08:22:00.0000000+00:00
1298,11,35.26905,16.28538333,29.082,2026-08-02T10:52:00.0000000,UTC+02:00,2026-08-02T08:52:00.0000000+00:00
1299,11,35.27416667,16.29568333,29.587,2026-08-02T11:22:00.0000000,UTC+02:00,2026-08-02T09:22:00.0000000+00:00
1300,11,35.27943333,16.30781667,29.742,2026-08-02T11:52:00.0000000,UTC+02:00,2026-08-02T09:52:00.0000000+00:00
1301,11,35.28506667,16.32006667,30.178,2026-08-02T12:22:00.0000000,UTC+02:00,2026-08-02T10:22:00.0000000+00:00
1302,11,35.29095,16.33303333,30.093,2026-08-02T12:52:00.0000000,UTC+02:00,2026-08-02T10:52:00.0000000+00:00
1303,11,35.29653333,16.34645,30.239,2026-08-02T13:22:31.0000000,UTC+02:00,2026-08-02T11:22:31.0000000+00:00
1304,11,35.30113333,16.36003333,30.383,2026-08-02T13:52:00.0000000,UTC+02:00,2026-08-02T11:52:00.0000000+00:00
1305,11,35.30543333,16.37308333,30.101,2026-08-02T14:22:00.0000000,UTC+02:00,2026-08-02T12:22:00.0000000+00:00
1306,11,35.30913333,16.38516667,30.228,2026-08-02T14:52:00.0000000,UTC+02:00,2026-08-02T12:52:00.0000000+00:00
1307,11,35.31243333,16.39663333,29.547,2026-08-02T15:22:00.0000000,UTC+02:00,2026-08-02T13:22:00.0000000+00:00
1308,11,35.31553333,16.40731667,29.403,2026-08-02T15:52:00.0000000,UTC+02:00,2026-08-02T13:52:00.0000000+00:00
1309,11,35.31815,16.41846667,29.485,2026-08-02T16:22:00.0000000,UTC+02:00,2026-08-02T14:22:00.0000000+00:00
1310,11,35.3207,16.42975,29.502,2026-08-02T16:52:00.0000000,UTC+02:00,2026-08-02T14:52:00.0000000+00:00
1311,11,35.32338333,16.44075,29.459,2026-08-02T17:22:00.0000000,UTC+02:00,2026-08-02T15:22:00.0000000+00:00
1312,11,35.3259,16.45238333,29.466,2026-08-02T17:52:00.0000000,UTC+02:00,2026-08-02T15:52:00.0000000+00:00
1313,11,35.32875,16.46406667,29.458,2026-08-02T18:22:00.0000000,UTC+02:00,2026-08-02T16:22:00.0000000+00:00
1314,11,35.33116667,16.4757,29.38,2026-08-02T18:52:00.0000000,UTC+02:00,2026-08-02T16:52:00.0000000+00:00
1315,11,35.33351667,16.48666667,29.294,2026-08-02T19:22:17.0000000,UTC+02:00,2026-08-02T17:22:17.0000000+00:00
1316,11,35.33595,16.4968,29.234,2026-08-02T19:52:00.0000000,UTC+02:00,2026-08-02T17:52:00.0000000+00:00
1317,11,35.3376,16.50605,29.099,2026-08-02T20:22:00.0000000,UTC+02:00,2026-08-02T18:22:00.0000000+00:00
1318,11,35.33928333,16.51481667,29.061,2026-08-02T20:52:00.0000000,UTC+02:00,2026-08-02T18:52:00.0000000+00:00
1319,11,35.34115,16.5242,29.077,2026-08-02T21:22:02.0000000,UTC+02:00,2026-08-02T19:22:02.0000000+00:00
1320,11,35.34288333,16.5332,29.123,2026-08-02T21:52:00.0000000,UTC+02:00,2026-08-02T19:52:00.0000000+00:00
1321,11,35.34496667,16.54115,29.1,2026-08-02T22:22:00.0000000,UTC+02:00,2026-08-02T20:22:00.0000000+00:00
1322,11,35.34716667,16.54896667,29.123,2026-08-02T22:52:00.0000000,UTC+02:00,2026-08-02T20:52:00.0000000+00:00
1323,11,35.34915,16.55651667,29.106,2026-08-02T23:22:00.0000000,UTC+02:00,2026-08-02T21:22:00.0000000+00:00
1324,11,35.35123333,16.56388333,29.1,2026-08-02T23:52:19.0000000,UTC+02:00,2026-08-02T21:52:19.0000000+00:00
1325,11,35.35351667,16.57028333,29.074,2026-08-03T00:22:00.0000000,UTC+02:00,2026-08-02T22:22:00.0000000+00:00
1326,11,35.35601667,16.57671667,29.058,2026-08-03T00:52:00.0000000,UTC+02:00,2026-08-02T22:52:00.0000000+00:00
1327,11,35.35866667,16.58285,28.987,2026-08-03T01:22:00.0000000,UTC+02:00,2026-08-02T23:22:00.0000000+00:00
1328,11,35.3613,16.58813333,28.909,2026-08-03T01:52:00.0000000,UTC+02:00,2026-08-02T23:52:00.0000000+00:00
1329,11,35.36426667,16.59308333,28.804,2026-08-03T02:22:00.0000000,UTC+02:00,2026-08-03T00:22:00.0000000+00:00
1330,11,35.36778333,16.59858333,28.76,2026-08-03T02:53:20.0000000,UTC+02:00,2026-08-03T00:53:20.0000000+00:00
1331,11,35.37143333,16.60366667,28.767,2026-08-03T03:22:00.0000000,UTC+02:00,2026-08-03T01:22:00.0000000+00:00
1332,11,35.37535,16.60843333,28.746,2026-08-03T03:52:00.0000000,UTC+02:00,2026-08-03T01:52:00.0000000+00:00
1333,11,35.37946667,16.61263333,28.717,2026-08-03T04:22:00.0000000,UTC+02:00,2026-08-03T02:22:00.0000000+00:00
1334,11,35.38366667,16.61691667,28.712,2026-08-03T04:52:00.0000000,UTC+02:00,2026-08-03T02:52:00.0000000+00:00
1335,11,35.38835,16.62226667,28.636,2026-08-03T05:22:00.0000000,UTC+02:00,2026-08-03T03:22:00.0000000+00:00
1336,11,35.39323333,16.62788333,28.614,2026-08-03T05:52:01.0000000,UTC+02:00,2026-08-03T03:52:01.0000000+00:00
1337,11,35.3978,16.63283333,28.581,2026-08-03T06:22:01.0000000,UTC+02:00,2026-08-03T04:22:01.0000000+00:00
1338,11,35.4023,16.63835,28.574,2026-08-03T06:52:00.0000000,UTC+02:00,2026-08-03T04:52:00.0000000+00:00
1339,11,35.40645,16.64385,28.589,2026-08-03T07:22:00.0000000,UTC+02:00,2026-08-03T05:22:00.0000000+00:00
1340,11,35.41013333,16.6498,28.583,2026-08-03T07:53:19.0000000,UTC+02:00,2026-08-03T05:53:19.0000000+00:00
1341,11,35.41311667,16.65571667,28.648,2026-08-03T08:22:01.0000000,UTC+02:00,2026-08-03T06:22:01.0000000+00:00
1342,11,35.41618333,16.66191667,28.685,2026-08-03T08:52:01.0000000,UTC+02:00,2026-08-03T06:52:01.0000000+00:00
1343,11,35.41926667,16.66813333,28.808,2026-08-03T09:22:00.0000000,UTC+02:00,2026-08-03T07:22:00.0000000+00:00
1344,11,35.42235,16.67426667,28.926,2026-08-03T09:52:00.0000000,UTC+02:00,2026-08-03T07:52:00.0000000+00:00
1345,11,35.42516667,16.6805,29.123,2026-08-03T10:22:00.0000000,UTC+02:00,2026-08-03T08:22:00.0000000+00:00
1346,11,35.42731667,16.68698333,29.314,2026-08-03T10:52:00.0000000,UTC+02:00,2026-08-03T08:52:00.0000000+00:00
1347,11,35.42961667,16.69388333,29.504,2026-08-03T11:22:00.0000000,UTC+02:00,2026-08-03T09:22:00.0000000+00:00
1348,11,35.43196667,16.70168333,29.591,2026-08-03T11:52:00.0000000,UTC+02:00,2026-08-03T09:52:00.0000000+00:00
1349,11,35.43388333,16.71028333,29.676,2026-08-03T12:22:00.0000000,UTC+02:00,2026-08-03T10:22:00.0000000+00:00
1350,11,35.4356,16.71925,29.886,2026-08-03T12:52:00.0000000,UTC+02:00,2026-08-03T10:52:00.0000000+00:00
1351,11,35.43681667,16.72826667,29.87,2026-08-03T13:22:00.0000000,UTC+02:00,2026-08-03T11:22:00.0000000+00:00
1352,11,35.43813333,16.73726667,29.954,2026-08-03T13:52:00.0000000,UTC+02:00,2026-08-03T11:52:00.0000000+00:00
1353,11,35.43895,16.74573333,30.169,2026-08-03T14:22:00.0000000,UTC+02:00,2026-08-03T12:22:00.0000000+00:00
1354,11,35.44005,16.75393333,30.088,2026-08-03T14:52:00.0000000,UTC+02:00,2026-08-03T12:52:00.0000000+00:00
1355,11,35.44063333,16.76226667,30.031,2026-08-03T15:22:31.0000000,UTC+02:00,2026-08-03T13:22:31.0000000+00:00
1356,11,35.44066667,16.7701,29.941,2026-08-03T15:52:22.0000000,UTC+02:00,2026-08-03T13:52:22.0000000+00:00
1357,11,35.44008333,16.77756667,29.853,2026-08-03T16:22:00.0000000,UTC+02:00,2026-08-03T14:22:00.0000000+00:00
1358,11,35.43923333,16.78481667,29.941,2026-08-03T16:52:00.0000000,UTC+02:00,2026-08-03T14:52:00.0000000+00:00
1359,11,35.43811667,16.79191667,29.941,2026-08-03T17:22:00.0000000,UTC+02:00,2026-08-03T15:22:00.0000000+00:00
1360,11,35.4365,16.79906667,29.907,2026-08-03T17:52:00.0000000,UTC+02:00,2026-08-03T15:52:00.0000000+00:00
1361,11,35.43446667,16.806,29.817,2026-08-03T18:22:00.0000000,UTC+02:00,2026-08-03T16:22:00.0000000+00:00
1362,11,35.43203333,16.81291667,29.666,2026-08-03T18:52:00.0000000,UTC+02:00,2026-08-03T16:52:00.0000000+00:00
1363,11,35.42916667,16.81956667,29.581,2026-08-03T19:22:19.0000000,UTC+02:00,2026-08-03T17:22:19.0000000+00:00
1364,11,35.42553333,16.82536667,29.486,2026-08-03T19:52:00.0000000,UTC+02:00,2026-08-03T17:52:00.0000000+00:00
1365,11,35.42168333,16.83065,29.403,2026-08-03T20:22:01.0000000,UTC+02:00,2026-08-03T18:22:01.0000000+00:00
1366,11,35.41785,16.83525,29.3,2026-08-03T20:52:00.0000000,UTC+02:00,2026-08-03T18:52:00.0000000+00:00
1367,11,35.4146,16.83931667,29.254,2026-08-03T21:22:00.0000000,UTC+02:00,2026-08-03T19:22:00.0000000+00:00
1368,11,35.41145,16.84311667,29.205,2026-08-03T21:52:00.0000000,UTC+02:00,2026-08-03T19:52:00.0000000+00:00
1369,11,35.40861667,16.84628333,29.188,2026-08-03T22:22:01.0000000,UTC+02:00,2026-08-03T20:22:01.0000000+00:00
1370,11,35.40595,16.84923333,29.159,2026-08-03T22:52:00.0000000,UTC+02:00,2026-08-03T20:52:00.0000000+00:00
1371,11,35.40308333,16.85221667,29.13,2026-08-03T23:22:00.0000000,UTC+02:00,2026-08-03T21:22:00.0000000+00:00
1372,11,35.4006,16.85451667,29.098,2026-08-03T23:52:00.0000000,UTC+02:00,2026-08-03T21:52:00.0000000+00:00
1373,11,35.39845,16.85688333,29.106,2026-08-04T00:22:00.0000000,UTC+02:00,2026-08-03T22:22:00.0000000+00:00
1374,11,35.39675,16.85985,29.061,2026-08-04T00:52:00.0000000,UTC+02:00,2026-08-03T22:52:00.0000000+00:00
1375,11,35.39503333,16.86248333,29.033,2026-08-04T01:22:00.0000000,UTC+02:00,2026-08-03T23:22:00.0000000+00:00
1376,11,35.39388333,16.86538333,28.992,2026-08-04T01:52:00.0000000,UTC+02:00,2026-08-03T23:52:00.0000000+00:00
1377,11,35.39261667,16.8687,28.968,2026-08-04T02:22:00.0000000,UTC+02:00,2026-08-04T00:22:00.0000000+00:00
1378,11,35.39161667,16.87173333,28.946,2026-08-04T02:52:00.0000000,UTC+02:00,2026-08-04T00:52:00.0000000+00:00
1379,11,35.39018333,16.87496667,28.902,2026-08-04T03:22:00.0000000,UTC+02:00,2026-08-04T01:22:00.0000000+00:00
1380,11,35.38868333,16.87716667,28.874,2026-08-04T03:52:00.0000000,UTC+02:00,2026-08-04T01:52:00.0000000+00:00
1381,11,35.3879,16.87935,28.887,2026-08-04T04:22:00.0000000,UTC+02:00,2026-08-04T02:22:00.0000000+00:00
1382,11,35.38756667,16.88088333,28.869,2026-08-04T04:52:00.0000000,UTC+02:00,2026-08-04T02:52:00.0000000+00:00
1383,11,35.38731667,16.8827,28.824,2026-08-04T05:22:00.0000000,UTC+02:00,2026-08-04T03:22:00.0000000+00:00
1384,11,35.38741667,16.88495,28.793,2026-08-04T05:52:00.0000000,UTC+02:00,2026-08-04T03:52:00.0000000+00:00
1385,11,35.3873,16.88785,28.759,2026-08-04T06:22:00.0000000,UTC+02:00,2026-08-04T04:22:00.0000000+00:00
1386,11,35.38676667,16.89116667,28.741,2026-08-04T06:52:00.0000000,UTC+02:00,2026-08-04T04:52:00.0000000+00:00
1387,11,35.3857,16.89446667,28.756,2026-08-04T07:22:00.0000000,UTC+02:00,2026-08-04T05:22:00.0000000+00:00
1388,11,35.38428333,16.89826667,28.774,2026-08-04T07:52:00.0000000,UTC+02:00,2026-08-04T05:52:00.0000000+00:00
1389,11,35.38311667,16.90195,28.802,2026-08-04T08:22:17.0000000,UTC+02:00,2026-08-04T06:22:17.0000000+00:00
1390,11,35.38261667,16.90595,28.836,2026-08-04T08:52:00.0000000,UTC+02:00,2026-08-04T06:52:00.0000000+00:00
1391,11,35.38226667,16.90983333,28.901,2026-08-04T09:22:00.0000000,UTC+02:00,2026-08-04T07:22:00.0000000+00:00
1392,11,35.38265,16.91445,28.95,2026-08-04T09:52:00.0000000,UTC+02:00,2026-08-04T07:52:00.0000000+00:00
1393,11,35.38321667,16.91956667,29.04,2026-08-04T10:22:00.0000000,UTC+02:00,2026-08-04T08:22:00.0000000+00:00
1394,11,35.38361667,16.92616667,29.129,2026-08-04T10:52:00.0000000,UTC+02:00,2026-08-04T08:52:00.0000000+00:00
1395,11,35.38361667,16.93351667,29.26,2026-08-04T11:22:00.0000000,UTC+02:00,2026-08-04T09:22:00.0000000+00:00
1396,11,35.383,16.9418,29.484,2026-08-04T11:52:00.0000000,UTC+02:00,2026-08-04T09:52:00.0000000+00:00
1397,11,35.38171667,16.9512,29.507,2026-08-04T12:22:00.0000000,UTC+02:00,2026-08-04T10:22:00.0000000+00:00
1398,11,35.3796,16.96103333,29.513,2026-08-04T12:52:00.0000000,UTC+02:00,2026-08-04T10:52:00.0000000+00:00
1399,11,35.37661667,16.97236667,29.513,2026-08-04T13:22:00.0000000,UTC+02:00,2026-08-04T11:22:00.0000000+00:00
1400,11,35.3728,16.98513333,29.626,2026-08-04T13:52:00.0000000,UTC+02:00,2026-08-04T11:52:00.0000000+00:00
1401,11,35.36821667,16.99841667,29.765,2026-08-04T14:22:00.0000000,UTC+02:00,2026-08-04T12:22:00.0000000+00:00
1402,11,35.36216667,17.01141667,29.753,2026-08-04T14:52:00.0000000,UTC+02:00,2026-08-04T12:52:00.0000000+00:00
1403,11,35.3554,17.0241,29.786,2026-08-04T15:22:01.0000000,UTC+02:00,2026-08-04T13:22:01.0000000+00:00
1404,11,35.34786667,17.0356,30.043,2026-08-04T15:52:00.0000000,UTC+02:00,2026-08-04T13:52:00.0000000+00:00
1405,11,35.33901667,17.04636667,30.173,2026-08-04T16:22:00.0000000,UTC+02:00,2026-08-04T14:22:00.0000000+00:00
1406,11,35.32966667,17.05716667,30.237,2026-08-04T16:52:00.0000000,UTC+02:00,2026-08-04T14:52:00.0000000+00:00
1407,11,35.3201,17.06705,30.242,2026-08-04T17:22:00.0000000,UTC+02:00,2026-08-04T15:22:00.0000000+00:00
1408,11,35.31016667,17.07663333,30.214,2026-08-04T17:52:00.0000000,UTC+02:00,2026-08-04T15:52:00.0000000+00:00
1409,11,35.29998333,17.08601667,30.121,2026-08-04T18:22:00.0000000,UTC+02:00,2026-08-04T16:22:00.0000000+00:00
1410,11,35.28961667,17.09498333,30.047,2026-08-04T18:52:00.0000000,UTC+02:00,2026-08-04T16:52:00.0000000+00:00
1411,11,35.27893333,17.10213333,29.916,2026-08-04T19:22:00.0000000,UTC+02:00,2026-08-04T17:22:00.0000000+00:00
1412,11,35.26906667,17.1077,29.82,2026-08-04T19:52:00.0000000,UTC+02:00,2026-08-04T17:52:00.0000000+00:00
1413,11,35.26001667,17.11291667,29.721,2026-08-04T20:22:00.0000000,UTC+02:00,2026-08-04T18:22:00.0000000+00:00
1414,11,35.25193333,17.11786667,29.624,2026-08-04T20:52:04.0000000,UTC+02:00,2026-08-04T18:52:04.0000000+00:00
1415,11,35.24501667,17.12361667,29.554,2026-08-04T21:22:01.0000000,UTC+02:00,2026-08-04T19:22:01.0000000+00:00
1416,11,35.23921667,17.12981667,29.556,2026-08-04T21:52:00.0000000,UTC+02:00,2026-08-04T19:52:00.0000000+00:00
1417,11,35.23321667,17.13661667,29.521,2026-08-04T22:22:00.0000000,UTC+02:00,2026-08-04T20:22:00.0000000+00:00
1418,11,35.22756667,17.14345,29.517,2026-08-04T22:52:00.0000000,UTC+02:00,2026-08-04T20:52:00.0000000+00:00
1419,11,35.22223333,17.14998333,29.462,2026-08-04T23:22:00.0000000,UTC+02:00,2026-08-04T21:22:00.0000000+00:00
1420,11,35.21663333,17.15666667,29.485,2026-08-04T23:52:00.0000000,UTC+02:00,2026-08-04T21:52:00.0000000+00:00
1421,11,35.21115,17.16323333,29.464,2026-08-05T00:22:00.0000000,UTC+02:00,2026-08-04T22:22:00.0000000+00:00
1422,11,35.2062,17.16946667,29.421,2026-08-05T00:52:00.0000000,UTC+02:00,2026-08-04T22:52:00.0000000+00:00
1423,11,35.20138333,17.1756,29.402,2026-08-05T01:22:00.0000000,UTC+02:00,2026-08-04T23:22:00.0000000+00:00
1424,11,35.19645,17.1819,29.377,2026-08-05T01:52:00.0000000,UTC+02:00,2026-08-04T23:52:00.0000000+00:00
1425,11,35.19193333,17.18843333,29.353,2026-08-05T02:22:00.0000000,UTC+02:00,2026-08-05T00:22:00.0000000+00:00
1426,11,35.18778333,17.19398333,29.319,2026-08-05T02:52:01.0000000,UTC+02:00,2026-08-05T00:52:01.0000000+00:00
1427,11,35.18368333,17.19956667,29.271,2026-08-05T03:22:00.0000000,UTC+02:00,2026-08-05T01:22:00.0000000+00:00
1428,11,35.17965,17.20528333,29.243,2026-08-05T03:52:00.0000000,UTC+02:00,2026-08-05T01:52:00.0000000+00:00
1429,11,35.17571667,17.21113333,29.221,2026-08-05T04:22:00.0000000,UTC+02:00,2026-08-05T02:22:00.0000000+00:00
1430,11,35.17228333,17.21733333,29.208,2026-08-05T04:52:00.0000000,UTC+02:00,2026-08-05T02:52:00.0000000+00:00
1431,11,35.16941667,17.22466667,29.166,2026-08-05T05:22:00.0000000,UTC+02:00,2026-08-05T03:22:00.0000000+00:00
1432,11,35.16678333,17.2336,29.059,2026-08-05T05:52:00.0000000,UTC+02:00,2026-08-05T03:52:00.0000000+00:00
1433,11,35.16385,17.24293333,28.939,2026-08-05T06:22:00.0000000,UTC+02:00,2026-08-05T04:22:00.0000000+00:00
1434,11,35.16071667,17.25243333,28.828,2026-08-05T06:52:00.0000000,UTC+02:00,2026-08-05T04:52:00.0000000+00:00
1435,11,35.1577,17.26128333,28.808,2026-08-05T07:22:00.0000000,UTC+02:00,2026-08-05T05:22:00.0000000+00:00
1436,11,35.15453333,17.27085,28.818,2026-08-05T07:52:19.0000000,UTC+02:00,2026-08-05T05:52:19.0000000+00:00
1437,11,35.15111667,17.28068333,28.854,2026-08-05T08:22:01.0000000,UTC+02:00,2026-08-05T06:22:01.0000000+00:00
1438,11,35.14656667,17.29068333,28.876,2026-08-05T08:52:00.0000000,UTC+02:00,2026-08-05T06:52:00.0000000+00:00
1439,11,35.14135,17.3007,28.895,2026-08-05T09:22:00.0000000,UTC+02:00,2026-08-05T07:22:00.0000000+00:00
1440,11,35.13571667,17.31098333,28.987,2026-08-05T09:52:00.0000000,UTC+02:00,2026-08-05T07:52:00.0000000+00:00
1441,11,35.13005,17.32133333,29.002,2026-08-05T10:22:00.0000000,UTC+02:00,2026-08-05T08:22:00.0000000+00:00
1442,11,35.12425,17.33123333,29.024,2026-08-05T10:52:00.0000000,UTC+02:00,2026-08-05T08:52:00.0000000+00:00
1443,11,35.11876667,17.34086667,29.15,2026-08-05T11:22:00.0000000,UTC+02:00,2026-08-05T09:22:00.0000000+00:00
1444,11,35.11311667,17.34986667,29.157,2026-08-05T11:52:00.0000000,UTC+02:00,2026-08-05T09:52:00.0000000+00:00
1445,11,35.10635,17.35956667,29.145,2026-08-05T12:22:25.0000000,UTC+02:00,2026-08-05T10:22:25.0000000+00:00
1446,11,35.09946667,17.36818333,29.118,2026-08-05T12:52:01.0000000,UTC+02:00,2026-08-05T10:52:01.0000000+00:00
1447,11,35.0922,17.37673333,29.152,2026-08-05T13:22:00.0000000,UTC+02:00,2026-08-05T11:22:00.0000000+00:00
1448,11,35.08508333,17.38455,29.2,2026-08-05T13:52:01.0000000,UTC+02:00,2026-08-05T11:52:01.0000000+00:00
1449,11,35.07778333,17.39195,29.251,2026-08-05T14:22:00.0000000,UTC+02:00,2026-08-05T12:22:00.0000000+00:00
1450,11,35.0695,17.39935,29.26,2026-08-05T14:52:00.0000000,UTC+02:00,2026-08-05T12:52:00.0000000+00:00
1451,11,35.06073333,17.40575,29.24,2026-08-05T15:22:25.0000000,UTC+02:00,2026-08-05T13:22:25.0000000+00:00
1452,11,35.05183333,17.41155,29.218,2026-08-05T15:52:25.0000000,UTC+02:00,2026-08-05T13:52:25.0000000+00:00
1453,11,35.04295,17.41613333,29.224,2026-08-05T16:22:00.0000000,UTC+02:00,2026-08-05T14:22:00.0000000+00:00
1454,11,35.03423333,17.42011667,29.216,2026-08-05T16:52:29.0000000,UTC+02:00,2026-08-05T14:52:29.0000000+00:00
1455,11,35.02613333,17.42318333,29.197,2026-08-05T17:22:00.0000000,UTC+02:00,2026-08-05T15:22:00.0000000+00:00
1456,11,35.01836667,17.42625,29.213,2026-08-05T17:52:01.0000000,UTC+02:00,2026-08-05T15:52:01.0000000+00:00
1457,11,35.01075,17.42911667,29.221,2026-08-05T18:22:01.0000000,UTC+02:00,2026-08-05T16:22:01.0000000+00:00
1458,11,35.00343333,17.43128333,29.215,2026-08-05T18:52:00.0000000,UTC+02:00,2026-08-05T16:52:00.0000000+00:00
1459,11,35.00343333,17.43128333,29.215,2026-08-05T18:52:00.0000000,UTC+02:00,2026-08-05T16:52:00.0000000+00:00
1460,11,34.99641667,17.43311667,29.219,2026-08-05T19:22:01.0000000,UTC+02:00,2026-08-05T17:22:01.0000000+00:00
1461,11,34.98956667,17.43481667,29.184,2026-08-05T19:52:01.0000000,UTC+02:00,2026-08-05T17:52:01.0000000+00:00
1462,11,34.9832,17.43628333,29.19,2026-08-05T20:22:00.0000000,UTC+02:00,2026-08-05T18:22:00.0000000+00:00
1463,11,34.97728333,17.43765,29.207,2026-08-05T20:52:00.0000000,UTC+02:00,2026-08-05T18:52:00.0000000+00:00
1464,11,34.97156667,17.43868333,29.198,2026-08-05T21:22:19.0000000,UTC+02:00,2026-08-05T19:22:19.0000000+00:00
1465,11,34.96646667,17.43981667,29.209,2026-08-05T21:52:00.0000000,UTC+02:00,2026-08-05T19:52:00.0000000+00:00
1466,11,34.96183333,17.441,29.185,2026-08-05T22:22:00.0000000,UTC+02:00,2026-08-05T20:22:00.0000000+00:00
1467,11,34.9575,17.44241667,29.183,2026-08-05T22:52:01.0000000,UTC+02:00,2026-08-05T20:52:01.0000000+00:00
1468,11,34.95373333,17.44423333,29.194,2026-08-05T23:22:00.0000000,UTC+02:00,2026-08-05T21:22:00.0000000+00:00
1469,11,34.95036667,17.44636667,29.198,2026-08-05T23:52:00.0000000,UTC+02:00,2026-08-05T21:52:00.0000000+00:00
1470,11,34.94721667,17.4494,29.185,2026-08-06T00:22:49.0000000,UTC+02:00,2026-08-05T22:22:49.0000000+00:00
1471,11,34.944,17.45278333,29.186,2026-08-06T00:52:19.0000000,UTC+02:00,2026-08-05T22:52:19.0000000+00:00
1472,11,34.94045,17.45658333,29.181,2026-08-06T01:22:00.0000000,UTC+02:00,2026-08-05T23:22:00.0000000+00:00
1473,11,34.93575,17.46176667,29.159,2026-08-06T01:52:00.0000000,UTC+02:00,2026-08-05T23:52:00.0000000+00:00
1474,11,34.9305,17.46646667,29.151,2026-08-06T02:22:00.0000000,UTC+02:00,2026-08-06T00:22:00.0000000+00:00
1475,11,34.92531667,17.47146667,29.119,2026-08-06T02:52:00.0000000,UTC+02:00,2026-08-06T00:52:00.0000000+00:00
1476,11,34.92025,17.47666667,29.131,2026-08-06T03:22:00.0000000,UTC+02:00,2026-08-06T01:22:00.0000000+00:00
1477,11,34.91483333,17.4817,29.109,2026-08-06T03:52:00.0000000,UTC+02:00,2026-08-06T01:52:00.0000000+00:00
1478,11,34.90915,17.48656667,29.06,2026-08-06T04:22:00.0000000,UTC+02:00,2026-08-06T02:22:00.0000000+00:00
1479,11,34.90385,17.49148333,29.08,2026-08-06T04:52:30.0000000,UTC+02:00,2026-08-06T02:52:30.0000000+00:00
1480,11,34.89878333,17.4965,29.045,2026-08-06T05:22:28.0000000,UTC+02:00,2026-08-06T03:22:28.0000000+00:00
1481,11,34.89391667,17.50171667,29.033,2026-08-06T05:52:26.0000000,UTC+02:00,2026-08-06T03:52:26.0000000+00:00
1482,11,34.88911667,17.50713333,29.013,2026-08-06T06:22:00.0000000,UTC+02:00,2026-08-06T04:22:00.0000000+00:00
1483,11,34.8843,17.51213333,28.986,2026-08-06T06:52:00.0000000,UTC+02:00,2026-08-06T04:52:00.0000000+00:00
1484,11,34.87988333,17.51721667,28.98,2026-08-06T07:22:31.0000000,UTC+02:00,2026-08-06T05:22:31.0000000+00:00
1485,11,34.87576667,17.52263333,28.973,2026-08-06T07:52:03.0000000,UTC+02:00,2026-08-06T05:52:03.0000000+00:00
1486,11,34.87118333,17.5291,28.992,2026-08-06T08:24:01.0000000,UTC+02:00,2026-08-06T06:24:01.0000000+00:00
1487,11,34.86703333,17.5351,28.998,2026-08-06T08:52:01.0000000,UTC+02:00,2026-08-06T06:52:01.0000000+00:00
1488,11,34.86216667,17.54206667,29.02,2026-08-06T09:22:29.0000000,UTC+02:00,2026-08-06T07:22:29.0000000+00:00
1489,11,34.85751667,17.5488,29.048,2026-08-06T09:52:00.0000000,UTC+02:00,2026-08-06T07:52:00.0000000+00:00
1490,11,34.85236667,17.55558333,29.057,2026-08-06T10:22:00.0000000,UTC+02:00,2026-08-06T08:22:00.0000000+00:00
1491,11,34.84768333,17.56231667,29.067,2026-08-06T10:52:00.0000000,UTC+02:00,2026-08-06T08:52:00.0000000+00:00
1492,11,34.84343333,17.56886667,29.089,2026-08-06T11:22:00.0000000,UTC+02:00,2026-08-06T09:22:00.0000000+00:00
1493,11,34.83858333,17.57588333,29.105,2026-08-06T11:52:00.0000000,UTC+02:00,2026-08-06T09:52:00.0000000+00:00
1494,11,34.833,17.58321667,29.129,2026-08-06T12:22:00.0000000,UTC+02:00,2026-08-06T10:22:00.0000000+00:00
1495,11,34.82696667,17.59028333,29.121,2026-08-06T12:52:04.0000000,UTC+02:00,2026-08-06T10:52:04.0000000+00:00
1496,11,34.82095,17.59693333,29.125,2026-08-06T13:22:00.0000000,UTC+02:00,2026-08-06T11:22:00.0000000+00:00
1497,11,34.81436667,17.60311667,29.139,2026-08-06T13:52:31.0000000,UTC+02:00,2026-08-06T11:52:31.0000000+00:00
1498,11,34.80753333,17.60921667,29.183,2026-08-06T14:22:02.0000000,UTC+02:00,2026-08-06T12:22:02.0000000+00:00
1499,11,34.80045,17.61453333,29.217,2026-08-06T14:52:00.0000000,UTC+02:00,2026-08-06T12:52:00.0000000+00:00
1500,11,34.79313333,17.61891667,29.249,2026-08-06T15:22:19.0000000,UTC+02:00,2026-08-06T13:22:19.0000000+00:00
1501,11,34.7862,17.62291667,29.198,2026-08-06T15:52:00.0000000,UTC+02:00,2026-08-06T13:52:00.0000000+00:00
1502,11,34.77891667,17.6268,29.194,2026-08-06T16:22:03.0000000,UTC+02:00,2026-08-06T14:22:03.0000000+00:00
1503,11,34.77125,17.62988333,29.177,2026-08-06T16:52:01.0000000,UTC+02:00,2026-08-06T14:52:01.0000000+00:00
1504,11,34.7641,17.63191667,29.228,2026-08-06T17:22:00.0000000,UTC+02:00,2026-08-06T15:22:00.0000000+00:00
1505,11,34.75681667,17.63398333,29.199,2026-08-06T17:52:00.0000000,UTC+02:00,2026-08-06T15:52:00.0000000+00:00
1506,11,34.7501,17.63543333,29.169,2026-08-06T18:22:00.0000000,UTC+02:00,2026-08-06T16:22:00.0000000+00:00
1507,11,34.74376667,17.63631667,29.161,2026-08-06T18:52:00.0000000,UTC+02:00,2026-08-06T16:52:00.0000000+00:00
1508,11,34.73816667,17.63676667,29.132,2026-08-06T19:22:01.0000000,UTC+02:00,2026-08-06T17:22:01.0000000+00:00
1509,11,34.73285,17.637,29.121,2026-08-06T19:52:29.0000000,UTC+02:00,2026-08-06T17:52:29.0000000+00:00
1510,11,34.7282,17.63683333,29.088,2026-08-06T20:22:00.0000000,UTC+02:00,2026-08-06T18:22:00.0000000+00:00
1511,11,34.72405,17.63678333,29.066,2026-08-06T20:52:00.0000000,UTC+02:00,2026-08-06T18:52:00.0000000+00:00
1512,11,34.7204,17.63678333,29.049,2026-08-06T21:22:00.0000000,UTC+02:00,2026-08-06T19:22:00.0000000+00:00
1513,11,34.7168,17.637,29.02,2026-08-06T21:52:19.0000000,UTC+02:00,2026-08-06T19:52:19.0000000+00:00
1514,11,34.71303333,17.63723333,29.037,2026-08-06T22:22:24.0000000,UTC+02:00,2026-08-06T20:22:24.0000000+00:00
1515,11,34.70915,17.63783333,29.002,2026-08-06T22:52:19.0000000,UTC+02:00,2026-08-06T20:52:19.0000000+00:00
1516,11,34.70521667,17.63935,28.996,2026-08-06T23:22:01.0000000,UTC+02:00,2026-08-06T21:22:01.0000000+00:00
1517,11,34.70131667,17.6412,28.986,2026-08-06T23:52:00.0000000,UTC+02:00,2026-08-06T21:52:00.0000000+00:00
