FID,BuoyId,Latitude,Longitude,SST,LocalTimeMalta,OffsetMalta,UtcTimestamp
1516,9,35.4737,16.39766667,28.626,2026-08-06T23:51:30.0000000,UTC+02:00,2026-08-06T21:51:30.0000000+00:00
1515,9,35.47276667,16.3966,28.634,2026-08-06T23:21:32.0000000,UTC+02:00,2026-08-06T21:21:32.0000000+00:00
1514,9,35.47226667,16.39578333,28.63,2026-08-06T22:51:31.0000000,UTC+02:00,2026-08-06T20:51:31.0000000+00:00
1513,9,35.47173333,16.3953,28.642,2026-08-06T22:21:30.0000000,UTC+02:00,2026-08-06T20:21:30.0000000+00:00
1512,9,35.47145,16.3959,28.642,2026-08-06T21:51:30.0000000,UTC+02:00,2026-08-06T19:51:30.0000000+00:00
1511,9,35.47106667,16.39696667,28.642,2026-08-06T21:21:30.0000000,UTC+02:00,2026-08-06T19:21:30.0000000+00:00
1510,9,35.471,16.39836667,28.653,2026-08-06T20:51:50.0000000,UTC+02:00,2026-08-06T18:51:50.0000000+00:00
1509,9,35.47106667,16.39963333,28.67,2026-08-06T20:21:31.0000000,UTC+02:00,2026-08-06T18:21:31.0000000+00:00
1508,9,35.47168333,16.40045,28.727,2026-08-06T19:51:32.0000000,UTC+02:00,2026-08-06T17:51:32.0000000+00:00
1507,9,35.47273333,16.40155,28.76,2026-08-06T19:21:31.0000000,UTC+02:00,2026-08-06T17:21:31.0000000+00:00
1506,9,35.47396667,16.40245,28.798,2026-08-06T18:51:30.0000000,UTC+02:00,2026-08-06T16:51:30.0000000+00:00
1505,9,35.47505,16.40298333,28.822,2026-08-06T18:21:30.0000000,UTC+02:00,2026-08-06T16:21:30.0000000+00:00
1504,9,35.47696667,16.4038,28.85,2026-08-06T17:51:30.0000000,UTC+02:00,2026-08-06T15:51:30.0000000+00:00
1503,9,35.4798,16.40503333,28.839,2026-08-06T17:21:30.0000000,UTC+02:00,2026-08-06T15:21:30.0000000+00:00
1502,9,35.48338333,16.40616667,28.877,2026-08-06T16:51:34.0000000,UTC+02:00,2026-08-06T14:51:34.0000000+00:00
1501,9,35.4879,16.40635,28.895,2026-08-06T16:21:31.0000000,UTC+02:00,2026-08-06T14:21:31.0000000+00:00
1500,9,35.49283333,16.40576667,28.91,2026-08-06T15:51:30.0000000,UTC+02:00,2026-08-06T13:51:30.0000000+00:00
1499,9,35.49778333,16.40448333,28.891,2026-08-06T15:21:31.0000000,UTC+02:00,2026-08-06T13:21:31.0000000+00:00
1498,9,35.50281667,16.40175,28.868,2026-08-06T14:51:30.0000000,UTC+02:00,2026-08-06T12:51:30.0000000+00:00
1497,9,35.50793333,16.39796667,28.848,2026-08-06T14:21:30.0000000,UTC+02:00,2026-08-06T12:21:30.0000000+00:00
1496,9,35.5125,16.39326667,28.797,2026-08-06T13:51:30.0000000,UTC+02:00,2026-08-06T11:51:30.0000000+00:00
1495,9,35.51633333,16.3887,28.766,2026-08-06T13:22:01.0000000,UTC+02:00,2026-08-06T11:22:01.0000000+00:00
1494,9,35.52026667,16.38365,28.736,2026-08-06T12:51:31.0000000,UTC+02:00,2026-08-06T10:51:31.0000000+00:00
1493,9,35.52416667,16.37861667,28.706,2026-08-06T12:21:49.0000000,UTC+02:00,2026-08-06T10:21:49.0000000+00:00
1492,9,35.52795,16.3729,28.659,2026-08-06T11:51:56.0000000,UTC+02:00,2026-08-06T09:51:56.0000000+00:00
1491,9,35.53105,16.36686667,28.662,2026-08-06T11:21:30.0000000,UTC+02:00,2026-08-06T09:21:30.0000000+00:00
1490,9,35.53341667,16.3606,28.606,2026-08-06T10:51:31.0000000,UTC+02:00,2026-08-06T08:51:31.0000000+00:00
1489,9,35.53581667,16.35438333,28.577,2026-08-06T10:22:19.0000000,UTC+02:00,2026-08-06T08:22:19.0000000+00:00
1488,9,35.53765,16.3478,28.592,2026-08-06T09:51:49.0000000,UTC+02:00,2026-08-06T07:51:49.0000000+00:00
1487,9,35.5391,16.34151667,28.583,2026-08-06T09:21:30.0000000,UTC+02:00,2026-08-06T07:21:30.0000000+00:00
1486,9,35.54006667,16.33533333,28.539,2026-08-06T08:52:02.0000000,UTC+02:00,2026-08-06T06:52:02.0000000+00:00
1485,9,35.53998333,16.32958333,28.499,2026-08-06T08:22:01.0000000,UTC+02:00,2026-08-06T06:22:01.0000000+00:00
1484,9,35.5397,16.32413333,28.513,2026-08-06T07:51:59.0000000,UTC+02:00,2026-08-06T05:51:59.0000000+00:00
1483,9,35.5392,16.31886667,28.513,2026-08-06T07:21:49.0000000,UTC+02:00,2026-08-06T05:21:49.0000000+00:00
1482,9,35.53846667,16.31385,28.527,2026-08-06T06:51:33.0000000,UTC+02:00,2026-08-06T04:51:33.0000000+00:00
1481,9,35.53755,16.30866667,28.551,2026-08-06T06:21:30.0000000,UTC+02:00,2026-08-06T04:21:30.0000000+00:00
1480,9,35.53676667,16.30345,28.536,2026-08-06T05:51:31.0000000,UTC+02:00,2026-08-06T03:51:31.0000000+00:00
1479,9,35.53618333,16.2992,28.537,2026-08-06T05:21:31.0000000,UTC+02:00,2026-08-06T03:21:31.0000000+00:00
1478,9,35.53573333,16.2949,28.558,2026-08-06T04:51:30.0000000,UTC+02:00,2026-08-06T02:51:30.0000000+00:00
1477,9,35.53545,16.29068333,28.603,2026-08-06T04:21:51.0000000,UTC+02:00,2026-08-06T02:21:51.0000000+00:00
1476,9,35.53533333,16.28675,28.588,2026-08-06T03:51:30.0000000,UTC+02:00,2026-08-06T01:51:30.0000000+00:00
1475,9,35.5355,16.28281667,28.59,2026-08-06T03:21:31.0000000,UTC+02:00,2026-08-06T01:21:31.0000000+00:00
1474,9,35.53585,16.27935,28.599,2026-08-06T02:51:55.0000000,UTC+02:00,2026-08-06T00:51:55.0000000+00:00
1473,9,35.53671667,16.27605,28.612,2026-08-06T02:21:31.0000000,UTC+02:00,2026-08-06T00:21:31.0000000+00:00
1472,9,35.53738333,16.27258333,28.604,2026-08-06T01:51:30.0000000,UTC+02:00,2026-08-05T23:51:30.0000000+00:00
1471,9,35.53795,16.26911667,28.643,2026-08-06T01:21:32.0000000,UTC+02:00,2026-08-05T23:21:32.0000000+00:00
1470,9,35.53801667,16.2664,28.68,2026-08-06T00:51:31.0000000,UTC+02:00,2026-08-05T22:51:31.0000000+00:00
1469,9,35.5379,16.26441667,28.691,2026-08-06T00:21:55.0000000,UTC+02:00,2026-08-05T22:21:55.0000000+00:00
1468,9,35.53805,16.26226667,28.691,2026-08-05T23:51:30.0000000,UTC+02:00,2026-08-05T21:51:30.0000000+00:00
1467,9,35.5384,16.25985,28.719,2026-08-05T23:21:55.0000000,UTC+02:00,2026-08-05T21:21:55.0000000+00:00
1466,9,35.53831667,16.2578,28.775,2026-08-05T22:51:30.0000000,UTC+02:00,2026-08-05T20:51:30.0000000+00:00
1465,9,35.53811667,16.25613333,28.803,2026-08-05T22:21:31.0000000,UTC+02:00,2026-08-05T20:21:31.0000000+00:00
1464,9,35.53836667,16.2553,28.827,2026-08-05T21:51:31.0000000,UTC+02:00,2026-08-05T19:51:31.0000000+00:00
1463,9,35.53891667,16.2544,28.866,2026-08-05T21:21:30.0000000,UTC+02:00,2026-08-05T19:21:30.0000000+00:00
1462,9,35.53998333,16.25331667,28.889,2026-08-05T20:51:30.0000000,UTC+02:00,2026-08-05T18:51:30.0000000+00:00
1461,9,35.54126667,16.25241667,28.895,2026-08-05T20:21:30.0000000,UTC+02:00,2026-08-05T18:21:30.0000000+00:00
1460,9,35.543,16.25141667,28.852,2026-08-05T19:51:31.0000000,UTC+02:00,2026-08-05T17:51:31.0000000+00:00
1459,9,35.54501667,16.2501,28.861,2026-08-05T19:21:54.0000000,UTC+02:00,2026-08-05T17:21:54.0000000+00:00
1458,9,35.54733333,16.24896667,28.902,2026-08-05T18:51:30.0000000,UTC+02:00,2026-08-05T16:51:30.0000000+00:00
1457,9,35.55005,16.24803333,28.942,2026-08-05T18:21:56.0000000,UTC+02:00,2026-08-05T16:21:56.0000000+00:00
1456,9,35.55331667,16.24711667,28.971,2026-08-05T17:51:31.0000000,UTC+02:00,2026-08-05T15:51:31.0000000+00:00
1455,9,35.55675,16.24546667,29.008,2026-08-05T17:21:30.0000000,UTC+02:00,2026-08-05T15:21:30.0000000+00:00
1454,9,35.55983333,16.24391667,29.045,2026-08-05T16:51:37.0000000,UTC+02:00,2026-08-05T14:51:37.0000000+00:00
1453,9,35.56308333,16.24213333,29.075,2026-08-05T16:21:31.0000000,UTC+02:00,2026-08-05T14:21:31.0000000+00:00
1452,9,35.56678333,16.23933333,29.14,2026-08-05T15:51:30.0000000,UTC+02:00,2026-08-05T13:51:30.0000000+00:00
1451,9,35.56678333,16.23933333,29.14,2026-08-05T15:51:30.0000000,UTC+02:00,2026-08-05T13:51:30.0000000+00:00
1450,9,35.57081667,16.23568333,29.191,2026-08-05T15:21:30.0000000,UTC+02:00,2026-08-05T13:21:30.0000000+00:00
1449,9,35.57493333,16.23111667,29.178,2026-08-05T14:51:31.0000000,UTC+02:00,2026-08-05T12:51:31.0000000+00:00
1448,9,35.57926667,16.22625,29.164,2026-08-05T14:21:30.0000000,UTC+02:00,2026-08-05T12:21:30.0000000+00:00
1447,9,35.58331667,16.22098333,29.089,2026-08-05T13:51:30.0000000,UTC+02:00,2026-08-05T11:51:30.0000000+00:00
1446,9,35.5874,16.2154,29.075,2026-08-05T13:21:30.0000000,UTC+02:00,2026-08-05T11:21:30.0000000+00:00
1445,9,35.59126667,16.20973333,28.961,2026-08-05T12:51:30.0000000,UTC+02:00,2026-08-05T10:51:30.0000000+00:00
1444,9,35.59468333,16.20425,28.799,2026-08-05T12:21:30.0000000,UTC+02:00,2026-08-05T10:21:30.0000000+00:00
1443,9,35.59753333,16.19843333,28.735,2026-08-05T11:51:30.0000000,UTC+02:00,2026-08-05T09:51:30.0000000+00:00
1442,9,35.59981667,16.19233333,28.651,2026-08-05T11:21:30.0000000,UTC+02:00,2026-08-05T09:21:30.0000000+00:00
1441,9,35.60155,16.18606667,28.629,2026-08-05T10:51:30.0000000,UTC+02:00,2026-08-05T08:51:30.0000000+00:00
1440,9,35.60283333,16.17968333,28.638,2026-08-05T10:21:30.0000000,UTC+02:00,2026-08-05T08:21:30.0000000+00:00
1439,9,35.60276667,16.17298333,28.642,2026-08-05T09:51:31.0000000,UTC+02:00,2026-08-05T07:51:31.0000000+00:00
1438,9,35.6023,16.16663333,28.652,2026-08-05T09:21:30.0000000,UTC+02:00,2026-08-05T07:21:30.0000000+00:00
1437,9,35.60173333,16.16045,28.674,2026-08-05T08:51:30.0000000,UTC+02:00,2026-08-05T06:51:30.0000000+00:00
1436,9,35.6009,16.1551,28.674,2026-08-05T08:21:30.0000000,UTC+02:00,2026-08-05T06:21:30.0000000+00:00
1435,9,35.59973333,16.15001667,28.666,2026-08-05T07:51:30.0000000,UTC+02:00,2026-08-05T05:51:30.0000000+00:00
1434,9,35.59768333,16.14515,28.68,2026-08-05T07:21:31.0000000,UTC+02:00,2026-08-05T05:21:31.0000000+00:00
1433,9,35.59475,16.14111667,28.694,2026-08-05T06:51:30.0000000,UTC+02:00,2026-08-05T04:51:30.0000000+00:00
1432,9,35.59113333,16.13798333,28.715,2026-08-05T06:21:31.0000000,UTC+02:00,2026-08-05T04:21:31.0000000+00:00
1431,9,35.58748333,16.1357,28.726,2026-08-05T05:51:30.0000000,UTC+02:00,2026-08-05T03:51:30.0000000+00:00
1430,9,35.58411667,16.13425,28.737,2026-08-05T05:21:30.0000000,UTC+02:00,2026-08-05T03:21:30.0000000+00:00
1429,9,35.58098333,16.13336667,28.73,2026-08-05T04:51:30.0000000,UTC+02:00,2026-08-05T02:51:30.0000000+00:00
1428,9,35.57838333,16.1329,28.725,2026-08-05T04:21:30.0000000,UTC+02:00,2026-08-05T02:21:30.0000000+00:00
1427,9,35.57616667,16.13293333,28.726,2026-08-05T03:51:31.0000000,UTC+02:00,2026-08-05T01:51:31.0000000+00:00
1426,9,35.57375,16.13338333,28.71,2026-08-05T03:21:30.0000000,UTC+02:00,2026-08-05T01:21:30.0000000+00:00
1425,9,35.57128333,16.13491667,28.719,2026-08-05T02:51:30.0000000,UTC+02:00,2026-08-05T00:51:30.0000000+00:00
1424,9,35.56918333,16.13653333,28.706,2026-08-05T02:21:30.0000000,UTC+02:00,2026-08-05T00:21:30.0000000+00:00
1423,9,35.56755,16.13843333,28.723,2026-08-05T01:51:30.0000000,UTC+02:00,2026-08-04T23:51:30.0000000+00:00
1422,9,35.56615,16.14103333,28.729,2026-08-05T01:21:34.0000000,UTC+02:00,2026-08-04T23:21:34.0000000+00:00
1421,9,35.56456667,16.14406667,28.716,2026-08-05T00:51:30.0000000,UTC+02:00,2026-08-04T22:51:30.0000000+00:00
1420,9,35.56356667,16.14725,28.747,2026-08-05T00:21:30.0000000,UTC+02:00,2026-08-04T22:21:30.0000000+00:00
1419,9,35.56318333,16.1505,28.773,2026-08-04T23:52:01.0000000,UTC+02:00,2026-08-04T21:52:01.0000000+00:00
1418,9,35.56308333,16.15426667,28.803,2026-08-04T23:21:49.0000000,UTC+02:00,2026-08-04T21:21:49.0000000+00:00
1417,9,35.5635,16.15815,28.821,2026-08-04T22:51:49.0000000,UTC+02:00,2026-08-04T20:51:49.0000000+00:00
1416,9,35.56441667,16.1621,28.872,2026-08-04T22:21:30.0000000,UTC+02:00,2026-08-04T20:21:30.0000000+00:00
1415,9,35.56615,16.16581667,28.856,2026-08-04T21:51:30.0000000,UTC+02:00,2026-08-04T19:51:30.0000000+00:00
1414,9,35.56851667,16.16905,28.897,2026-08-04T21:21:30.0000000,UTC+02:00,2026-08-04T19:21:30.0000000+00:00
1413,9,35.57165,16.1717,28.899,2026-08-04T20:51:30.0000000,UTC+02:00,2026-08-04T18:51:30.0000000+00:00
1412,9,35.57561667,16.1738,28.926,2026-08-04T20:21:31.0000000,UTC+02:00,2026-08-04T18:21:31.0000000+00:00
1411,9,35.5799,16.17528333,28.984,2026-08-04T19:51:30.0000000,UTC+02:00,2026-08-04T17:51:30.0000000+00:00
1410,9,35.58415,16.17545,29.019,2026-08-04T19:21:30.0000000,UTC+02:00,2026-08-04T17:21:30.0000000+00:00
1409,9,35.58881667,16.17383333,29.088,2026-08-04T18:51:30.0000000,UTC+02:00,2026-08-04T16:51:30.0000000+00:00
1408,9,35.5939,16.17081667,29.114,2026-08-04T18:21:30.0000000,UTC+02:00,2026-08-04T16:21:30.0000000+00:00
1407,9,35.59831667,16.16711667,29.184,2026-08-04T17:51:30.0000000,UTC+02:00,2026-08-04T15:51:30.0000000+00:00
1406,9,35.602,16.16251667,29.244,2026-08-04T17:21:30.0000000,UTC+02:00,2026-08-04T15:21:30.0000000+00:00
1405,9,35.6056,16.15643333,29.416,2026-08-04T16:51:30.0000000,UTC+02:00,2026-08-04T14:51:30.0000000+00:00
1404,9,35.6081,16.15088333,29.365,2026-08-04T16:21:54.0000000,UTC+02:00,2026-08-04T14:21:54.0000000+00:00
1403,9,35.61041667,16.1446,29.376,2026-08-04T15:51:31.0000000,UTC+02:00,2026-08-04T13:51:31.0000000+00:00
1402,9,35.6115,16.13846667,29.35,2026-08-04T15:21:49.0000000,UTC+02:00,2026-08-04T13:21:49.0000000+00:00
1401,9,35.61195,16.13213333,29.367,2026-08-04T14:51:31.0000000,UTC+02:00,2026-08-04T12:51:31.0000000+00:00
1400,9,35.61191667,16.12556667,29.301,2026-08-04T14:21:30.0000000,UTC+02:00,2026-08-04T12:21:30.0000000+00:00
1399,9,35.61118333,16.12023333,29.303,2026-08-04T13:51:30.0000000,UTC+02:00,2026-08-04T11:51:30.0000000+00:00
1398,9,35.61015,16.11556667,29.538,2026-08-04T13:21:31.0000000,UTC+02:00,2026-08-04T11:21:31.0000000+00:00
1397,9,35.6075,16.10791667,29.308,2026-08-04T12:21:30.0000000,UTC+02:00,2026-08-04T10:21:30.0000000+00:00
1396,9,35.6062,16.10561667,29.145,2026-08-04T11:51:30.0000000,UTC+02:00,2026-08-04T09:51:30.0000000+00:00
1395,9,35.60466667,16.10321667,28.986,2026-08-04T11:21:30.0000000,UTC+02:00,2026-08-04T09:21:30.0000000+00:00
1394,9,35.6033,16.10103333,28.841,2026-08-04T10:51:30.0000000,UTC+02:00,2026-08-04T08:51:30.0000000+00:00
1393,9,35.60188333,16.099,28.749,2026-08-04T10:21:30.0000000,UTC+02:00,2026-08-04T08:21:30.0000000+00:00
1392,9,35.60076667,16.097,28.693,2026-08-04T09:51:30.0000000,UTC+02:00,2026-08-04T07:51:30.0000000+00:00
1391,9,35.59901667,16.0951,28.615,2026-08-04T09:21:30.0000000,UTC+02:00,2026-08-04T07:21:30.0000000+00:00
1390,9,35.59718333,16.09283333,28.564,2026-08-04T08:52:01.0000000,UTC+02:00,2026-08-04T06:52:01.0000000+00:00
1389,9,35.59498333,16.09081667,28.526,2026-08-04T08:21:30.0000000,UTC+02:00,2026-08-04T06:21:30.0000000+00:00
1388,9,35.59225,16.08945,28.512,2026-08-04T07:51:30.0000000,UTC+02:00,2026-08-04T05:51:30.0000000+00:00
1387,9,35.5893,16.0883,28.499,2026-08-04T07:21:30.0000000,UTC+02:00,2026-08-04T05:21:30.0000000+00:00
1386,9,35.58633333,16.08766667,28.478,2026-08-04T06:51:30.0000000,UTC+02:00,2026-08-04T04:51:30.0000000+00:00
1385,9,35.58378333,16.08703333,28.46,2026-08-04T06:21:30.0000000,UTC+02:00,2026-08-04T04:21:30.0000000+00:00
1384,9,35.58118333,16.08665,28.475,2026-08-04T05:51:30.0000000,UTC+02:00,2026-08-04T03:51:30.0000000+00:00
1383,9,35.57855,16.08696667,28.492,2026-08-04T05:21:30.0000000,UTC+02:00,2026-08-04T03:21:30.0000000+00:00
1382,9,35.57573333,16.08801667,28.489,2026-08-04T04:51:30.0000000,UTC+02:00,2026-08-04T02:51:30.0000000+00:00
1381,9,35.5733,16.08971667,28.5,2026-08-04T04:21:30.0000000,UTC+02:00,2026-08-04T02:21:30.0000000+00:00
1380,9,35.57101667,16.09161667,28.518,2026-08-04T03:51:31.0000000,UTC+02:00,2026-08-04T01:51:31.0000000+00:00
1379,9,35.56891667,16.0946,28.508,2026-08-04T03:21:30.0000000,UTC+02:00,2026-08-04T01:21:30.0000000+00:00
1378,9,35.56756667,16.09841667,28.516,2026-08-04T02:51:30.0000000,UTC+02:00,2026-08-04T00:51:30.0000000+00:00
1377,9,35.56705,16.10288333,28.552,2026-08-04T02:21:49.0000000,UTC+02:00,2026-08-04T00:21:49.0000000+00:00
1376,9,35.56716667,16.1077,28.571,2026-08-04T01:51:30.0000000,UTC+02:00,2026-08-03T23:51:30.0000000+00:00
1375,9,35.5678,16.11231667,28.585,2026-08-04T01:21:30.0000000,UTC+02:00,2026-08-03T23:21:30.0000000+00:00
1374,9,35.56923333,16.11686667,28.557,2026-08-04T00:51:31.0000000,UTC+02:00,2026-08-03T22:51:31.0000000+00:00
1373,9,35.5715,16.12116667,28.573,2026-08-04T00:21:30.0000000,UTC+02:00,2026-08-03T22:21:30.0000000+00:00
1372,9,35.57428333,16.12531667,28.628,2026-08-03T23:51:30.0000000,UTC+02:00,2026-08-03T21:51:30.0000000+00:00
1371,9,35.57655,16.12891667,28.66,2026-08-03T23:21:30.0000000,UTC+02:00,2026-08-03T21:21:30.0000000+00:00
1370,9,35.57893333,16.13176667,28.681,2026-08-03T22:51:30.0000000,UTC+02:00,2026-08-03T20:51:30.0000000+00:00
1369,9,35.58193333,16.13433333,28.709,2026-08-03T22:21:30.0000000,UTC+02:00,2026-08-03T20:21:30.0000000+00:00
1368,9,35.58481667,16.13653333,28.75,2026-08-03T21:51:31.0000000,UTC+02:00,2026-08-03T19:51:31.0000000+00:00
1367,9,35.58806667,16.1377,28.761,2026-08-03T21:21:33.0000000,UTC+02:00,2026-08-03T19:21:33.0000000+00:00
1366,9,35.59188333,16.13776667,28.823,2026-08-03T20:51:30.0000000,UTC+02:00,2026-08-03T18:51:30.0000000+00:00
1365,9,35.59563333,16.13665,28.857,2026-08-03T20:21:30.0000000,UTC+02:00,2026-08-03T18:21:30.0000000+00:00
1364,9,35.59911667,16.13445,28.901,2026-08-03T19:51:30.0000000,UTC+02:00,2026-08-03T17:51:30.0000000+00:00
1363,9,35.60256667,16.13131667,28.93,2026-08-03T19:21:30.0000000,UTC+02:00,2026-08-03T17:21:30.0000000+00:00
1362,9,35.6062,16.12691667,28.959,2026-08-03T18:51:30.0000000,UTC+02:00,2026-08-03T16:51:30.0000000+00:00
1361,9,35.6089,16.122,29.047,2026-08-03T18:21:48.0000000,UTC+02:00,2026-08-03T16:21:48.0000000+00:00
1360,9,35.61116667,16.11686667,29.077,2026-08-03T17:51:49.0000000,UTC+02:00,2026-08-03T15:51:49.0000000+00:00
1359,9,35.61428333,16.11136667,29.099,2026-08-03T17:21:31.0000000,UTC+02:00,2026-08-03T15:21:31.0000000+00:00
1358,9,35.6169,16.10511667,29.143,2026-08-03T16:51:30.0000000,UTC+02:00,2026-08-03T14:51:30.0000000+00:00
1357,9,35.61823333,16.09895,29.089,2026-08-03T16:21:30.0000000,UTC+02:00,2026-08-03T14:21:30.0000000+00:00
1356,9,35.6192,16.09343333,29.16,2026-08-03T15:51:30.0000000,UTC+02:00,2026-08-03T13:51:30.0000000+00:00
1355,9,35.62045,16.08775,29.153,2026-08-03T15:21:49.0000000,UTC+02:00,2026-08-03T13:21:49.0000000+00:00
1354,9,35.6215,16.08173333,29.204,2026-08-03T14:51:30.0000000,UTC+02:00,2026-08-03T12:51:30.0000000+00:00
1353,9,35.62193333,16.07596667,29.204,2026-08-03T14:21:30.0000000,UTC+02:00,2026-08-03T12:21:30.0000000+00:00
1352,9,35.62191667,16.07016667,29.073,2026-08-03T13:51:30.0000000,UTC+02:00,2026-08-03T11:51:30.0000000+00:00
1351,9,35.62146667,16.06516667,28.945,2026-08-03T13:21:30.0000000,UTC+02:00,2026-08-03T11:21:30.0000000+00:00
1350,9,35.6205,16.06076667,28.966,2026-08-03T12:51:30.0000000,UTC+02:00,2026-08-03T10:51:30.0000000+00:00
1349,9,35.61908333,16.05696667,28.924,2026-08-03T12:21:31.0000000,UTC+02:00,2026-08-03T10:21:31.0000000+00:00
1348,9,35.61753333,16.0534,28.773,2026-08-03T11:51:30.0000000,UTC+02:00,2026-08-03T09:51:30.0000000+00:00
1347,9,35.61541667,16.0503,28.684,2026-08-03T11:21:30.0000000,UTC+02:00,2026-08-03T09:21:30.0000000+00:00
1346,9,35.61258333,16.04815,28.6,2026-08-03T10:51:31.0000000,UTC+02:00,2026-08-03T08:51:31.0000000+00:00
1345,9,35.61016667,16.0461,28.516,2026-08-03T10:21:30.0000000,UTC+02:00,2026-08-03T08:21:30.0000000+00:00
1344,9,35.60858333,16.04378333,28.424,2026-08-03T09:51:32.0000000,UTC+02:00,2026-08-03T07:51:32.0000000+00:00
1343,9,35.60636667,16.04198333,28.351,2026-08-03T09:21:30.0000000,UTC+02:00,2026-08-03T07:21:30.0000000+00:00
1342,9,35.60408333,16.04123333,28.313,2026-08-03T08:51:30.0000000,UTC+02:00,2026-08-03T06:51:30.0000000+00:00
1341,9,35.60198333,16.04045,28.302,2026-08-03T08:21:31.0000000,UTC+02:00,2026-08-03T06:21:31.0000000+00:00
1340,9,35.60028333,16.04025,28.284,2026-08-03T07:51:55.0000000,UTC+02:00,2026-08-03T05:51:55.0000000+00:00
1339,9,35.5989,16.04001667,28.268,2026-08-03T07:21:30.0000000,UTC+02:00,2026-08-03T05:21:30.0000000+00:00
1338,9,35.5976,16.04048333,28.262,2026-08-03T06:51:30.0000000,UTC+02:00,2026-08-03T04:51:30.0000000+00:00
1337,9,35.59695,16.04138333,28.291,2026-08-03T06:21:30.0000000,UTC+02:00,2026-08-03T04:21:30.0000000+00:00
1336,9,35.59631667,16.04235,28.335,2026-08-03T05:51:31.0000000,UTC+02:00,2026-08-03T03:51:31.0000000+00:00
1335,9,35.59598333,16.04335,28.355,2026-08-03T05:21:30.0000000,UTC+02:00,2026-08-03T03:21:30.0000000+00:00
1334,9,35.5957,16.04408333,28.37,2026-08-03T04:51:30.0000000,UTC+02:00,2026-08-03T02:51:30.0000000+00:00
1333,9,35.59545,16.04465,28.417,2026-08-03T04:21:30.0000000,UTC+02:00,2026-08-03T02:21:30.0000000+00:00
1332,9,35.59568333,16.04533333,28.452,2026-08-03T03:51:30.0000000,UTC+02:00,2026-08-03T01:51:30.0000000+00:00
1331,9,35.59625,16.04641667,28.486,2026-08-03T03:21:55.0000000,UTC+02:00,2026-08-03T01:21:55.0000000+00:00
1330,9,35.59695,16.0481,28.511,2026-08-03T02:51:30.0000000,UTC+02:00,2026-08-03T00:51:30.0000000+00:00
1329,9,35.59846667,16.04913333,28.53,2026-08-03T02:21:32.0000000,UTC+02:00,2026-08-03T00:21:32.0000000+00:00
1328,9,35.60056667,16.04901667,28.564,2026-08-03T01:51:30.0000000,UTC+02:00,2026-08-02T23:51:30.0000000+00:00
1327,9,35.60305,16.04816667,28.577,2026-08-03T01:21:30.0000000,UTC+02:00,2026-08-02T23:21:30.0000000+00:00
1326,9,35.60508333,16.04695,28.605,2026-08-03T00:51:30.0000000,UTC+02:00,2026-08-02T22:51:30.0000000+00:00
1325,9,35.60748333,16.04518333,28.604,2026-08-03T00:21:50.0000000,UTC+02:00,2026-08-02T22:21:50.0000000+00:00
1324,9,35.6102,16.04298333,28.596,2026-08-02T23:51:30.0000000,UTC+02:00,2026-08-02T21:51:30.0000000+00:00
1323,9,35.61265,16.0404,28.626,2026-08-02T23:22:01.0000000,UTC+02:00,2026-08-02T21:22:01.0000000+00:00
1322,9,35.61545,16.03733333,28.64,2026-08-02T22:51:32.0000000,UTC+02:00,2026-08-02T20:51:32.0000000+00:00
1321,9,35.61871667,16.03333333,28.635,2026-08-02T22:21:32.0000000,UTC+02:00,2026-08-02T20:21:32.0000000+00:00
1320,9,35.62161667,16.02928333,28.617,2026-08-02T21:51:30.0000000,UTC+02:00,2026-08-02T19:51:30.0000000+00:00
1319,9,35.62385,16.02531667,28.631,2026-08-02T21:21:30.0000000,UTC+02:00,2026-08-02T19:21:30.0000000+00:00
1318,9,35.62555,16.02135,28.67,2026-08-02T20:51:30.0000000,UTC+02:00,2026-08-02T18:51:30.0000000+00:00
1317,9,35.62693333,16.0177,28.686,2026-08-02T20:21:30.0000000,UTC+02:00,2026-08-02T18:21:30.0000000+00:00
1316,9,35.62751667,16.01388333,28.735,2026-08-02T19:51:30.0000000,UTC+02:00,2026-08-02T17:51:30.0000000+00:00
1315,9,35.62836667,16.00933333,28.769,2026-08-02T19:21:30.0000000,UTC+02:00,2026-08-02T17:21:30.0000000+00:00
1314,9,35.62835,16.00453333,28.881,2026-08-02T18:51:30.0000000,UTC+02:00,2026-08-02T16:51:30.0000000+00:00
1313,9,35.62813333,15.99976667,28.697,2026-08-02T18:21:30.0000000,UTC+02:00,2026-08-02T16:21:30.0000000+00:00
1312,9,35.62678333,15.99473333,29.116,2026-08-02T17:51:30.0000000,UTC+02:00,2026-08-02T15:51:30.0000000+00:00
1311,9,35.62521667,15.99011667,29.033,2026-08-02T17:21:30.0000000,UTC+02:00,2026-08-02T15:21:30.0000000+00:00
1310,9,35.62361667,15.98546667,29.162,2026-08-02T16:51:30.0000000,UTC+02:00,2026-08-02T14:51:30.0000000+00:00
1309,9,35.62188333,15.9808,29.235,2026-08-02T16:21:30.0000000,UTC+02:00,2026-08-02T14:21:30.0000000+00:00
1308,9,35.62093333,15.97623333,29.152,2026-08-02T15:51:32.0000000,UTC+02:00,2026-08-02T13:51:32.0000000+00:00
1307,9,35.62025,15.97198333,29.051,2026-08-02T15:21:30.0000000,UTC+02:00,2026-08-02T13:21:30.0000000+00:00
1306,9,35.61906667,15.96765,29.194,2026-08-02T14:51:30.0000000,UTC+02:00,2026-08-02T12:51:30.0000000+00:00
1305,9,35.61755,15.96336667,29.272,2026-08-02T14:21:55.0000000,UTC+02:00,2026-08-02T12:21:55.0000000+00:00
1304,9,35.61601667,15.95886667,29.328,2026-08-02T13:51:30.0000000,UTC+02:00,2026-08-02T11:51:30.0000000+00:00
1303,9,35.61361667,15.95515,29.433,2026-08-02T13:21:30.0000000,UTC+02:00,2026-08-02T11:21:30.0000000+00:00
1302,9,35.61098333,15.9522,29.235,2026-08-02T12:51:31.0000000,UTC+02:00,2026-08-02T10:51:31.0000000+00:00
1301,9,35.60876667,15.95038333,29.507,2026-08-02T12:21:30.0000000,UTC+02:00,2026-08-02T10:21:30.0000000+00:00
1300,9,35.60666667,15.94946667,29.627,2026-08-02T11:51:41.0000000,UTC+02:00,2026-08-02T09:51:41.0000000+00:00
1299,9,35.60526667,15.95013333,29.679,2026-08-02T11:21:30.0000000,UTC+02:00,2026-08-02T09:21:30.0000000+00:00
1298,9,35.60441667,15.95225,29.36,2026-08-02T10:51:31.0000000,UTC+02:00,2026-08-02T08:51:31.0000000+00:00
1297,9,35.6038,15.95486667,28.845,2026-08-02T10:21:31.0000000,UTC+02:00,2026-08-02T08:21:31.0000000+00:00
1296,9,35.60441667,15.95785,29.447,2026-08-02T09:51:30.0000000,UTC+02:00,2026-08-02T07:51:30.0000000+00:00
1295,9,35.60576667,15.96058333,28.505,2026-08-02T09:21:30.0000000,UTC+02:00,2026-08-02T07:21:30.0000000+00:00
1294,9,35.60713333,15.96316667,28.292,2026-08-02T08:51:31.0000000,UTC+02:00,2026-08-02T06:51:31.0000000+00:00
1293,9,35.60913333,15.96521667,28.204,2026-08-02T08:21:31.0000000,UTC+02:00,2026-08-02T06:21:31.0000000+00:00
1292,9,35.61146667,15.96633333,28.167,2026-08-02T07:51:37.0000000,UTC+02:00,2026-08-02T05:51:37.0000000+00:00
1291,9,35.61438333,15.96688333,28.149,2026-08-02T07:21:31.0000000,UTC+02:00,2026-08-02T05:21:31.0000000+00:00
1290,9,35.61761667,15.9669,28.159,2026-08-02T06:51:30.0000000,UTC+02:00,2026-08-02T04:51:30.0000000+00:00
1289,9,35.62095,15.9665,28.178,2026-08-02T06:21:30.0000000,UTC+02:00,2026-08-02T04:21:30.0000000+00:00
1288,9,35.62423333,15.96536667,28.198,2026-08-02T05:51:41.0000000,UTC+02:00,2026-08-02T03:51:41.0000000+00:00
1287,9,35.62721667,15.96346667,28.22,2026-08-02T05:21:30.0000000,UTC+02:00,2026-08-02T03:21:30.0000000+00:00
1286,9,35.63055,15.96158333,28.242,2026-08-02T04:51:31.0000000,UTC+02:00,2026-08-02T02:51:31.0000000+00:00
1285,9,35.63306667,15.9596,28.247,2026-08-02T04:21:31.0000000,UTC+02:00,2026-08-02T02:21:31.0000000+00:00
1284,9,35.63545,15.9571,28.27,2026-08-02T03:51:30.0000000,UTC+02:00,2026-08-02T01:51:30.0000000+00:00
1283,9,35.63733333,15.95421667,28.33,2026-08-02T03:21:30.0000000,UTC+02:00,2026-08-02T01:21:30.0000000+00:00
1282,9,35.63851667,15.95096667,28.372,2026-08-02T02:51:31.0000000,UTC+02:00,2026-08-02T00:51:31.0000000+00:00
1281,9,35.63998333,15.9478,28.403,2026-08-02T02:21:50.0000000,UTC+02:00,2026-08-02T00:21:50.0000000+00:00
1280,9,35.64115,15.94533333,28.407,2026-08-02T01:51:50.0000000,UTC+02:00,2026-08-01T23:51:50.0000000+00:00
1279,9,35.64273333,15.94236667,28.402,2026-08-02T01:21:31.0000000,UTC+02:00,2026-08-01T23:21:31.0000000+00:00
1278,9,35.64376667,15.9392,28.433,2026-08-02T00:51:30.0000000,UTC+02:00,2026-08-01T22:51:30.0000000+00:00
1277,9,35.64426667,15.93638333,28.454,2026-08-02T00:21:31.0000000,UTC+02:00,2026-08-01T22:21:31.0000000+00:00
1276,9,35.64446667,15.93411667,28.465,2026-08-01T23:51:31.0000000,UTC+02:00,2026-08-01T21:51:31.0000000+00:00
1275,9,35.6458,15.93235,28.454,2026-08-01T23:21:34.0000000,UTC+02:00,2026-08-01T21:21:34.0000000+00:00
1274,9,35.64736667,15.9315,28.455,2026-08-01T22:51:31.0000000,UTC+02:00,2026-08-01T20:51:31.0000000+00:00
1273,9,35.64971667,15.93061667,28.517,2026-08-01T22:21:31.0000000,UTC+02:00,2026-08-01T20:21:31.0000000+00:00
1272,9,35.65186667,15.9296,28.576,2026-08-01T21:51:30.0000000,UTC+02:00,2026-08-01T19:51:30.0000000+00:00
1271,9,35.65338333,15.9283,28.603,2026-08-01T21:21:31.0000000,UTC+02:00,2026-08-01T19:21:31.0000000+00:00
1270,9,35.65478333,15.92685,28.685,2026-08-01T20:51:56.0000000,UTC+02:00,2026-08-01T18:51:56.0000000+00:00
1269,9,35.6551,15.92611667,28.728,2026-08-01T20:21:49.0000000,UTC+02:00,2026-08-01T18:21:49.0000000+00:00
1268,9,35.65498333,15.9265,28.829,2026-08-01T19:51:31.0000000,UTC+02:00,2026-08-01T17:51:31.0000000+00:00
1267,9,35.65465,15.92711667,28.953,2026-08-01T19:21:31.0000000,UTC+02:00,2026-08-01T17:21:31.0000000+00:00
1266,9,35.6546,15.9283,29.034,2026-08-01T18:51:30.0000000,UTC+02:00,2026-08-01T16:51:30.0000000+00:00
1265,9,35.65421667,15.92945,29.09,2026-08-01T18:21:31.0000000,UTC+02:00,2026-08-01T16:21:31.0000000+00:00
1264,9,35.65335,15.93085,29.106,2026-08-01T17:51:30.0000000,UTC+02:00,2026-08-01T15:51:30.0000000+00:00
1263,9,35.65308333,15.93275,29.063,2026-08-01T17:21:30.0000000,UTC+02:00,2026-08-01T15:21:30.0000000+00:00
1262,9,35.65296667,15.93463333,29.053,2026-08-01T16:51:37.0000000,UTC+02:00,2026-08-01T14:51:37.0000000+00:00
1261,9,35.6531,15.9375,29.052,2026-08-01T16:21:30.0000000,UTC+02:00,2026-08-01T14:21:30.0000000+00:00
1260,9,35.65383333,15.94063333,29.001,2026-08-01T15:51:30.0000000,UTC+02:00,2026-08-01T13:51:30.0000000+00:00
1259,9,35.65478333,15.94393333,29.035,2026-08-01T15:21:31.0000000,UTC+02:00,2026-08-01T13:21:31.0000000+00:00
1258,9,35.65526667,15.94863333,29.018,2026-08-01T14:51:30.0000000,UTC+02:00,2026-08-01T12:51:30.0000000+00:00
1257,9,35.65626667,15.95353333,28.78,2026-08-01T14:21:30.0000000,UTC+02:00,2026-08-01T12:21:30.0000000+00:00
1256,9,35.65771667,15.95851667,28.716,2026-08-01T13:51:30.0000000,UTC+02:00,2026-08-01T11:51:30.0000000+00:00
1255,9,35.65911667,15.96375,28.604,2026-08-01T13:21:55.0000000,UTC+02:00,2026-08-01T11:21:55.0000000+00:00
1254,9,35.66083333,15.96851667,28.543,2026-08-01T12:51:30.0000000,UTC+02:00,2026-08-01T10:51:30.0000000+00:00
1253,9,35.66261667,15.97253333,28.325,2026-08-01T12:21:31.0000000,UTC+02:00,2026-08-01T10:21:31.0000000+00:00
1252,9,35.66473333,15.97561667,28.207,2026-08-01T11:51:30.0000000,UTC+02:00,2026-08-01T09:51:30.0000000+00:00
1251,9,35.66746667,15.9784,28.173,2026-08-01T11:21:30.0000000,UTC+02:00,2026-08-01T09:21:30.0000000+00:00
1250,9,35.6703,15.98043333,28.109,2026-08-01T10:51:49.0000000,UTC+02:00,2026-08-01T08:51:49.0000000+00:00
1249,9,35.67311667,15.98208333,28.015,2026-08-01T10:21:30.0000000,UTC+02:00,2026-08-01T08:21:30.0000000+00:00
1248,9,35.6756,15.98343333,27.958,2026-08-01T09:51:30.0000000,UTC+02:00,2026-08-01T07:51:30.0000000+00:00
1247,9,35.67818333,15.98463333,27.891,2026-08-01T09:21:30.0000000,UTC+02:00,2026-08-01T07:21:30.0000000+00:00
1246,9,35.68028333,15.9859,27.867,2026-08-01T08:51:31.0000000,UTC+02:00,2026-08-01T06:51:31.0000000+00:00
1245,9,35.68243333,15.98696667,27.861,2026-08-01T08:21:30.0000000,UTC+02:00,2026-08-01T06:21:30.0000000+00:00
1244,9,35.68485,15.9881,27.857,2026-08-01T07:51:36.0000000,UTC+02:00,2026-08-01T05:51:36.0000000+00:00
1243,9,35.68703333,15.98935,27.852,2026-08-01T07:21:30.0000000,UTC+02:00,2026-08-01T05:21:30.0000000+00:00
1242,9,35.6893,15.99056667,27.855,2026-08-01T06:52:01.0000000,UTC+02:00,2026-08-01T04:52:01.0000000+00:00
1241,9,35.69178333,15.99143333,27.852,2026-08-01T06:21:30.0000000,UTC+02:00,2026-08-01T04:21:30.0000000+00:00
1240,9,35.69388333,15.99128333,27.867,2026-08-01T05:51:30.0000000,UTC+02:00,2026-08-01T03:51:30.0000000+00:00
1239,9,35.6957,15.99066667,27.874,2026-08-01T05:21:31.0000000,UTC+02:00,2026-08-01T03:21:31.0000000+00:00
1238,9,35.69748333,15.99026667,27.875,2026-08-01T04:51:30.0000000,UTC+02:00,2026-08-01T02:51:30.0000000+00:00
1237,9,35.69941667,15.98991667,27.886,2026-08-01T04:21:31.0000000,UTC+02:00,2026-08-01T02:21:31.0000000+00:00
1236,9,35.70161667,15.98963333,27.894,2026-08-01T03:51:49.0000000,UTC+02:00,2026-08-01T01:51:49.0000000+00:00
1235,9,35.70383333,15.98928333,27.913,2026-08-01T03:21:31.0000000,UTC+02:00,2026-08-01T01:21:31.0000000+00:00
1234,9,35.70595,15.98943333,27.893,2026-08-01T02:51:32.0000000,UTC+02:00,2026-08-01T00:51:32.0000000+00:00
1233,9,35.70831667,15.98981667,27.874,2026-08-01T02:21:30.0000000,UTC+02:00,2026-08-01T00:21:30.0000000+00:00
1232,9,35.7107,15.98996667,27.894,2026-08-01T01:51:56.0000000,UTC+02:00,2026-07-31T23:51:56.0000000+00:00
1231,9,35.71335,15.98933333,27.915,2026-08-01T01:21:31.0000000,UTC+02:00,2026-07-31T23:21:31.0000000+00:00
1230,9,35.71555,15.98808333,27.923,2026-08-01T00:52:01.0000000,UTC+02:00,2026-07-31T22:52:01.0000000+00:00
1229,9,35.71743333,15.98663333,27.938,2026-08-01T00:21:31.0000000,UTC+02:00,2026-07-31T22:21:31.0000000+00:00
1228,9,35.71858333,15.98561667,27.965,2026-07-31T23:51:55.0000000,UTC+02:00,2026-07-31T21:51:55.0000000+00:00
1227,9,35.7195,15.98483333,27.959,2026-07-31T23:21:47.0000000,UTC+02:00,2026-07-31T21:21:47.0000000+00:00
1226,9,35.72025,15.98411667,27.971,2026-07-31T22:52:01.0000000,UTC+02:00,2026-07-31T20:52:01.0000000+00:00
1225,9,35.72091667,15.9838,27.97,2026-07-31T22:21:30.0000000,UTC+02:00,2026-07-31T20:21:30.0000000+00:00
1224,9,35.72118333,15.98346667,27.991,2026-07-31T21:51:49.0000000,UTC+02:00,2026-07-31T19:51:49.0000000+00:00
1223,9,35.7211,15.98333333,27.996,2026-07-31T21:21:54.0000000,UTC+02:00,2026-07-31T19:21:54.0000000+00:00
1222,9,35.72103333,15.98345,28.027,2026-07-31T20:51:30.0000000,UTC+02:00,2026-07-31T18:51:30.0000000+00:00
1221,9,35.72056667,15.9841,28.055,2026-07-31T20:21:31.0000000,UTC+02:00,2026-07-31T18:21:31.0000000+00:00
1220,9,35.71965,15.98535,28.062,2026-07-31T19:51:30.0000000,UTC+02:00,2026-07-31T17:51:30.0000000+00:00
1219,9,35.7188,15.98671667,28.082,2026-07-31T19:21:30.0000000,UTC+02:00,2026-07-31T17:21:30.0000000+00:00
1218,9,35.71811667,15.98883333,28.109,2026-07-31T18:51:30.0000000,UTC+02:00,2026-07-31T16:51:30.0000000+00:00
1217,9,35.7172,15.99191667,28.108,2026-07-31T18:21:30.0000000,UTC+02:00,2026-07-31T16:21:30.0000000+00:00
1216,9,35.7169,15.99641667,28.156,2026-07-31T17:51:30.0000000,UTC+02:00,2026-07-31T15:51:30.0000000+00:00
1215,9,35.71706667,16.00143333,28.175,2026-07-31T17:21:31.0000000,UTC+02:00,2026-07-31T15:21:31.0000000+00:00
1214,9,35.71765,16.00735,28.195,2026-07-31T16:51:30.0000000,UTC+02:00,2026-07-31T14:51:30.0000000+00:00
1213,9,35.7189,16.01391667,28.208,2026-07-31T16:21:30.0000000,UTC+02:00,2026-07-31T14:21:30.0000000+00:00
1212,9,35.72028333,16.02051667,28.178,2026-07-31T15:51:31.0000000,UTC+02:00,2026-07-31T13:51:31.0000000+00:00
1211,9,35.72248333,16.02675,28.16,2026-07-31T15:21:30.0000000,UTC+02:00,2026-07-31T13:21:30.0000000+00:00
1210,9,35.725,16.03193333,28.125,2026-07-31T14:51:30.0000000,UTC+02:00,2026-07-31T12:51:30.0000000+00:00
1209,9,35.7276,16.03636667,28.109,2026-07-31T14:22:01.0000000,UTC+02:00,2026-07-31T12:22:01.0000000+00:00
1208,9,35.73035,16.04056667,28.072,2026-07-31T13:51:31.0000000,UTC+02:00,2026-07-31T11:51:31.0000000+00:00
1207,9,35.7329,16.04483333,28.015,2026-07-31T13:21:32.0000000,UTC+02:00,2026-07-31T11:21:32.0000000+00:00
1206,9,35.73598333,16.04851667,27.999,2026-07-31T12:51:32.0000000,UTC+02:00,2026-07-31T10:51:32.0000000+00:00
1205,9,35.73945,16.05203333,27.993,2026-07-31T12:21:30.0000000,UTC+02:00,2026-07-31T10:21:30.0000000+00:00
1204,9,35.74258333,16.05523333,27.923,2026-07-31T11:51:30.0000000,UTC+02:00,2026-07-31T09:51:30.0000000+00:00
1203,9,35.74553333,16.05853333,27.883,2026-07-31T11:21:30.0000000,UTC+02:00,2026-07-31T09:21:30.0000000+00:00
1202,9,35.74863333,16.06146667,27.837,2026-07-31T10:52:00.0000000,UTC+02:00,2026-07-31T08:52:00.0000000+00:00
1201,9,35.75201667,16.06391667,27.794,2026-07-31T10:21:32.0000000,UTC+02:00,2026-07-31T08:21:32.0000000+00:00
1200,9,35.75545,16.06596667,27.782,2026-07-31T09:51:55.0000000,UTC+02:00,2026-07-31T07:51:55.0000000+00:00
1199,9,35.75863333,16.06803333,27.775,2026-07-31T09:21:30.0000000,UTC+02:00,2026-07-31T07:21:30.0000000+00:00
1198,9,35.7617,16.06988333,27.763,2026-07-31T08:51:31.0000000,UTC+02:00,2026-07-31T06:51:31.0000000+00:00
1197,9,35.76478333,16.07116667,27.76,2026-07-31T08:21:30.0000000,UTC+02:00,2026-07-31T06:21:30.0000000+00:00
1196,9,35.76773333,16.07246667,27.759,2026-07-31T07:51:31.0000000,UTC+02:00,2026-07-31T05:51:31.0000000+00:00
1195,9,35.77031667,16.07338333,27.761,2026-07-31T07:21:50.0000000,UTC+02:00,2026-07-31T05:21:50.0000000+00:00
1194,9,35.77265,16.07373333,27.778,2026-07-31T06:51:30.0000000,UTC+02:00,2026-07-31T04:51:30.0000000+00:00
1193,9,35.77473333,16.07325,27.772,2026-07-31T06:21:49.0000000,UTC+02:00,2026-07-31T04:21:49.0000000+00:00
1192,9,35.77676667,16.0721,27.767,2026-07-31T05:51:30.0000000,UTC+02:00,2026-07-31T03:51:30.0000000+00:00
1191,9,35.77846667,16.07056667,27.786,2026-07-31T05:21:52.0000000,UTC+02:00,2026-07-31T03:21:52.0000000+00:00
1190,9,35.77993333,16.06888333,27.768,2026-07-31T04:51:49.0000000,UTC+02:00,2026-07-31T02:51:49.0000000+00:00
1189,9,35.7811,16.06688333,27.788,2026-07-31T04:21:30.0000000,UTC+02:00,2026-07-31T02:21:30.0000000+00:00
1188,9,35.7822,16.06488333,27.778,2026-07-31T03:51:34.0000000,UTC+02:00,2026-07-31T01:51:34.0000000+00:00
1187,9,35.78271667,16.063,27.79,2026-07-31T03:21:30.0000000,UTC+02:00,2026-07-31T01:21:30.0000000+00:00
1186,9,35.78288333,16.06173333,27.811,2026-07-31T02:51:30.0000000,UTC+02:00,2026-07-31T00:51:30.0000000+00:00
1185,9,35.78293333,16.06081667,27.799,2026-07-31T02:21:32.0000000,UTC+02:00,2026-07-31T00:21:32.0000000+00:00
1184,9,35.78268333,16.06016667,27.848,2026-07-31T01:51:31.0000000,UTC+02:00,2026-07-30T23:51:31.0000000+00:00
1183,9,35.78213333,16.06026667,27.847,2026-07-31T01:21:31.0000000,UTC+02:00,2026-07-30T23:21:31.0000000+00:00
1182,9,35.78153333,16.06035,27.862,2026-07-31T00:51:43.0000000,UTC+02:00,2026-07-30T22:51:43.0000000+00:00
1181,9,35.78076667,16.06091667,27.874,2026-07-31T00:21:52.0000000,UTC+02:00,2026-07-30T22:21:52.0000000+00:00
1180,9,35.78016667,16.06198333,27.894,2026-07-30T23:51:30.0000000,UTC+02:00,2026-07-30T21:51:30.0000000+00:00
1179,9,35.77913333,16.0636,27.887,2026-07-30T23:21:31.0000000,UTC+02:00,2026-07-30T21:21:31.0000000+00:00
1178,9,35.7783,16.06623333,27.914,2026-07-30T22:51:30.0000000,UTC+02:00,2026-07-30T20:51:30.0000000+00:00
1177,9,35.77766667,16.06941667,27.969,2026-07-30T22:21:55.0000000,UTC+02:00,2026-07-30T20:21:55.0000000+00:00
1176,9,35.77735,16.07346667,28.019,2026-07-30T21:51:49.0000000,UTC+02:00,2026-07-30T19:51:49.0000000+00:00
1175,9,35.77701667,16.07763333,28.048,2026-07-30T21:21:50.0000000,UTC+02:00,2026-07-30T19:21:50.0000000+00:00
1174,9,35.77635,16.0811,27.957,2026-07-30T20:51:30.0000000,UTC+02:00,2026-07-30T18:51:30.0000000+00:00
1173,9,35.77598333,16.08533333,28.064,2026-07-30T20:21:30.0000000,UTC+02:00,2026-07-30T18:21:30.0000000+00:00
1172,9,35.77573333,16.09015,28.106,2026-07-30T19:51:30.0000000,UTC+02:00,2026-07-30T17:51:30.0000000+00:00
1171,9,35.77533333,16.09535,28.121,2026-07-30T19:21:30.0000000,UTC+02:00,2026-07-30T17:21:30.0000000+00:00
1170,9,35.77463333,16.10093333,28.133,2026-07-30T18:51:30.0000000,UTC+02:00,2026-07-30T16:51:30.0000000+00:00
1169,9,35.774,16.10635,28.139,2026-07-30T18:21:30.0000000,UTC+02:00,2026-07-30T16:21:30.0000000+00:00
1168,9,35.77305,16.1117,28.179,2026-07-30T17:51:30.0000000,UTC+02:00,2026-07-30T15:51:30.0000000+00:00
1167,9,35.77233333,16.11751667,28.175,2026-07-30T17:21:30.0000000,UTC+02:00,2026-07-30T15:21:30.0000000+00:00
1166,9,35.7722,16.1236,28.202,2026-07-30T16:51:30.0000000,UTC+02:00,2026-07-30T14:51:30.0000000+00:00
1165,9,35.77263333,16.12956667,28.255,2026-07-30T16:21:30.0000000,UTC+02:00,2026-07-30T14:21:30.0000000+00:00
1164,9,35.77276667,16.13546667,28.273,2026-07-30T15:52:31.0000000,UTC+02:00,2026-07-30T13:52:31.0000000+00:00
1163,9,35.77288333,16.1408,28.244,2026-07-30T15:21:30.0000000,UTC+02:00,2026-07-30T13:21:30.0000000+00:00
1162,9,35.77301667,16.14633333,28.163,2026-07-30T14:51:31.0000000,UTC+02:00,2026-07-30T12:51:31.0000000+00:00
1161,9,35.77356667,16.15155,28.142,2026-07-30T14:21:31.0000000,UTC+02:00,2026-07-30T12:21:31.0000000+00:00
1160,9,35.7742,16.15641667,28.078,2026-07-30T13:51:30.0000000,UTC+02:00,2026-07-30T11:51:30.0000000+00:00
1159,9,35.77503333,16.16098333,28.009,2026-07-30T13:21:30.0000000,UTC+02:00,2026-07-30T11:21:30.0000000+00:00
1158,9,35.77543333,16.16513333,27.978,2026-07-30T12:51:30.0000000,UTC+02:00,2026-07-30T10:51:30.0000000+00:00
1157,9,35.77528333,16.16948333,27.923,2026-07-30T12:21:31.0000000,UTC+02:00,2026-07-30T10:21:31.0000000+00:00
1156,9,35.77548333,16.17271667,27.908,2026-07-30T11:51:30.0000000,UTC+02:00,2026-07-30T09:51:30.0000000+00:00
1155,9,35.77476667,16.17541667,27.83,2026-07-30T11:21:32.0000000,UTC+02:00,2026-07-30T09:21:32.0000000+00:00
1154,9,35.77341667,16.17741667,27.823,2026-07-30T10:51:55.0000000,UTC+02:00,2026-07-30T08:51:55.0000000+00:00
1153,9,35.77153333,16.17926667,27.814,2026-07-30T10:21:30.0000000,UTC+02:00,2026-07-30T08:21:30.0000000+00:00
1152,9,35.76903333,16.18101667,27.819,2026-07-30T09:51:30.0000000,UTC+02:00,2026-07-30T07:51:30.0000000+00:00
1151,9,35.76756667,16.18251667,27.81,2026-07-30T09:21:35.0000000,UTC+02:00,2026-07-30T07:21:35.0000000+00:00
1150,9,35.76541667,16.18306667,27.813,2026-07-30T08:52:01.0000000,UTC+02:00,2026-07-30T06:52:01.0000000+00:00
1149,9,35.76233333,16.18406667,27.807,2026-07-30T08:21:49.0000000,UTC+02:00,2026-07-30T06:21:49.0000000+00:00
1148,9,35.75886667,16.18585,27.819,2026-07-30T07:51:32.0000000,UTC+02:00,2026-07-30T05:51:32.0000000+00:00
1147,9,35.7552,16.18811667,27.823,2026-07-30T07:21:40.0000000,UTC+02:00,2026-07-30T05:21:40.0000000+00:00
1146,9,35.7514,16.1909,27.86,2026-07-30T06:51:31.0000000,UTC+02:00,2026-07-30T04:51:31.0000000+00:00
1145,9,35.74745,16.19371667,27.843,2026-07-30T06:21:53.0000000,UTC+02:00,2026-07-30T04:21:53.0000000+00:00
1144,9,35.74293333,16.19703333,27.846,2026-07-30T05:51:30.0000000,UTC+02:00,2026-07-30T03:51:30.0000000+00:00
1143,9,35.73791667,16.20056667,27.871,2026-07-30T05:21:49.0000000,UTC+02:00,2026-07-30T03:21:49.0000000+00:00
1142,9,35.73301667,16.20445,27.868,2026-07-30T04:51:32.0000000,UTC+02:00,2026-07-30T02:51:32.0000000+00:00
1141,9,35.72785,16.20923333,27.893,2026-07-30T04:21:31.0000000,UTC+02:00,2026-07-30T02:21:31.0000000+00:00
1140,9,35.72331667,16.21458333,27.89,2026-07-30T03:52:01.0000000,UTC+02:00,2026-07-30T01:52:01.0000000+00:00
1139,9,35.7192,16.22033333,27.896,2026-07-30T03:21:31.0000000,UTC+02:00,2026-07-30T01:21:31.0000000+00:00
1138,9,35.71506667,16.22651667,27.923,2026-07-30T02:51:31.0000000,UTC+02:00,2026-07-30T00:51:31.0000000+00:00
1137,9,35.71083333,16.2331,27.942,2026-07-30T02:21:31.0000000,UTC+02:00,2026-07-30T00:21:31.0000000+00:00
1136,9,35.70721667,16.23985,27.94,2026-07-30T01:51:32.0000000,UTC+02:00,2026-07-29T23:51:32.0000000+00:00
1135,9,35.704,16.24693333,27.951,2026-07-30T01:21:30.0000000,UTC+02:00,2026-07-29T23:21:30.0000000+00:00
1134,9,35.70111667,16.25435,27.965,2026-07-30T00:51:49.0000000,UTC+02:00,2026-07-29T22:51:49.0000000+00:00
1133,9,35.69861667,16.2625,27.974,2026-07-30T00:21:30.0000000,UTC+02:00,2026-07-29T22:21:30.0000000+00:00
1132,9,35.69655,16.27086667,27.965,2026-07-29T23:51:31.0000000,UTC+02:00,2026-07-29T21:51:31.0000000+00:00
1131,9,35.69515,16.27883333,27.962,2026-07-29T23:22:55.0000000,UTC+02:00,2026-07-29T21:22:55.0000000+00:00
1130,9,35.69375,16.28673333,27.97,2026-07-29T22:51:30.0000000,UTC+02:00,2026-07-29T20:51:30.0000000+00:00
1129,9,35.69251667,16.29365,27.99,2026-07-29T22:21:31.0000000,UTC+02:00,2026-07-29T20:21:31.0000000+00:00
1128,9,35.6912,16.29961667,27.978,2026-07-29T21:51:32.0000000,UTC+02:00,2026-07-29T19:51:32.0000000+00:00
1127,9,35.6892,16.30468333,28.062,2026-07-29T21:21:30.0000000,UTC+02:00,2026-07-29T19:21:30.0000000+00:00
1126,9,35.68708333,16.3098,28.085,2026-07-29T20:51:56.0000000,UTC+02:00,2026-07-29T18:51:56.0000000+00:00
1125,9,35.68526667,16.31495,28.076,2026-07-29T20:21:32.0000000,UTC+02:00,2026-07-29T18:21:32.0000000+00:00
1124,9,35.6839,16.31988333,28.055,2026-07-29T19:51:55.0000000,UTC+02:00,2026-07-29T17:51:55.0000000+00:00
1123,9,35.68241667,16.3246,28.081,2026-07-29T19:21:30.0000000,UTC+02:00,2026-07-29T17:21:30.0000000+00:00
1122,9,35.68083333,16.32888333,28.095,2026-07-29T18:51:55.0000000,UTC+02:00,2026-07-29T16:51:55.0000000+00:00
1121,9,35.67938333,16.33213333,28.103,2026-07-29T18:21:32.0000000,UTC+02:00,2026-07-29T16:21:32.0000000+00:00
1120,9,35.67723333,16.3352,28.196,2026-07-29T17:51:31.0000000,UTC+02:00,2026-07-29T15:51:31.0000000+00:00
1119,9,35.6749,16.33785,28.19,2026-07-29T17:21:54.0000000,UTC+02:00,2026-07-29T15:21:54.0000000+00:00
1118,9,35.67285,16.33991667,28.204,2026-07-29T16:51:30.0000000,UTC+02:00,2026-07-29T14:51:30.0000000+00:00
1117,9,35.67076667,16.34206667,28.174,2026-07-29T16:22:31.0000000,UTC+02:00,2026-07-29T14:22:31.0000000+00:00
1116,9,35.66875,16.34416667,28.203,2026-07-29T15:52:19.0000000,UTC+02:00,2026-07-29T13:52:19.0000000+00:00
1115,9,35.66641667,16.34595,28.166,2026-07-29T15:21:50.0000000,UTC+02:00,2026-07-29T13:21:50.0000000+00:00
1114,9,35.66328333,16.34746667,28.17,2026-07-29T14:51:31.0000000,UTC+02:00,2026-07-29T12:51:31.0000000+00:00
1113,9,35.65955,16.34925,28.142,2026-07-29T14:21:31.0000000,UTC+02:00,2026-07-29T12:21:31.0000000+00:00
1112,9,35.6555,16.35125,28.129,2026-07-29T13:51:31.0000000,UTC+02:00,2026-07-29T11:51:31.0000000+00:00
1111,9,35.65103333,16.35281667,28.079,2026-07-29T13:21:55.0000000,UTC+02:00,2026-07-29T11:21:55.0000000+00:00
1110,9,35.64601667,16.35438333,28.06,2026-07-29T12:51:30.0000000,UTC+02:00,2026-07-29T10:51:30.0000000+00:00
1109,9,35.63991667,16.35581667,28.047,2026-07-29T12:21:31.0000000,UTC+02:00,2026-07-29T10:21:31.0000000+00:00
1108,9,35.63358333,16.35716667,28.054,2026-07-29T11:51:30.0000000,UTC+02:00,2026-07-29T09:51:30.0000000+00:00
1107,9,35.62678333,16.3595,28.043,2026-07-29T11:21:32.0000000,UTC+02:00,2026-07-29T09:21:32.0000000+00:00
1106,9,35.62061667,16.36231667,28.026,2026-07-29T10:51:32.0000000,UTC+02:00,2026-07-29T08:51:32.0000000+00:00
1105,9,35.61545,16.36546667,28.03,2026-07-29T10:21:30.0000000,UTC+02:00,2026-07-29T08:21:30.0000000+00:00
1104,9,35.61043333,16.36915,28.017,2026-07-29T09:51:31.0000000,UTC+02:00,2026-07-29T07:51:31.0000000+00:00
1103,9,35.60571667,16.37276667,28.038,2026-07-29T09:21:58.0000000,UTC+02:00,2026-07-29T07:21:58.0000000+00:00
1102,9,35.60135,16.37636667,28.035,2026-07-29T08:51:31.0000000,UTC+02:00,2026-07-29T06:51:31.0000000+00:00
1101,9,35.59705,16.37986667,28.038,2026-07-29T08:21:49.0000000,UTC+02:00,2026-07-29T06:21:49.0000000+00:00
1100,9,35.59266667,16.38368333,28.044,2026-07-29T07:51:31.0000000,UTC+02:00,2026-07-29T05:51:31.0000000+00:00
1099,9,35.5881,16.38711667,28.045,2026-07-29T07:21:50.0000000,UTC+02:00,2026-07-29T05:21:50.0000000+00:00
1098,9,35.5835,16.3904,28.043,2026-07-29T06:51:31.0000000,UTC+02:00,2026-07-29T04:51:31.0000000+00:00
1097,9,35.57893333,16.39266667,28.047,2026-07-29T06:21:32.0000000,UTC+02:00,2026-07-29T04:21:32.0000000+00:00
1096,9,35.57366667,16.39491667,28.056,2026-07-29T05:51:30.0000000,UTC+02:00,2026-07-29T03:51:30.0000000+00:00
1095,9,35.56796667,16.39835,28.054,2026-07-29T05:21:31.0000000,UTC+02:00,2026-07-29T03:21:31.0000000+00:00
1094,9,35.5625,16.40291667,28.076,2026-07-29T04:51:30.0000000,UTC+02:00,2026-07-29T02:51:30.0000000+00:00
1093,9,35.55718333,16.40793333,28.062,2026-07-29T04:21:49.0000000,UTC+02:00,2026-07-29T02:21:49.0000000+00:00
1092,9,35.55181667,16.41366667,28.077,2026-07-29T03:51:32.0000000,UTC+02:00,2026-07-29T01:51:32.0000000+00:00
1091,9,35.54723333,16.41955,28.079,2026-07-29T03:22:49.0000000,UTC+02:00,2026-07-29T01:22:49.0000000+00:00
1090,9,35.54283333,16.4271,28.095,2026-07-29T02:51:55.0000000,UTC+02:00,2026-07-29T00:51:55.0000000+00:00
1089,9,35.53916667,16.43513333,28.124,2026-07-29T02:21:31.0000000,UTC+02:00,2026-07-29T00:21:31.0000000+00:00
1088,9,35.53661667,16.44321667,28.126,2026-07-29T01:51:30.0000000,UTC+02:00,2026-07-28T23:51:30.0000000+00:00
1087,9,35.53498333,16.45073333,28.152,2026-07-29T01:21:32.0000000,UTC+02:00,2026-07-28T23:21:32.0000000+00:00
1086,9,35.53378333,16.45813333,28.168,2026-07-29T00:51:30.0000000,UTC+02:00,2026-07-28T22:51:30.0000000+00:00
1085,9,35.53315,16.46568333,28.164,2026-07-29T00:21:31.0000000,UTC+02:00,2026-07-28T22:21:31.0000000+00:00
1084,9,35.533,16.47293333,28.19,2026-07-28T23:51:30.0000000,UTC+02:00,2026-07-28T21:51:30.0000000+00:00
1083,9,35.53338333,16.47928333,28.196,2026-07-28T23:21:49.0000000,UTC+02:00,2026-07-28T21:21:49.0000000+00:00
1082,9,35.53416667,16.48546667,28.214,2026-07-28T22:51:32.0000000,UTC+02:00,2026-07-28T20:51:32.0000000+00:00
1081,9,35.53526667,16.49106667,28.21,2026-07-28T22:22:01.0000000,UTC+02:00,2026-07-28T20:22:01.0000000+00:00
1080,9,35.53675,16.49578333,28.21,2026-07-28T21:51:31.0000000,UTC+02:00,2026-07-28T19:51:31.0000000+00:00
1079,9,35.53833333,16.49938333,28.211,2026-07-28T21:21:31.0000000,UTC+02:00,2026-07-28T19:21:31.0000000+00:00
1078,9,35.53975,16.50228333,28.251,2026-07-28T20:51:31.0000000,UTC+02:00,2026-07-28T18:51:31.0000000+00:00
1077,9,35.5416,16.50385,28.285,2026-07-28T20:21:30.0000000,UTC+02:00,2026-07-28T18:21:30.0000000+00:00
1076,9,35.54383333,16.50466667,28.306,2026-07-28T19:51:55.0000000,UTC+02:00,2026-07-28T17:51:55.0000000+00:00
1075,9,35.54593333,16.50435,28.328,2026-07-28T19:21:30.0000000,UTC+02:00,2026-07-28T17:21:30.0000000+00:00
1074,9,35.54685,16.50351667,28.324,2026-07-28T18:51:47.0000000,UTC+02:00,2026-07-28T16:51:47.0000000+00:00
1073,9,35.54715,16.50225,28.412,2026-07-28T18:21:31.0000000,UTC+02:00,2026-07-28T16:21:31.0000000+00:00
1072,9,35.5477,16.49953333,28.554,2026-07-28T17:51:30.0000000,UTC+02:00,2026-07-28T15:51:30.0000000+00:00
1071,9,35.5473,16.49591667,28.574,2026-07-28T17:21:30.0000000,UTC+02:00,2026-07-28T15:21:30.0000000+00:00
1070,9,35.54528333,16.49236667,28.63,2026-07-28T16:51:30.0000000,UTC+02:00,2026-07-28T14:51:30.0000000+00:00
1069,9,35.54258333,16.48888333,28.427,2026-07-28T16:21:30.0000000,UTC+02:00,2026-07-28T14:21:30.0000000+00:00
1068,9,35.53856667,16.48576667,28.308,2026-07-28T15:51:30.0000000,UTC+02:00,2026-07-28T13:51:30.0000000+00:00
1067,9,35.53455,16.48158333,28.313,2026-07-28T15:21:31.0000000,UTC+02:00,2026-07-28T13:21:31.0000000+00:00
1066,9,35.53,16.47705,28.235,2026-07-28T14:51:55.0000000,UTC+02:00,2026-07-28T12:51:55.0000000+00:00
1065,9,35.52441667,16.47383333,28.182,2026-07-28T14:21:58.0000000,UTC+02:00,2026-07-28T12:21:58.0000000+00:00
1064,9,35.51773333,16.47166667,28.18,2026-07-28T13:51:30.0000000,UTC+02:00,2026-07-28T11:51:30.0000000+00:00
1063,9,35.51118333,16.47085,28.169,2026-07-28T13:21:30.0000000,UTC+02:00,2026-07-28T11:21:30.0000000+00:00
1062,9,35.50466667,16.47025,28.139,2026-07-28T12:51:30.0000000,UTC+02:00,2026-07-28T10:51:30.0000000+00:00
1061,9,35.49803333,16.47035,28.117,2026-07-28T12:21:31.0000000,UTC+02:00,2026-07-28T10:21:31.0000000+00:00
1060,9,35.49156667,16.47065,28.08,2026-07-28T11:51:30.0000000,UTC+02:00,2026-07-28T09:51:30.0000000+00:00
1059,9,35.48485,16.47143333,28.091,2026-07-28T11:21:49.0000000,UTC+02:00,2026-07-28T09:21:49.0000000+00:00
1058,9,35.47815,16.47263333,28.079,2026-07-28T10:51:30.0000000,UTC+02:00,2026-07-28T08:51:30.0000000+00:00
1057,9,35.47161667,16.47395,28.086,2026-07-28T10:21:30.0000000,UTC+02:00,2026-07-28T08:21:30.0000000+00:00
1056,9,35.46531667,16.47533333,28.069,2026-07-28T09:51:30.0000000,UTC+02:00,2026-07-28T07:51:30.0000000+00:00
1055,9,35.45961667,16.47616667,27.996,2026-07-28T09:21:31.0000000,UTC+02:00,2026-07-28T07:21:31.0000000+00:00
1054,9,35.45453333,16.47803333,27.944,2026-07-28T08:51:30.0000000,UTC+02:00,2026-07-28T06:51:30.0000000+00:00
1053,9,35.45015,16.4806,27.909,2026-07-28T08:21:59.0000000,UTC+02:00,2026-07-28T06:21:59.0000000+00:00
1052,9,35.44671667,16.48265,27.955,2026-07-28T07:51:49.0000000,UTC+02:00,2026-07-28T05:51:49.0000000+00:00
1051,9,35.44381667,16.48475,27.924,2026-07-28T07:21:30.0000000,UTC+02:00,2026-07-28T05:21:30.0000000+00:00
1050,9,35.44116667,16.48706667,27.896,2026-07-28T06:51:30.0000000,UTC+02:00,2026-07-28T04:51:30.0000000+00:00
1049,9,35.43861667,16.48935,27.888,2026-07-28T06:21:36.0000000,UTC+02:00,2026-07-28T04:21:36.0000000+00:00
1048,9,35.43661667,16.49148333,27.904,2026-07-28T05:51:49.0000000,UTC+02:00,2026-07-28T03:51:49.0000000+00:00
1047,9,35.43525,16.49368333,27.885,2026-07-28T05:21:48.0000000,UTC+02:00,2026-07-28T03:21:48.0000000+00:00
1046,9,35.43411667,16.49603333,27.881,2026-07-28T04:51:31.0000000,UTC+02:00,2026-07-28T02:51:31.0000000+00:00
1045,9,35.43298333,16.49851667,27.891,2026-07-28T04:21:31.0000000,UTC+02:00,2026-07-28T02:21:31.0000000+00:00
1044,9,35.43238333,16.50108333,27.893,2026-07-28T03:51:34.0000000,UTC+02:00,2026-07-28T01:51:34.0000000+00:00
1043,9,35.43288333,16.50363333,27.962,2026-07-28T03:21:32.0000000,UTC+02:00,2026-07-28T01:21:32.0000000+00:00
1042,9,35.43406667,16.50488333,27.978,2026-07-28T02:51:58.0000000,UTC+02:00,2026-07-28T00:51:58.0000000+00:00
1041,9,35.4359,16.50535,27.957,2026-07-28T02:21:31.0000000,UTC+02:00,2026-07-28T00:21:31.0000000+00:00
1040,9,35.43808333,16.50471667,27.964,2026-07-28T01:51:49.0000000,UTC+02:00,2026-07-27T23:51:49.0000000+00:00
1039,9,35.44041667,16.50388333,28.008,2026-07-28T01:22:31.0000000,UTC+02:00,2026-07-27T23:22:31.0000000+00:00
1038,9,35.44328333,16.50271667,27.994,2026-07-28T00:51:55.0000000,UTC+02:00,2026-07-27T22:51:55.0000000+00:00
1037,9,35.44633333,16.50008333,28.038,2026-07-28T00:21:34.0000000,UTC+02:00,2026-07-27T22:21:34.0000000+00:00
1036,9,35.44958333,16.4981,28.058,2026-07-27T23:51:54.0000000,UTC+02:00,2026-07-27T21:51:54.0000000+00:00
1035,9,35.4527,16.49591667,28.048,2026-07-27T23:21:33.0000000,UTC+02:00,2026-07-27T21:21:33.0000000+00:00
1034,9,35.45551667,16.49315,28.06,2026-07-27T22:51:55.0000000,UTC+02:00,2026-07-27T20:51:55.0000000+00:00
1033,9,35.45791667,16.48906667,28.079,2026-07-27T22:21:30.0000000,UTC+02:00,2026-07-27T20:21:30.0000000+00:00
1032,9,35.45865,16.48433333,28.095,2026-07-27T21:51:31.0000000,UTC+02:00,2026-07-27T19:51:31.0000000+00:00
1031,9,35.45676667,16.48091667,28.112,2026-07-27T21:21:31.0000000,UTC+02:00,2026-07-27T19:21:31.0000000+00:00
1030,9,35.45373333,16.47783333,28.126,2026-07-27T20:51:31.0000000,UTC+02:00,2026-07-27T18:51:31.0000000+00:00
1029,9,35.45055,16.47363333,28.132,2026-07-27T20:21:30.0000000,UTC+02:00,2026-07-27T18:21:30.0000000+00:00
1028,9,35.44701667,16.46785,28.116,2026-07-27T19:51:32.0000000,UTC+02:00,2026-07-27T17:51:32.0000000+00:00
1027,9,35.443,16.46151667,28.086,2026-07-27T19:21:30.0000000,UTC+02:00,2026-07-27T17:21:30.0000000+00:00
1026,9,35.43931667,16.45611667,28.081,2026-07-27T18:52:01.0000000,UTC+02:00,2026-07-27T16:52:01.0000000+00:00
1025,9,35.43513333,16.45038333,28.041,2026-07-27T18:21:30.0000000,UTC+02:00,2026-07-27T16:21:30.0000000+00:00
1024,9,35.43065,16.44508333,28.021,2026-07-27T17:51:32.0000000,UTC+02:00,2026-07-27T15:51:32.0000000+00:00
1023,9,35.42591667,16.4399,27.987,2026-07-27T17:21:30.0000000,UTC+02:00,2026-07-27T15:21:30.0000000+00:00
1022,9,35.42105,16.43508333,27.964,2026-07-27T16:51:31.0000000,UTC+02:00,2026-07-27T14:51:31.0000000+00:00
1021,9,35.41636667,16.43008333,27.946,2026-07-27T16:21:31.0000000,UTC+02:00,2026-07-27T14:21:31.0000000+00:00
1020,9,35.41185,16.4248,27.907,2026-07-27T15:51:53.0000000,UTC+02:00,2026-07-27T13:51:53.0000000+00:00
1019,9,35.40745,16.41781667,27.95,2026-07-27T15:21:30.0000000,UTC+02:00,2026-07-27T13:21:30.0000000+00:00
1018,9,35.40333333,16.40921667,27.946,2026-07-27T14:51:30.0000000,UTC+02:00,2026-07-27T12:51:30.0000000+00:00
1017,9,35.39903333,16.40053333,27.939,2026-07-27T14:21:31.0000000,UTC+02:00,2026-07-27T12:21:31.0000000+00:00
1016,9,35.39436667,16.39225,27.901,2026-07-27T13:51:31.0000000,UTC+02:00,2026-07-27T11:51:31.0000000+00:00
1015,9,35.3891,16.38443333,27.866,2026-07-27T13:21:31.0000000,UTC+02:00,2026-07-27T11:21:31.0000000+00:00
1014,9,35.38453333,16.37721667,27.851,2026-07-27T12:51:55.0000000,UTC+02:00,2026-07-27T10:51:55.0000000+00:00
1013,9,35.38001667,16.37018333,27.841,2026-07-27T12:21:30.0000000,UTC+02:00,2026-07-27T10:21:30.0000000+00:00
1012,9,35.3751,16.36266667,27.856,2026-07-27T11:51:30.0000000,UTC+02:00,2026-07-27T09:51:30.0000000+00:00
1011,9,35.36941667,16.35481667,27.898,2026-07-27T11:21:30.0000000,UTC+02:00,2026-07-27T09:21:30.0000000+00:00
1010,9,35.3638,16.34783333,28.036,2026-07-27T10:51:49.0000000,UTC+02:00,2026-07-27T08:51:49.0000000+00:00
1009,9,35.3581,16.34058333,28.067,2026-07-27T10:21:31.0000000,UTC+02:00,2026-07-27T08:21:31.0000000+00:00
1008,9,35.35288333,16.333,28.022,2026-07-27T09:51:49.0000000,UTC+02:00,2026-07-27T07:51:49.0000000+00:00
1007,9,35.34776667,16.32538333,28.04,2026-07-27T09:21:50.0000000,UTC+02:00,2026-07-27T07:21:50.0000000+00:00
1006,9,35.34246667,16.3187,28.073,2026-07-27T08:51:39.0000000,UTC+02:00,2026-07-27T06:51:39.0000000+00:00
1005,9,35.3374,16.3121,28.1,2026-07-27T08:21:31.0000000,UTC+02:00,2026-07-27T06:21:31.0000000+00:00
1004,9,35.33228333,16.30548333,28.121,2026-07-27T07:51:31.0000000,UTC+02:00,2026-07-27T05:51:31.0000000+00:00
1003,9,35.32728333,16.29858333,28.141,2026-07-27T07:22:01.0000000,UTC+02:00,2026-07-27T05:22:01.0000000+00:00
1002,9,35.32266667,16.29171667,28.16,2026-07-27T06:52:15.0000000,UTC+02:00,2026-07-27T04:52:15.0000000+00:00
1001,9,35.31775,16.28426667,28.205,2026-07-27T06:21:33.0000000,UTC+02:00,2026-07-27T04:21:33.0000000+00:00
1000,9,35.3119,16.2767,28.257,2026-07-27T05:51:31.0000000,UTC+02:00,2026-07-27T03:51:31.0000000+00:00
999,9,35.30653333,16.26988333,28.316,2026-07-27T05:21:50.0000000,UTC+02:00,2026-07-27T03:21:50.0000000+00:00
998,9,35.30093333,16.2632,28.361,2026-07-27T04:51:30.0000000,UTC+02:00,2026-07-27T02:51:30.0000000+00:00
997,9,35.29568333,16.25616667,28.425,2026-07-27T04:21:30.0000000,UTC+02:00,2026-07-27T02:21:30.0000000+00:00
996,9,35.29066667,16.2484,28.49,2026-07-27T03:51:30.0000000,UTC+02:00,2026-07-27T01:51:30.0000000+00:00
995,9,35.28593333,16.24015,28.575,2026-07-27T03:21:31.0000000,UTC+02:00,2026-07-27T01:21:31.0000000+00:00
994,9,35.28106667,16.23183333,28.674,2026-07-27T02:51:30.0000000,UTC+02:00,2026-07-27T00:51:30.0000000+00:00
993,9,35.27615,16.22331667,28.699,2026-07-27T02:21:32.0000000,UTC+02:00,2026-07-27T00:21:32.0000000+00:00
992,9,35.27126667,16.21463333,28.751,2026-07-27T01:51:31.0000000,UTC+02:00,2026-07-26T23:51:31.0000000+00:00
991,9,35.26623333,16.20555,28.781,2026-07-27T01:21:31.0000000,UTC+02:00,2026-07-26T23:21:31.0000000+00:00
990,9,35.26048333,16.19641667,28.783,2026-07-27T00:51:34.0000000,UTC+02:00,2026-07-26T22:51:34.0000000+00:00
989,9,35.2544,16.18778333,28.792,2026-07-27T00:21:50.0000000,UTC+02:00,2026-07-26T22:21:50.0000000+00:00
988,9,35.24755,16.1793,28.829,2026-07-26T23:51:56.0000000,UTC+02:00,2026-07-26T21:51:56.0000000+00:00
987,9,35.24031667,16.17135,28.833,2026-07-26T23:21:31.0000000,UTC+02:00,2026-07-26T21:21:31.0000000+00:00
986,9,35.2329,16.16353333,28.837,2026-07-26T22:51:31.0000000,UTC+02:00,2026-07-26T20:51:31.0000000+00:00
985,9,35.22486667,16.1553,28.847,2026-07-26T22:21:30.0000000,UTC+02:00,2026-07-26T20:21:30.0000000+00:00
984,9,35.21685,16.14746667,28.845,2026-07-26T21:51:30.0000000,UTC+02:00,2026-07-26T19:51:30.0000000+00:00
983,9,35.209,16.14025,28.851,2026-07-26T21:21:30.0000000,UTC+02:00,2026-07-26T19:21:30.0000000+00:00
982,9,35.20101667,16.13373333,28.879,2026-07-26T20:51:30.0000000,UTC+02:00,2026-07-26T18:51:30.0000000+00:00
981,9,35.19328333,16.12806667,28.904,2026-07-26T20:21:30.0000000,UTC+02:00,2026-07-26T18:21:30.0000000+00:00
980,9,35.1852,16.12298333,28.906,2026-07-26T19:51:49.0000000,UTC+02:00,2026-07-26T17:51:49.0000000+00:00
979,9,35.17698333,16.11858333,28.885,2026-07-26T19:21:30.0000000,UTC+02:00,2026-07-26T17:21:30.0000000+00:00
978,9,35.16923333,16.11418333,28.912,2026-07-26T18:51:55.0000000,UTC+02:00,2026-07-26T16:51:55.0000000+00:00
977,9,35.16118333,16.10985,28.923,2026-07-26T18:21:31.0000000,UTC+02:00,2026-07-26T16:21:31.0000000+00:00
976,9,35.15365,16.10588333,28.912,2026-07-26T17:51:31.0000000,UTC+02:00,2026-07-26T15:51:31.0000000+00:00
975,9,35.14651667,16.10233333,28.935,2026-07-26T17:21:30.0000000,UTC+02:00,2026-07-26T15:21:30.0000000+00:00
974,9,35.14011667,16.09883333,28.985,2026-07-26T16:51:30.0000000,UTC+02:00,2026-07-26T14:51:30.0000000+00:00
973,9,35.13406667,16.09506667,29.058,2026-07-26T16:21:30.0000000,UTC+02:00,2026-07-26T14:21:30.0000000+00:00
972,9,35.12875,16.09146667,29.056,2026-07-26T15:51:31.0000000,UTC+02:00,2026-07-26T13:51:31.0000000+00:00
971,9,35.12408333,16.08808333,29.222,2026-07-26T15:21:31.0000000,UTC+02:00,2026-07-26T13:21:31.0000000+00:00
970,9,35.12016667,16.08428333,29.254,2026-07-26T14:51:30.0000000,UTC+02:00,2026-07-26T12:51:30.0000000+00:00
969,9,35.11676667,16.08046667,29.288,2026-07-26T14:21:30.0000000,UTC+02:00,2026-07-26T12:21:30.0000000+00:00
968,9,35.11371667,16.07656667,29.172,2026-07-26T13:51:30.0000000,UTC+02:00,2026-07-26T11:51:30.0000000+00:00
967,9,35.11103333,16.07241667,28.994,2026-07-26T13:21:51.0000000,UTC+02:00,2026-07-26T11:21:51.0000000+00:00
966,9,35.10861667,16.06788333,28.894,2026-07-26T12:51:30.0000000,UTC+02:00,2026-07-26T10:51:30.0000000+00:00
965,9,35.10655,16.06236667,28.876,2026-07-26T12:21:49.0000000,UTC+02:00,2026-07-26T10:21:49.0000000+00:00
964,9,35.10453333,16.05613333,28.841,2026-07-26T11:51:31.0000000,UTC+02:00,2026-07-26T09:51:31.0000000+00:00
963,9,35.10238333,16.0495,28.827,2026-07-26T11:21:31.0000000,UTC+02:00,2026-07-26T09:21:31.0000000+00:00
962,9,35.1001,16.04258333,28.81,2026-07-26T10:51:30.0000000,UTC+02:00,2026-07-26T08:51:30.0000000+00:00
961,9,35.09818333,16.03531667,28.781,2026-07-26T10:21:31.0000000,UTC+02:00,2026-07-26T08:21:31.0000000+00:00
960,9,35.09591667,16.02735,28.736,2026-07-26T09:51:30.0000000,UTC+02:00,2026-07-26T07:51:30.0000000+00:00
959,9,35.09343333,16.019,28.709,2026-07-26T09:22:01.0000000,UTC+02:00,2026-07-26T07:22:01.0000000+00:00
958,9,35.09028333,16.01033333,28.7,2026-07-26T08:51:30.0000000,UTC+02:00,2026-07-26T06:51:30.0000000+00:00
957,9,35.08685,16.00145,28.69,2026-07-26T08:21:31.0000000,UTC+02:00,2026-07-26T06:21:31.0000000+00:00
956,9,35.08348333,15.9928,28.661,2026-07-26T07:51:56.0000000,UTC+02:00,2026-07-26T05:51:56.0000000+00:00
955,9,35.0792,15.98371667,28.59,2026-07-26T07:21:31.0000000,UTC+02:00,2026-07-26T05:21:31.0000000+00:00
954,9,35.07381667,15.97448333,28.593,2026-07-26T06:51:30.0000000,UTC+02:00,2026-07-26T04:51:30.0000000+00:00
953,9,35.06775,15.9651,28.564,2026-07-26T06:21:31.0000000,UTC+02:00,2026-07-26T04:21:31.0000000+00:00
952,9,35.06118333,15.9559,28.553,2026-07-26T05:51:49.0000000,UTC+02:00,2026-07-26T03:51:49.0000000+00:00
951,9,35.0536,15.94708333,28.546,2026-07-26T05:21:31.0000000,UTC+02:00,2026-07-26T03:21:31.0000000+00:00
950,9,35.04531667,15.93953333,28.55,2026-07-26T04:51:30.0000000,UTC+02:00,2026-07-26T02:51:30.0000000+00:00
949,9,35.03681667,15.93308333,28.593,2026-07-26T04:21:30.0000000,UTC+02:00,2026-07-26T02:21:30.0000000+00:00
948,9,35.02828333,15.9277,28.617,2026-07-26T03:51:30.0000000,UTC+02:00,2026-07-26T01:51:30.0000000+00:00
947,9,35.01981667,15.92255,28.632,2026-07-26T03:21:30.0000000,UTC+02:00,2026-07-26T01:21:30.0000000+00:00
946,9,35.01163333,15.91755,28.645,2026-07-26T02:51:31.0000000,UTC+02:00,2026-07-26T00:51:31.0000000+00:00
945,9,35.00371667,15.91318333,28.678,2026-07-26T02:21:30.0000000,UTC+02:00,2026-07-26T00:21:30.0000000+00:00
944,9,34.9955,15.90961667,28.655,2026-07-26T01:51:31.0000000,UTC+02:00,2026-07-25T23:51:31.0000000+00:00
943,9,34.98755,15.90698333,28.708,2026-07-26T01:21:31.0000000,UTC+02:00,2026-07-25T23:21:31.0000000+00:00
942,9,34.97953333,15.90595,28.755,2026-07-26T00:51:31.0000000,UTC+02:00,2026-07-25T22:51:31.0000000+00:00
941,9,34.97193333,15.90606667,28.766,2026-07-26T00:21:30.0000000,UTC+02:00,2026-07-25T22:21:30.0000000+00:00
940,9,34.96468333,15.9075,28.833,2026-07-25T23:51:49.0000000,UTC+02:00,2026-07-25T21:51:49.0000000+00:00
939,9,34.95761667,15.90911667,28.836,2026-07-25T23:21:30.0000000,UTC+02:00,2026-07-25T21:21:30.0000000+00:00
938,9,34.95086667,15.91106667,28.917,2026-07-25T22:51:30.0000000,UTC+02:00,2026-07-25T20:51:30.0000000+00:00
937,9,34.94505,15.9137,28.936,2026-07-25T22:21:30.0000000,UTC+02:00,2026-07-25T20:21:30.0000000+00:00
936,9,34.94011667,15.91605,28.952,2026-07-25T21:51:30.0000000,UTC+02:00,2026-07-25T19:51:30.0000000+00:00
935,9,34.93528333,15.91826667,28.983,2026-07-25T21:21:30.0000000,UTC+02:00,2026-07-25T19:21:30.0000000+00:00
934,9,34.93113333,15.92038333,29.022,2026-07-25T20:51:30.0000000,UTC+02:00,2026-07-25T18:51:30.0000000+00:00
933,9,34.92736667,15.92275,29.059,2026-07-25T20:21:31.0000000,UTC+02:00,2026-07-25T18:21:31.0000000+00:00
932,9,34.92445,15.92466667,29.143,2026-07-25T19:51:30.0000000,UTC+02:00,2026-07-25T17:51:30.0000000+00:00
931,9,34.92266667,15.92576667,29.176,2026-07-25T19:21:31.0000000,UTC+02:00,2026-07-25T17:21:31.0000000+00:00
930,9,34.92171667,15.92636667,29.21,2026-07-25T18:51:30.0000000,UTC+02:00,2026-07-25T16:51:30.0000000+00:00
929,9,34.92133333,15.92695,29.232,2026-07-25T18:21:31.0000000,UTC+02:00,2026-07-25T16:21:31.0000000+00:00
928,9,34.92136667,15.92708333,29.269,2026-07-25T17:51:30.0000000,UTC+02:00,2026-07-25T15:51:30.0000000+00:00
927,9,34.9218,15.92685,29.281,2026-07-25T17:21:30.0000000,UTC+02:00,2026-07-25T15:21:30.0000000+00:00
926,9,34.92278333,15.92576667,29.351,2026-07-25T16:51:31.0000000,UTC+02:00,2026-07-25T14:51:31.0000000+00:00
925,9,34.9238,15.92428333,29.357,2026-07-25T16:21:55.0000000,UTC+02:00,2026-07-25T14:21:55.0000000+00:00
924,9,34.92498333,15.92231667,29.336,2026-07-25T15:51:31.0000000,UTC+02:00,2026-07-25T13:51:31.0000000+00:00
923,9,34.92661667,15.9196,29.306,2026-07-25T15:21:47.0000000,UTC+02:00,2026-07-25T13:21:47.0000000+00:00
922,9,34.9286,15.91571667,29.187,2026-07-25T14:51:31.0000000,UTC+02:00,2026-07-25T12:51:31.0000000+00:00
921,9,34.93016667,15.91133333,29.135,2026-07-25T14:21:30.0000000,UTC+02:00,2026-07-25T12:21:30.0000000+00:00
920,9,34.93131667,15.9061,29.044,2026-07-25T13:51:31.0000000,UTC+02:00,2026-07-25T11:51:31.0000000+00:00
919,9,34.9323,15.90015,28.988,2026-07-25T13:21:30.0000000,UTC+02:00,2026-07-25T11:21:30.0000000+00:00
918,9,34.9328,15.89315,28.96,2026-07-25T12:51:30.0000000,UTC+02:00,2026-07-25T10:51:30.0000000+00:00
917,9,34.93226667,15.88591667,28.907,2026-07-25T12:21:30.0000000,UTC+02:00,2026-07-25T10:21:30.0000000+00:00
916,9,34.93078333,15.8782,28.85,2026-07-25T11:51:30.0000000,UTC+02:00,2026-07-25T09:51:30.0000000+00:00
915,9,34.92821667,15.8704,28.837,2026-07-25T11:21:47.0000000,UTC+02:00,2026-07-25T09:21:47.0000000+00:00
914,9,34.92495,15.86246667,28.786,2026-07-25T10:51:36.0000000,UTC+02:00,2026-07-25T08:51:36.0000000+00:00
913,9,34.92135,15.85433333,28.764,2026-07-25T10:21:30.0000000,UTC+02:00,2026-07-25T08:21:30.0000000+00:00
912,9,34.91683333,15.8462,28.737,2026-07-25T09:51:31.0000000,UTC+02:00,2026-07-25T07:51:31.0000000+00:00
911,9,34.91175,15.83785,28.721,2026-07-25T09:21:30.0000000,UTC+02:00,2026-07-25T07:21:30.0000000+00:00
910,9,34.90681667,15.83015,28.725,2026-07-25T08:52:02.0000000,UTC+02:00,2026-07-25T06:52:02.0000000+00:00
909,9,34.90126667,15.82328333,28.704,2026-07-25T08:21:30.0000000,UTC+02:00,2026-07-25T06:21:30.0000000+00:00
908,9,34.89505,15.81823333,28.722,2026-07-25T07:52:01.0000000,UTC+02:00,2026-07-25T05:52:01.0000000+00:00
907,9,34.88813333,15.81378333,28.705,2026-07-25T07:21:31.0000000,UTC+02:00,2026-07-25T05:21:31.0000000+00:00
906,9,34.88093333,15.81065,28.725,2026-07-25T06:51:30.0000000,UTC+02:00,2026-07-25T04:51:30.0000000+00:00
905,9,34.87346667,15.8082,28.717,2026-07-25T06:21:58.0000000,UTC+02:00,2026-07-25T04:21:58.0000000+00:00
904,9,34.86555,15.80626667,28.738,2026-07-25T05:51:30.0000000,UTC+02:00,2026-07-25T03:51:30.0000000+00:00
903,9,34.8578,15.80476667,28.765,2026-07-25T05:21:35.0000000,UTC+02:00,2026-07-25T03:21:35.0000000+00:00
902,9,34.84973333,15.80403333,28.778,2026-07-25T04:51:31.0000000,UTC+02:00,2026-07-25T02:51:31.0000000+00:00
901,9,34.8419,15.80441667,28.813,2026-07-25T04:21:32.0000000,UTC+02:00,2026-07-25T02:21:32.0000000+00:00
900,9,34.83401667,15.80601667,28.821,2026-07-25T03:51:31.0000000,UTC+02:00,2026-07-25T01:51:31.0000000+00:00
899,9,34.82658333,15.8086,28.865,2026-07-25T03:21:30.0000000,UTC+02:00,2026-07-25T01:21:30.0000000+00:00
898,9,34.81931667,15.81166667,28.888,2026-07-25T02:51:32.0000000,UTC+02:00,2026-07-25T00:51:32.0000000+00:00
897,9,34.81251667,15.81565,28.922,2026-07-25T02:21:30.0000000,UTC+02:00,2026-07-25T00:21:30.0000000+00:00
896,9,34.8063,15.81968333,28.965,2026-07-25T01:51:31.0000000,UTC+02:00,2026-07-24T23:51:31.0000000+00:00
895,9,34.8012,15.824,28.967,2026-07-25T01:22:01.0000000,UTC+02:00,2026-07-24T23:22:01.0000000+00:00
894,9,34.79688333,15.82875,29.015,2026-07-25T00:51:31.0000000,UTC+02:00,2026-07-24T22:51:31.0000000+00:00
893,9,34.79356667,15.8334,29.041,2026-07-25T00:21:49.0000000,UTC+02:00,2026-07-24T22:21:49.0000000+00:00
892,9,34.79086667,15.83786667,29.051,2026-07-24T23:51:55.0000000,UTC+02:00,2026-07-24T21:51:55.0000000+00:00
891,9,34.78873333,15.84206667,29.078,2026-07-24T23:22:02.0000000,UTC+02:00,2026-07-24T21:22:02.0000000+00:00
890,9,34.78873333,15.84206667,29.078,2026-07-24T23:22:02.0000000,UTC+02:00,2026-07-24T21:22:02.0000000+00:00
889,9,34.78706667,15.8458,29.129,2026-07-24T22:51:30.0000000,UTC+02:00,2026-07-24T20:51:30.0000000+00:00
888,9,34.78601667,15.84866667,29.143,2026-07-24T22:21:56.0000000,UTC+02:00,2026-07-24T20:21:56.0000000+00:00
887,9,34.7857,15.85183333,29.17,2026-07-24T21:51:30.0000000,UTC+02:00,2026-07-24T19:51:30.0000000+00:00
886,9,34.78616667,15.85368333,29.2,2026-07-24T21:22:26.0000000,UTC+02:00,2026-07-24T19:22:26.0000000+00:00
885,9,34.78753333,15.85756667,29.219,2026-07-24T20:51:30.0000000,UTC+02:00,2026-07-24T18:51:30.0000000+00:00
884,9,34.78955,15.85823333,29.231,2026-07-24T20:21:31.0000000,UTC+02:00,2026-07-24T18:21:31.0000000+00:00
883,9,34.79193333,15.8571,29.253,2026-07-24T19:51:31.0000000,UTC+02:00,2026-07-24T17:51:31.0000000+00:00
882,9,34.79441667,15.85491667,29.285,2026-07-24T19:21:30.0000000,UTC+02:00,2026-07-24T17:21:30.0000000+00:00
881,9,34.79638333,15.85218333,29.268,2026-07-24T18:51:44.0000000,UTC+02:00,2026-07-24T16:51:44.0000000+00:00
880,9,34.79818333,15.84811667,29.282,2026-07-24T18:21:30.0000000,UTC+02:00,2026-07-24T16:21:30.0000000+00:00
879,9,34.80011667,15.84368333,29.259,2026-07-24T17:51:57.0000000,UTC+02:00,2026-07-24T15:51:57.0000000+00:00
878,9,34.80153333,15.83863333,29.243,2026-07-24T17:21:30.0000000,UTC+02:00,2026-07-24T15:21:30.0000000+00:00
877,9,34.80285,15.8346,29.229,2026-07-24T16:51:30.0000000,UTC+02:00,2026-07-24T14:51:30.0000000+00:00
876,9,34.80363333,15.82991667,29.233,2026-07-24T16:21:30.0000000,UTC+02:00,2026-07-24T14:21:30.0000000+00:00
875,9,34.80448333,15.82388333,29.202,2026-07-24T15:51:35.0000000,UTC+02:00,2026-07-24T13:51:35.0000000+00:00
874,9,34.80475,15.81706667,29.169,2026-07-24T15:21:30.0000000,UTC+02:00,2026-07-24T13:21:30.0000000+00:00
873,9,34.80438333,15.80993333,29.152,2026-07-24T14:51:32.0000000,UTC+02:00,2026-07-24T12:51:32.0000000+00:00
872,9,34.80408333,15.80286667,29.146,2026-07-24T14:21:31.0000000,UTC+02:00,2026-07-24T12:21:31.0000000+00:00
871,9,34.80353333,15.79625,29.131,2026-07-24T13:51:30.0000000,UTC+02:00,2026-07-24T11:51:30.0000000+00:00
870,9,34.80263333,15.78971667,29.11,2026-07-24T13:21:30.0000000,UTC+02:00,2026-07-24T11:21:30.0000000+00:00
869,9,34.80108333,15.78325,29.094,2026-07-24T12:51:32.0000000,UTC+02:00,2026-07-24T10:51:32.0000000+00:00
868,9,34.79865,15.77805,29.088,2026-07-24T12:21:30.0000000,UTC+02:00,2026-07-24T10:21:30.0000000+00:00
867,9,34.796,15.77385,29.076,2026-07-24T11:51:30.0000000,UTC+02:00,2026-07-24T09:51:30.0000000+00:00
866,9,34.79371667,15.77045,29.066,2026-07-24T11:21:30.0000000,UTC+02:00,2026-07-24T09:21:30.0000000+00:00
865,9,34.79151667,15.76715,29.063,2026-07-24T10:51:30.0000000,UTC+02:00,2026-07-24T08:51:30.0000000+00:00
864,9,34.78935,15.76415,29.032,2026-07-24T10:22:01.0000000,UTC+02:00,2026-07-24T08:22:01.0000000+00:00
863,9,34.78698333,15.7614,28.999,2026-07-24T09:51:30.0000000,UTC+02:00,2026-07-24T07:51:30.0000000+00:00
862,9,34.78505,15.75858333,28.977,2026-07-24T09:21:55.0000000,UTC+02:00,2026-07-24T07:21:55.0000000+00:00
861,9,34.78328333,15.75611667,28.971,2026-07-24T08:51:31.0000000,UTC+02:00,2026-07-24T06:51:31.0000000+00:00
860,9,34.78193333,15.75405,28.962,2026-07-24T08:21:31.0000000,UTC+02:00,2026-07-24T06:21:31.0000000+00:00
859,9,34.78086667,15.752,28.965,2026-07-24T07:51:52.0000000,UTC+02:00,2026-07-24T05:51:52.0000000+00:00
858,9,34.7808,15.74991667,28.975,2026-07-24T07:21:31.0000000,UTC+02:00,2026-07-24T05:21:31.0000000+00:00
857,9,34.78133333,15.74753333,28.984,2026-07-24T06:51:31.0000000,UTC+02:00,2026-07-24T04:51:31.0000000+00:00
856,9,34.7812,15.74461667,28.978,2026-07-24T06:21:30.0000000,UTC+02:00,2026-07-24T04:21:30.0000000+00:00
855,9,34.78031667,15.7405,29.007,2026-07-24T05:51:30.0000000,UTC+02:00,2026-07-24T03:51:30.0000000+00:00
854,9,34.78025,15.73693333,29.053,2026-07-24T05:21:31.0000000,UTC+02:00,2026-07-24T03:21:31.0000000+00:00
853,9,34.78086667,15.7334,29.061,2026-07-24T04:51:31.0000000,UTC+02:00,2026-07-24T02:51:31.0000000+00:00
852,9,34.78136667,15.72925,29.078,2026-07-24T04:21:55.0000000,UTC+02:00,2026-07-24T02:21:55.0000000+00:00
851,9,34.78238333,15.7242,29.079,2026-07-24T03:51:30.0000000,UTC+02:00,2026-07-24T01:51:30.0000000+00:00
850,9,34.78313333,15.7188,29.088,2026-07-24T03:22:01.0000000,UTC+02:00,2026-07-24T01:22:01.0000000+00:00
849,9,34.78366667,15.7129,29.096,2026-07-24T02:51:30.0000000,UTC+02:00,2026-07-24T00:51:30.0000000+00:00
848,9,34.78413333,15.70633333,29.12,2026-07-24T02:21:30.0000000,UTC+02:00,2026-07-24T00:21:30.0000000+00:00
847,9,34.7844,15.69998333,29.138,2026-07-24T01:51:31.0000000,UTC+02:00,2026-07-23T23:51:31.0000000+00:00
846,9,34.78391667,15.69301667,29.124,2026-07-24T01:22:02.0000000,UTC+02:00,2026-07-23T23:22:02.0000000+00:00
845,9,34.78276667,15.6851,29.171,2026-07-24T00:51:31.0000000,UTC+02:00,2026-07-23T22:51:31.0000000+00:00
844,9,34.78148333,15.67746667,29.198,2026-07-24T00:21:31.0000000,UTC+02:00,2026-07-23T22:21:31.0000000+00:00
843,9,34.7802,15.67,29.212,2026-07-23T23:52:01.0000000,UTC+02:00,2026-07-23T21:52:01.0000000+00:00
842,9,34.77836667,15.66165,29.255,2026-07-23T23:21:30.0000000,UTC+02:00,2026-07-23T21:21:30.0000000+00:00
841,9,34.77605,15.65298333,29.285,2026-07-23T22:51:31.0000000,UTC+02:00,2026-07-23T20:51:31.0000000+00:00
840,9,34.77291667,15.64461667,29.294,2026-07-23T22:21:59.0000000,UTC+02:00,2026-07-23T20:21:59.0000000+00:00
839,9,34.7691,15.63643333,29.326,2026-07-23T21:51:32.0000000,UTC+02:00,2026-07-23T19:51:32.0000000+00:00
838,9,34.7651,15.62838333,29.348,2026-07-23T21:21:30.0000000,UTC+02:00,2026-07-23T19:21:30.0000000+00:00
837,9,34.76021667,15.62011667,29.359,2026-07-23T20:51:30.0000000,UTC+02:00,2026-07-23T18:51:30.0000000+00:00
836,9,34.7552,15.61166667,29.402,2026-07-23T20:21:33.0000000,UTC+02:00,2026-07-23T18:21:33.0000000+00:00
835,9,34.74965,15.60358333,29.445,2026-07-23T19:51:30.0000000,UTC+02:00,2026-07-23T17:51:30.0000000+00:00
834,9,34.74366667,15.59558333,29.486,2026-07-23T19:21:30.0000000,UTC+02:00,2026-07-23T17:21:30.0000000+00:00
833,9,34.7365,15.58755,29.514,2026-07-23T18:51:33.0000000,UTC+02:00,2026-07-23T16:51:33.0000000+00:00
832,9,34.7287,15.58073333,29.566,2026-07-23T18:21:31.0000000,UTC+02:00,2026-07-23T16:21:31.0000000+00:00
831,9,34.72003333,15.5747,29.581,2026-07-23T17:51:30.0000000,UTC+02:00,2026-07-23T15:51:30.0000000+00:00
830,9,34.71058333,15.56908333,29.619,2026-07-23T17:21:30.0000000,UTC+02:00,2026-07-23T15:21:30.0000000+00:00
829,9,34.70045,15.56433333,29.681,2026-07-23T16:51:30.0000000,UTC+02:00,2026-07-23T14:51:30.0000000+00:00
828,9,34.69011667,15.56068333,29.706,2026-07-23T16:21:30.0000000,UTC+02:00,2026-07-23T14:21:30.0000000+00:00
827,9,34.67955,15.5583,29.725,2026-07-23T15:51:31.0000000,UTC+02:00,2026-07-23T13:51:31.0000000+00:00
826,9,34.66936667,15.55731667,29.774,2026-07-23T15:21:31.0000000,UTC+02:00,2026-07-23T13:21:31.0000000+00:00
825,9,34.65936667,15.55735,29.837,2026-07-23T14:51:30.0000000,UTC+02:00,2026-07-23T12:51:30.0000000+00:00
824,9,34.64951667,15.55863333,29.763,2026-07-23T14:21:31.0000000,UTC+02:00,2026-07-23T12:21:31.0000000+00:00
823,9,34.64031667,15.56235,29.789,2026-07-23T13:51:55.0000000,UTC+02:00,2026-07-23T11:51:55.0000000+00:00
822,9,34.63113333,15.5685,29.842,2026-07-23T13:21:30.0000000,UTC+02:00,2026-07-23T11:21:30.0000000+00:00
821,9,34.62321667,15.57483333,29.739,2026-07-23T12:51:30.0000000,UTC+02:00,2026-07-23T10:51:30.0000000+00:00
820,9,34.6155,15.58136667,29.659,2026-07-23T12:21:30.0000000,UTC+02:00,2026-07-23T10:21:30.0000000+00:00
819,9,34.60793333,15.58731667,29.633,2026-07-23T11:51:30.0000000,UTC+02:00,2026-07-23T09:51:30.0000000+00:00
818,9,34.60081667,15.59295,29.585,2026-07-23T11:21:31.0000000,UTC+02:00,2026-07-23T09:21:31.0000000+00:00
817,9,34.59536667,15.59888333,29.543,2026-07-23T10:51:53.0000000,UTC+02:00,2026-07-23T08:51:53.0000000+00:00
816,9,34.59035,15.60488333,29.49,2026-07-23T10:21:30.0000000,UTC+02:00,2026-07-23T08:21:30.0000000+00:00
815,9,34.58661667,15.61121667,29.434,2026-07-23T09:51:37.0000000,UTC+02:00,2026-07-23T07:51:37.0000000+00:00
814,9,34.5838,15.61698333,29.376,2026-07-23T09:21:55.0000000,UTC+02:00,2026-07-23T07:21:55.0000000+00:00
813,9,34.5816,15.62156667,29.331,2026-07-23T08:51:30.0000000,UTC+02:00,2026-07-23T06:51:30.0000000+00:00
812,9,34.57968333,15.62523333,29.312,2026-07-23T08:21:31.0000000,UTC+02:00,2026-07-23T06:21:31.0000000+00:00
811,9,34.57826667,15.62838333,29.296,2026-07-23T07:51:45.0000000,UTC+02:00,2026-07-23T05:51:45.0000000+00:00
810,9,34.57723333,15.63043333,29.282,2026-07-23T07:21:49.0000000,UTC+02:00,2026-07-23T05:21:49.0000000+00:00
809,9,34.57685,15.63131667,29.281,2026-07-23T06:51:30.0000000,UTC+02:00,2026-07-23T04:51:30.0000000+00:00
808,9,34.57716667,15.63206667,29.281,2026-07-23T06:21:30.0000000,UTC+02:00,2026-07-23T04:21:30.0000000+00:00
807,9,34.57773333,15.6323,29.264,2026-07-23T05:51:32.0000000,UTC+02:00,2026-07-23T03:51:32.0000000+00:00
806,9,34.5785,15.6317,29.292,2026-07-23T05:21:31.0000000,UTC+02:00,2026-07-23T03:21:31.0000000+00:00
805,9,34.57885,15.62986667,29.311,2026-07-23T04:51:30.0000000,UTC+02:00,2026-07-23T02:51:30.0000000+00:00
804,9,34.57896667,15.62633333,29.331,2026-07-23T04:21:30.0000000,UTC+02:00,2026-07-23T02:21:30.0000000+00:00
803,9,34.57908333,15.62201667,29.332,2026-07-23T03:51:30.0000000,UTC+02:00,2026-07-23T01:51:30.0000000+00:00
802,9,34.57863333,15.61738333,29.332,2026-07-23T03:21:30.0000000,UTC+02:00,2026-07-23T01:21:30.0000000+00:00
801,9,34.57758333,15.61288333,29.335,2026-07-23T02:51:31.0000000,UTC+02:00,2026-07-23T00:51:31.0000000+00:00
800,9,34.57636667,15.60878333,29.353,2026-07-23T02:21:53.0000000,UTC+02:00,2026-07-23T00:21:53.0000000+00:00
799,9,34.5754,15.60473333,29.334,2026-07-23T01:51:31.0000000,UTC+02:00,2026-07-22T23:51:31.0000000+00:00
798,9,34.57375,15.60025,29.315,2026-07-23T01:21:30.0000000,UTC+02:00,2026-07-22T23:21:30.0000000+00:00
797,9,34.57083333,15.59531667,29.352,2026-07-23T00:51:31.0000000,UTC+02:00,2026-07-22T22:51:31.0000000+00:00
796,9,34.56745,15.59041667,29.388,2026-07-23T00:21:30.0000000,UTC+02:00,2026-07-22T22:21:30.0000000+00:00
795,9,34.56386667,15.5866,29.393,2026-07-22T23:51:49.0000000,UTC+02:00,2026-07-22T21:51:49.0000000+00:00
794,9,34.56053333,15.5831,29.432,2026-07-22T23:22:01.0000000,UTC+02:00,2026-07-22T21:22:01.0000000+00:00
793,9,34.5577,15.5806,29.407,2026-07-22T22:51:31.0000000,UTC+02:00,2026-07-22T20:51:31.0000000+00:00
792,9,34.55483333,15.57836667,29.354,2026-07-22T22:21:53.0000000,UTC+02:00,2026-07-22T20:21:53.0000000+00:00
791,9,34.55098333,15.57505,29.344,2026-07-22T21:51:30.0000000,UTC+02:00,2026-07-22T19:51:30.0000000+00:00
790,9,34.54668333,15.57203333,29.428,2026-07-22T21:21:30.0000000,UTC+02:00,2026-07-22T19:21:30.0000000+00:00
789,9,34.54275,15.56951667,29.476,2026-07-22T20:52:01.0000000,UTC+02:00,2026-07-22T18:52:01.0000000+00:00
788,9,34.5394,15.56638333,29.54,2026-07-22T20:21:30.0000000,UTC+02:00,2026-07-22T18:21:30.0000000+00:00
787,9,34.53648333,15.56293333,29.591,2026-07-22T19:51:30.0000000,UTC+02:00,2026-07-22T17:51:30.0000000+00:00
786,9,34.5327,15.5599,29.63,2026-07-22T19:21:31.0000000,UTC+02:00,2026-07-22T17:21:31.0000000+00:00
785,9,34.52898333,15.55728333,29.704,2026-07-22T18:51:31.0000000,UTC+02:00,2026-07-22T16:51:31.0000000+00:00
784,9,34.52561667,15.55455,29.688,2026-07-22T18:21:30.0000000,UTC+02:00,2026-07-22T16:21:30.0000000+00:00
783,9,34.52276667,15.55171667,29.656,2026-07-22T17:52:01.0000000,UTC+02:00,2026-07-22T15:52:01.0000000+00:00
782,9,34.52016667,15.54913333,29.676,2026-07-22T17:21:30.0000000,UTC+02:00,2026-07-22T15:21:30.0000000+00:00
781,9,34.51806667,15.54693333,29.718,2026-07-22T16:51:55.0000000,UTC+02:00,2026-07-22T14:51:55.0000000+00:00
780,9,34.51518333,15.54458333,29.769,2026-07-22T16:21:31.0000000,UTC+02:00,2026-07-22T14:21:31.0000000+00:00
779,9,34.5125,15.5422,29.726,2026-07-22T15:51:30.0000000,UTC+02:00,2026-07-22T13:51:30.0000000+00:00
778,9,34.51035,15.53983333,29.764,2026-07-22T15:21:34.0000000,UTC+02:00,2026-07-22T13:21:34.0000000+00:00
777,9,34.50926667,15.53648333,29.761,2026-07-22T14:51:55.0000000,UTC+02:00,2026-07-22T12:51:55.0000000+00:00
776,9,34.50811667,15.53256667,29.869,2026-07-22T14:21:30.0000000,UTC+02:00,2026-07-22T12:21:30.0000000+00:00
775,9,34.50706667,15.5283,29.847,2026-07-22T13:51:47.0000000,UTC+02:00,2026-07-22T11:51:47.0000000+00:00
774,9,34.50583333,15.5231,29.774,2026-07-22T13:21:31.0000000,UTC+02:00,2026-07-22T11:21:31.0000000+00:00
773,9,34.50406667,15.51756667,29.81,2026-07-22T12:51:30.0000000,UTC+02:00,2026-07-22T10:51:30.0000000+00:00
772,9,34.50236667,15.51185,29.799,2026-07-22T12:21:30.0000000,UTC+02:00,2026-07-22T10:21:30.0000000+00:00
771,9,34.50083333,15.50558333,29.704,2026-07-22T11:51:30.0000000,UTC+02:00,2026-07-22T09:51:30.0000000+00:00
770,9,34.49973333,15.49926667,29.639,2026-07-22T11:21:53.0000000,UTC+02:00,2026-07-22T09:21:53.0000000+00:00
769,9,34.49848333,15.49388333,29.571,2026-07-22T10:51:30.0000000,UTC+02:00,2026-07-22T08:51:30.0000000+00:00
768,9,34.49601667,15.48838333,29.552,2026-07-22T10:21:54.0000000,UTC+02:00,2026-07-22T08:21:54.0000000+00:00
767,9,34.49311667,15.48383333,29.546,2026-07-22T09:51:30.0000000,UTC+02:00,2026-07-22T07:51:30.0000000+00:00
766,9,34.49071667,15.48078333,29.537,2026-07-22T09:21:30.0000000,UTC+02:00,2026-07-22T07:21:30.0000000+00:00
765,9,34.48801667,15.47808333,29.485,2026-07-22T08:51:30.0000000,UTC+02:00,2026-07-22T06:51:30.0000000+00:00
764,9,34.48518333,15.47555,29.429,2026-07-22T08:21:31.0000000,UTC+02:00,2026-07-22T06:21:31.0000000+00:00
763,9,34.48271667,15.4721,29.43,2026-07-22T07:51:30.0000000,UTC+02:00,2026-07-22T05:51:30.0000000+00:00
762,9,34.48038333,15.46776667,29.496,2026-07-22T07:21:30.0000000,UTC+02:00,2026-07-22T05:21:30.0000000+00:00
761,9,34.47803333,15.46335,29.546,2026-07-22T06:51:31.0000000,UTC+02:00,2026-07-22T04:51:31.0000000+00:00
760,9,34.47523333,15.45905,29.533,2026-07-22T06:21:31.0000000,UTC+02:00,2026-07-22T04:21:31.0000000+00:00
759,9,34.47168333,15.45496667,29.472,2026-07-22T05:51:30.0000000,UTC+02:00,2026-07-22T03:51:30.0000000+00:00
758,9,34.46793333,15.45073333,29.334,2026-07-22T05:21:30.0000000,UTC+02:00,2026-07-22T03:21:30.0000000+00:00
757,9,34.46403333,15.44618333,29.288,2026-07-22T04:51:30.0000000,UTC+02:00,2026-07-22T02:51:30.0000000+00:00
756,9,34.46023333,15.44166667,29.369,2026-07-22T04:21:30.0000000,UTC+02:00,2026-07-22T02:21:30.0000000+00:00
755,9,34.4574,15.43718333,29.442,2026-07-22T03:51:30.0000000,UTC+02:00,2026-07-22T01:51:30.0000000+00:00
754,9,34.45491667,15.43318333,29.456,2026-07-22T03:21:30.0000000,UTC+02:00,2026-07-22T01:21:30.0000000+00:00
753,9,34.45223333,15.42913333,29.489,2026-07-22T02:51:30.0000000,UTC+02:00,2026-07-22T00:51:30.0000000+00:00
752,9,34.44945,15.42473333,29.556,2026-07-22T02:21:30.0000000,UTC+02:00,2026-07-22T00:21:30.0000000+00:00
751,9,34.44695,15.4206,29.608,2026-07-22T01:51:54.0000000,UTC+02:00,2026-07-21T23:51:54.0000000+00:00
750,9,34.44456667,15.41595,29.655,2026-07-22T01:21:30.0000000,UTC+02:00,2026-07-21T23:21:30.0000000+00:00
749,9,34.4417,15.4109,29.694,2026-07-22T00:51:30.0000000,UTC+02:00,2026-07-21T22:51:30.0000000+00:00
748,9,34.43821667,15.40585,29.693,2026-07-22T00:21:30.0000000,UTC+02:00,2026-07-21T22:21:30.0000000+00:00
747,9,34.43465,15.40075,29.785,2026-07-21T23:51:31.0000000,UTC+02:00,2026-07-21T21:51:31.0000000+00:00
746,9,34.43078333,15.39546667,29.895,2026-07-21T23:21:30.0000000,UTC+02:00,2026-07-21T21:21:30.0000000+00:00
745,9,34.4263,15.39078333,29.892,2026-07-21T22:51:30.0000000,UTC+02:00,2026-07-21T20:51:30.0000000+00:00
744,9,34.4218,15.38625,29.926,2026-07-21T22:21:30.0000000,UTC+02:00,2026-07-21T20:21:30.0000000+00:00
743,9,34.41718333,15.38168333,29.97,2026-07-21T21:51:30.0000000,UTC+02:00,2026-07-21T19:51:30.0000000+00:00
742,9,34.4125,15.377,30.072,2026-07-21T21:21:30.0000000,UTC+02:00,2026-07-21T19:21:30.0000000+00:00
741,9,34.40796667,15.37216667,30.154,2026-07-21T20:51:31.0000000,UTC+02:00,2026-07-21T18:51:31.0000000+00:00
740,9,34.40343333,15.3674,30.461,2026-07-21T20:21:30.0000000,UTC+02:00,2026-07-21T18:21:30.0000000+00:00
739,9,34.39893333,15.36295,30.647,2026-07-21T19:51:30.0000000,UTC+02:00,2026-07-21T17:51:30.0000000+00:00
738,9,34.39505,15.35876667,30.671,2026-07-21T19:21:30.0000000,UTC+02:00,2026-07-21T17:21:30.0000000+00:00
737,9,34.39136667,15.35466667,30.887,2026-07-21T18:51:30.0000000,UTC+02:00,2026-07-21T16:51:30.0000000+00:00
736,9,34.38786667,15.35111667,30.858,2026-07-21T18:21:30.0000000,UTC+02:00,2026-07-21T16:21:30.0000000+00:00
735,9,34.38473333,15.34756667,31.172,2026-07-21T17:51:30.0000000,UTC+02:00,2026-07-21T15:51:30.0000000+00:00
734,9,34.38176667,15.34455,31.559,2026-07-21T17:21:30.0000000,UTC+02:00,2026-07-21T15:21:30.0000000+00:00
733,9,34.37913333,15.3424,31.794,2026-07-21T16:51:30.0000000,UTC+02:00,2026-07-21T14:51:30.0000000+00:00
732,9,34.37718333,15.33998333,31.978,2026-07-21T16:21:30.0000000,UTC+02:00,2026-07-21T14:21:30.0000000+00:00
731,9,34.37526667,15.33713333,31.967,2026-07-21T15:51:30.0000000,UTC+02:00,2026-07-21T13:51:30.0000000+00:00
730,9,34.37361667,15.3338,32.018,2026-07-21T15:21:30.0000000,UTC+02:00,2026-07-21T13:21:30.0000000+00:00
729,9,34.37265,15.33105,31.789,2026-07-21T14:51:30.0000000,UTC+02:00,2026-07-21T12:51:30.0000000+00:00
728,9,34.37235,15.32821667,31.559,2026-07-21T14:21:30.0000000,UTC+02:00,2026-07-21T12:21:30.0000000+00:00
727,9,34.37256667,15.32533333,31.759,2026-07-21T13:51:30.0000000,UTC+02:00,2026-07-21T11:51:30.0000000+00:00
726,9,34.37401667,15.32158333,31.124,2026-07-21T13:21:30.0000000,UTC+02:00,2026-07-21T11:21:30.0000000+00:00
725,9,34.37705,15.31725,31.277,2026-07-21T12:51:30.0000000,UTC+02:00,2026-07-21T10:51:30.0000000+00:00
724,9,34.38008333,15.311,30.652,2026-07-21T12:21:30.0000000,UTC+02:00,2026-07-21T10:21:30.0000000+00:00
723,9,34.38256667,15.30346667,30.614,2026-07-21T11:51:30.0000000,UTC+02:00,2026-07-21T09:51:30.0000000+00:00
722,9,34.3848,15.29558333,30.351,2026-07-21T11:21:30.0000000,UTC+02:00,2026-07-21T09:21:30.0000000+00:00
721,9,34.38683333,15.28658333,29.836,2026-07-21T10:51:30.0000000,UTC+02:00,2026-07-21T08:51:30.0000000+00:00
720,9,34.38898333,15.27673333,29.589,2026-07-21T10:21:30.0000000,UTC+02:00,2026-07-21T08:21:30.0000000+00:00
719,9,34.39093333,15.26645,29.472,2026-07-21T09:51:30.0000000,UTC+02:00,2026-07-21T07:51:30.0000000+00:00
718,9,34.39215,15.25515,29.304,2026-07-21T09:21:30.0000000,UTC+02:00,2026-07-21T07:21:30.0000000+00:00
717,9,34.39235,15.24328333,29.158,2026-07-21T08:51:30.0000000,UTC+02:00,2026-07-21T06:51:30.0000000+00:00
716,9,34.39188333,15.23188333,29.138,2026-07-21T08:21:30.0000000,UTC+02:00,2026-07-21T06:21:30.0000000+00:00
715,9,34.39128333,15.22126667,29.116,2026-07-21T07:51:30.0000000,UTC+02:00,2026-07-21T05:51:30.0000000+00:00
714,9,34.39038333,15.21201667,29.104,2026-07-21T07:21:30.0000000,UTC+02:00,2026-07-21T05:21:30.0000000+00:00
713,9,34.38926667,15.20383333,29.08,2026-07-21T06:51:50.0000000,UTC+02:00,2026-07-21T04:51:50.0000000+00:00
712,9,34.38841667,15.19575,29.106,2026-07-21T06:21:30.0000000,UTC+02:00,2026-07-21T04:21:30.0000000+00:00
711,9,34.38741667,15.1876,29.111,2026-07-21T05:51:30.0000000,UTC+02:00,2026-07-21T03:51:30.0000000+00:00
710,9,34.3861,15.17935,29.106,2026-07-21T05:21:30.0000000,UTC+02:00,2026-07-21T03:21:30.0000000+00:00
709,9,34.3849,15.17181667,29.14,2026-07-21T04:51:30.0000000,UTC+02:00,2026-07-21T02:51:30.0000000+00:00
708,9,34.38425,15.16476667,29.175,2026-07-21T04:21:30.0000000,UTC+02:00,2026-07-21T02:21:30.0000000+00:00
707,9,34.3838,15.15761667,29.197,2026-07-21T03:52:01.0000000,UTC+02:00,2026-07-21T01:52:01.0000000+00:00
706,9,34.38341667,15.1506,29.225,2026-07-21T03:22:01.0000000,UTC+02:00,2026-07-21T01:22:01.0000000+00:00
705,9,34.38341667,15.14381667,29.256,2026-07-21T02:51:30.0000000,UTC+02:00,2026-07-21T00:51:30.0000000+00:00
704,9,34.3841,15.13695,29.251,2026-07-21T02:21:30.0000000,UTC+02:00,2026-07-21T00:21:30.0000000+00:00
703,9,34.3853,15.13068333,29.3,2026-07-21T01:51:30.0000000,UTC+02:00,2026-07-20T23:51:30.0000000+00:00
702,9,34.38706667,15.12456667,29.324,2026-07-21T01:21:30.0000000,UTC+02:00,2026-07-20T23:21:30.0000000+00:00
701,9,34.38876667,15.11848333,29.345,2026-07-21T00:51:30.0000000,UTC+02:00,2026-07-20T22:51:30.0000000+00:00
700,9,34.39081667,15.112,29.366,2026-07-21T00:21:34.0000000,UTC+02:00,2026-07-20T22:21:34.0000000+00:00
699,9,34.3924,15.10633333,29.377,2026-07-20T23:51:49.0000000,UTC+02:00,2026-07-20T21:51:49.0000000+00:00
698,9,34.3942,15.1009,29.374,2026-07-20T23:21:30.0000000,UTC+02:00,2026-07-20T21:21:30.0000000+00:00
697,9,34.39628333,15.09693333,29.391,2026-07-20T22:51:30.0000000,UTC+02:00,2026-07-20T20:51:30.0000000+00:00
696,9,34.39893333,15.0934,29.426,2026-07-20T22:21:52.0000000,UTC+02:00,2026-07-20T20:21:52.0000000+00:00
695,9,34.40251667,15.09011667,29.465,2026-07-20T21:51:30.0000000,UTC+02:00,2026-07-20T19:51:30.0000000+00:00
694,9,34.40715,15.08668333,29.487,2026-07-20T21:21:30.0000000,UTC+02:00,2026-07-20T19:21:30.0000000+00:00
693,9,34.41315,15.08305,29.512,2026-07-20T20:51:30.0000000,UTC+02:00,2026-07-20T18:51:30.0000000+00:00
692,9,34.41981667,15.07871667,29.529,2026-07-20T20:21:30.0000000,UTC+02:00,2026-07-20T18:21:30.0000000+00:00
691,9,34.42686667,15.07368333,29.547,2026-07-20T19:51:30.0000000,UTC+02:00,2026-07-20T17:51:30.0000000+00:00
690,9,34.4348,15.06781667,29.566,2026-07-20T19:21:32.0000000,UTC+02:00,2026-07-20T17:21:32.0000000+00:00
689,9,34.44393333,15.06063333,29.558,2026-07-20T18:51:30.0000000,UTC+02:00,2026-07-20T16:51:30.0000000+00:00
688,9,34.45323333,15.05228333,29.554,2026-07-20T18:21:30.0000000,UTC+02:00,2026-07-20T16:21:30.0000000+00:00
687,9,34.46271667,15.04305,29.562,2026-07-20T17:51:32.0000000,UTC+02:00,2026-07-20T15:51:32.0000000+00:00
686,9,34.47243333,15.03296667,29.55,2026-07-20T17:21:30.0000000,UTC+02:00,2026-07-20T15:21:30.0000000+00:00
685,9,34.4819,15.02196667,29.573,2026-07-20T16:51:30.0000000,UTC+02:00,2026-07-20T14:51:30.0000000+00:00
684,9,34.49111667,15.00996667,29.657,2026-07-20T16:21:31.0000000,UTC+02:00,2026-07-20T14:21:31.0000000+00:00
683,9,34.49965,14.99751667,29.659,2026-07-20T15:52:02.0000000,UTC+02:00,2026-07-20T13:52:02.0000000+00:00
682,9,34.50801667,14.9839,29.723,2026-07-20T15:21:56.0000000,UTC+02:00,2026-07-20T13:21:56.0000000+00:00
681,9,34.51521667,14.96936667,29.679,2026-07-20T14:51:31.0000000,UTC+02:00,2026-07-20T12:51:31.0000000+00:00
680,9,34.52056667,14.95521667,29.665,2026-07-20T14:21:30.0000000,UTC+02:00,2026-07-20T12:21:30.0000000+00:00
679,9,34.52456667,14.94118333,29.637,2026-07-20T13:51:31.0000000,UTC+02:00,2026-07-20T11:51:31.0000000+00:00
678,9,34.52773333,14.92783333,29.512,2026-07-20T13:21:31.0000000,UTC+02:00,2026-07-20T11:21:31.0000000+00:00
677,9,34.53056667,14.91463333,29.485,2026-07-20T12:51:30.0000000,UTC+02:00,2026-07-20T10:51:30.0000000+00:00
676,9,34.53301667,14.90156667,29.398,2026-07-20T12:21:30.0000000,UTC+02:00,2026-07-20T10:21:30.0000000+00:00
675,9,34.53525,14.88926667,29.358,2026-07-20T11:51:30.0000000,UTC+02:00,2026-07-20T09:51:30.0000000+00:00
674,9,34.53743333,14.87736667,29.253,2026-07-20T11:21:30.0000000,UTC+02:00,2026-07-20T09:21:30.0000000+00:00
673,9,34.53926667,14.86606667,29.198,2026-07-20T10:51:30.0000000,UTC+02:00,2026-07-20T08:51:30.0000000+00:00
672,9,34.541,14.85526667,29.113,2026-07-20T10:21:30.0000000,UTC+02:00,2026-07-20T08:21:30.0000000+00:00
671,9,34.54325,14.84606667,29.024,2026-07-20T09:51:30.0000000,UTC+02:00,2026-07-20T07:51:30.0000000+00:00
670,9,34.5461,14.83795,28.955,2026-07-20T09:21:30.0000000,UTC+02:00,2026-07-20T07:21:30.0000000+00:00
669,9,34.54896667,14.83043333,28.868,2026-07-20T08:51:30.0000000,UTC+02:00,2026-07-20T06:51:30.0000000+00:00
668,9,34.55215,14.82356667,28.849,2026-07-20T08:21:30.0000000,UTC+02:00,2026-07-20T06:21:30.0000000+00:00
667,9,34.55518333,14.81713333,28.842,2026-07-20T07:51:30.0000000,UTC+02:00,2026-07-20T05:51:30.0000000+00:00
666,9,34.55833333,14.81136667,28.843,2026-07-20T07:21:31.0000000,UTC+02:00,2026-07-20T05:21:31.0000000+00:00
665,9,34.56203333,14.80573333,28.824,2026-07-20T06:51:30.0000000,UTC+02:00,2026-07-20T04:51:30.0000000+00:00
664,9,34.56536667,14.8009,28.815,2026-07-20T06:21:30.0000000,UTC+02:00,2026-07-20T04:21:30.0000000+00:00
663,9,34.56831667,14.79708333,28.784,2026-07-20T05:51:30.0000000,UTC+02:00,2026-07-20T03:51:30.0000000+00:00
662,9,34.5717,14.79353333,28.845,2026-07-20T05:21:30.0000000,UTC+02:00,2026-07-20T03:21:30.0000000+00:00
661,9,34.5756,14.791,28.829,2026-07-20T04:51:30.0000000,UTC+02:00,2026-07-20T02:51:30.0000000+00:00
660,9,34.57971667,14.78916667,28.852,2026-07-20T04:21:30.0000000,UTC+02:00,2026-07-20T02:21:30.0000000+00:00
659,9,34.58435,14.78743333,28.864,2026-07-20T03:51:30.0000000,UTC+02:00,2026-07-20T01:51:30.0000000+00:00
658,9,34.58991667,14.78701667,28.877,2026-07-20T03:21:55.0000000,UTC+02:00,2026-07-20T01:21:55.0000000+00:00
657,9,34.59663333,14.78701667,28.913,2026-07-20T02:51:30.0000000,UTC+02:00,2026-07-20T00:51:30.0000000+00:00
656,9,34.60395,14.78686667,28.872,2026-07-20T02:21:31.0000000,UTC+02:00,2026-07-20T00:21:31.0000000+00:00
655,9,34.61155,14.78611667,28.839,2026-07-20T01:51:31.0000000,UTC+02:00,2026-07-19T23:51:31.0000000+00:00
654,9,34.61995,14.78551667,28.848,2026-07-20T01:22:01.0000000,UTC+02:00,2026-07-19T23:22:01.0000000+00:00
653,9,34.62931667,14.78405,28.881,2026-07-20T00:51:30.0000000,UTC+02:00,2026-07-19T22:51:30.0000000+00:00
652,9,34.63856667,14.78143333,28.891,2026-07-20T00:21:30.0000000,UTC+02:00,2026-07-19T22:21:30.0000000+00:00
651,9,34.64735,14.77776667,28.891,2026-07-19T23:51:30.0000000,UTC+02:00,2026-07-19T21:51:30.0000000+00:00
650,9,34.65621667,14.77295,28.916,2026-07-19T23:21:30.0000000,UTC+02:00,2026-07-19T21:21:30.0000000+00:00
649,9,34.66485,14.76695,28.938,2026-07-19T22:51:30.0000000,UTC+02:00,2026-07-19T20:51:30.0000000+00:00
648,9,34.67328333,14.76008333,28.955,2026-07-19T22:21:31.0000000,UTC+02:00,2026-07-19T20:21:31.0000000+00:00
647,9,34.6815,14.75278333,29.002,2026-07-19T21:51:30.0000000,UTC+02:00,2026-07-19T19:51:30.0000000+00:00
646,9,34.68933333,14.74493333,29.036,2026-07-19T21:21:31.0000000,UTC+02:00,2026-07-19T19:21:31.0000000+00:00
645,9,34.69646667,14.73646667,29.079,2026-07-19T20:51:31.0000000,UTC+02:00,2026-07-19T18:51:31.0000000+00:00
644,9,34.70361667,14.72845,29.132,2026-07-19T20:21:30.0000000,UTC+02:00,2026-07-19T18:21:30.0000000+00:00
643,9,34.70976667,14.72006667,29.148,2026-07-19T19:51:31.0000000,UTC+02:00,2026-07-19T17:51:31.0000000+00:00
642,9,34.7153,14.7118,29.208,2026-07-19T19:21:52.0000000,UTC+02:00,2026-07-19T17:21:52.0000000+00:00
641,9,34.72041667,14.70291667,29.206,2026-07-19T18:51:31.0000000,UTC+02:00,2026-07-19T16:51:31.0000000+00:00
640,9,34.72485,14.69325,29.201,2026-07-19T18:21:30.0000000,UTC+02:00,2026-07-19T16:21:30.0000000+00:00
639,9,34.72803333,14.68408333,29.174,2026-07-19T17:51:30.0000000,UTC+02:00,2026-07-19T15:51:30.0000000+00:00
638,9,34.73013333,14.67516667,29.096,2026-07-19T17:21:36.0000000,UTC+02:00,2026-07-19T15:21:36.0000000+00:00
637,9,34.73138333,14.66673333,29.017,2026-07-19T16:51:30.0000000,UTC+02:00,2026-07-19T14:51:30.0000000+00:00
636,9,34.73166667,14.6584,28.996,2026-07-19T16:21:30.0000000,UTC+02:00,2026-07-19T14:21:30.0000000+00:00
635,9,34.7317,14.65046667,28.934,2026-07-19T15:51:30.0000000,UTC+02:00,2026-07-19T13:51:30.0000000+00:00
634,9,34.731,14.64291667,29.015,2026-07-19T15:21:30.0000000,UTC+02:00,2026-07-19T13:21:30.0000000+00:00
633,9,34.72965,14.63671667,28.944,2026-07-19T14:51:59.0000000,UTC+02:00,2026-07-19T12:51:59.0000000+00:00
632,9,34.72781667,14.63193333,29.02,2026-07-19T14:21:30.0000000,UTC+02:00,2026-07-19T12:21:30.0000000+00:00
631,9,34.72548333,14.62868333,28.847,2026-07-19T13:51:30.0000000,UTC+02:00,2026-07-19T11:51:30.0000000+00:00
630,9,34.72275,14.62636667,28.813,2026-07-19T13:21:52.0000000,UTC+02:00,2026-07-19T11:21:52.0000000+00:00
629,9,34.72003333,14.62601667,28.682,2026-07-19T12:51:30.0000000,UTC+02:00,2026-07-19T10:51:30.0000000+00:00
628,9,34.71805,14.62625,28.616,2026-07-19T12:21:30.0000000,UTC+02:00,2026-07-19T10:21:30.0000000+00:00
627,9,34.71696667,14.62753333,28.609,2026-07-19T11:51:31.0000000,UTC+02:00,2026-07-19T09:51:31.0000000+00:00
626,9,34.7168,14.62981667,28.615,2026-07-19T11:21:30.0000000,UTC+02:00,2026-07-19T09:21:30.0000000+00:00
625,9,34.7171,14.63275,28.605,2026-07-19T10:51:30.0000000,UTC+02:00,2026-07-19T08:51:30.0000000+00:00
624,9,34.7183,14.63581667,28.513,2026-07-19T10:21:30.0000000,UTC+02:00,2026-07-19T08:21:30.0000000+00:00
623,9,34.72028333,14.63921667,28.436,2026-07-19T09:51:31.0000000,UTC+02:00,2026-07-19T07:51:31.0000000+00:00
622,9,34.72263333,14.64263333,28.371,2026-07-19T09:21:30.0000000,UTC+02:00,2026-07-19T07:21:30.0000000+00:00
621,9,34.7257,14.6463,28.345,2026-07-19T08:51:56.0000000,UTC+02:00,2026-07-19T06:51:56.0000000+00:00
620,9,34.72986667,14.64978333,28.338,2026-07-19T08:21:30.0000000,UTC+02:00,2026-07-19T06:21:30.0000000+00:00
619,9,34.73515,14.65241667,28.328,2026-07-19T07:51:31.0000000,UTC+02:00,2026-07-19T05:51:31.0000000+00:00
618,9,34.74171667,14.65453333,28.328,2026-07-19T07:21:31.0000000,UTC+02:00,2026-07-19T05:21:31.0000000+00:00
617,9,34.74846667,14.6556,28.316,2026-07-19T06:51:30.0000000,UTC+02:00,2026-07-19T04:51:30.0000000+00:00
616,9,34.7554,14.65608333,28.318,2026-07-19T06:21:30.0000000,UTC+02:00,2026-07-19T04:21:30.0000000+00:00
615,9,34.76315,14.65618333,28.303,2026-07-19T05:51:30.0000000,UTC+02:00,2026-07-19T03:51:30.0000000+00:00
614,9,34.77056667,14.65511667,28.297,2026-07-19T05:21:31.0000000,UTC+02:00,2026-07-19T03:21:31.0000000+00:00
613,9,34.77763333,14.65315,28.271,2026-07-19T04:51:55.0000000,UTC+02:00,2026-07-19T02:51:55.0000000+00:00
612,9,34.7845,14.64985,28.227,2026-07-19T04:21:40.0000000,UTC+02:00,2026-07-19T02:21:40.0000000+00:00
611,9,34.79103333,14.64696667,28.24,2026-07-19T03:51:55.0000000,UTC+02:00,2026-07-19T01:51:55.0000000+00:00
610,9,34.79763333,14.64446667,28.228,2026-07-19T03:21:30.0000000,UTC+02:00,2026-07-19T01:21:30.0000000+00:00
609,9,34.80508333,14.64173333,28.227,2026-07-19T02:51:30.0000000,UTC+02:00,2026-07-19T00:51:30.0000000+00:00
608,9,34.81183333,14.63805,28.242,2026-07-19T02:21:50.0000000,UTC+02:00,2026-07-19T00:21:50.0000000+00:00
607,9,34.8185,14.63406667,28.242,2026-07-19T01:51:30.0000000,UTC+02:00,2026-07-18T23:51:30.0000000+00:00
606,9,34.82578333,14.62975,28.261,2026-07-19T01:21:30.0000000,UTC+02:00,2026-07-18T23:21:30.0000000+00:00
605,9,34.83306667,14.6239,28.254,2026-07-19T00:51:32.0000000,UTC+02:00,2026-07-18T22:51:32.0000000+00:00
604,9,34.83963333,14.61721667,28.276,2026-07-19T00:22:01.0000000,UTC+02:00,2026-07-18T22:22:01.0000000+00:00
603,9,34.84535,14.60943333,28.299,2026-07-18T23:51:31.0000000,UTC+02:00,2026-07-18T21:51:31.0000000+00:00
602,9,34.85071667,14.60176667,28.373,2026-07-18T23:21:30.0000000,UTC+02:00,2026-07-18T21:21:30.0000000+00:00
601,9,34.85551667,14.59393333,28.34,2026-07-18T22:51:30.0000000,UTC+02:00,2026-07-18T20:51:30.0000000+00:00
600,9,34.85981667,14.58515,28.384,2026-07-18T22:21:30.0000000,UTC+02:00,2026-07-18T20:21:30.0000000+00:00
599,9,34.8636,14.5762,28.469,2026-07-18T21:51:31.0000000,UTC+02:00,2026-07-18T19:51:31.0000000+00:00
598,9,34.86705,14.567,28.54,2026-07-18T21:21:30.0000000,UTC+02:00,2026-07-18T19:21:30.0000000+00:00
597,9,34.86995,14.55766667,28.602,2026-07-18T20:51:49.0000000,UTC+02:00,2026-07-18T18:51:49.0000000+00:00
596,9,34.87243333,14.54845,28.712,2026-07-18T20:21:30.0000000,UTC+02:00,2026-07-18T18:21:30.0000000+00:00
595,9,34.87463333,14.53891667,28.811,2026-07-18T19:51:31.0000000,UTC+02:00,2026-07-18T17:51:31.0000000+00:00
594,9,34.8764,14.52921667,28.935,2026-07-18T19:21:30.0000000,UTC+02:00,2026-07-18T17:21:30.0000000+00:00
593,9,34.878,14.52036667,29.003,2026-07-18T18:51:30.0000000,UTC+02:00,2026-07-18T16:51:30.0000000+00:00
592,9,34.8792,14.51173333,29.094,2026-07-18T18:21:30.0000000,UTC+02:00,2026-07-18T16:21:30.0000000+00:00
591,9,34.88038333,14.50378333,29.119,2026-07-18T17:51:31.0000000,UTC+02:00,2026-07-18T15:51:31.0000000+00:00
590,9,34.88128333,14.49703333,29.152,2026-07-18T17:21:30.0000000,UTC+02:00,2026-07-18T15:21:30.0000000+00:00
589,9,34.88231667,14.49101667,29.148,2026-07-18T16:51:31.0000000,UTC+02:00,2026-07-18T14:51:31.0000000+00:00
588,9,34.88388333,14.48485,29.239,2026-07-18T16:22:01.0000000,UTC+02:00,2026-07-18T14:22:01.0000000+00:00
587,9,34.88601667,14.47796667,29.35,2026-07-18T15:51:31.0000000,UTC+02:00,2026-07-18T13:51:31.0000000+00:00
586,9,34.88841667,14.47136667,29.404,2026-07-18T15:21:49.0000000,UTC+02:00,2026-07-18T13:21:49.0000000+00:00
585,9,34.89138333,14.46438333,29.419,2026-07-18T14:51:30.0000000,UTC+02:00,2026-07-18T12:51:30.0000000+00:00
584,9,34.89458333,14.45741667,29.5,2026-07-18T14:21:30.0000000,UTC+02:00,2026-07-18T12:21:30.0000000+00:00
583,9,34.89768333,14.45105,29.511,2026-07-18T13:51:31.0000000,UTC+02:00,2026-07-18T11:51:31.0000000+00:00
582,9,34.90088333,14.44453333,29.593,2026-07-18T13:21:30.0000000,UTC+02:00,2026-07-18T11:21:30.0000000+00:00
581,9,34.90405,14.43788333,29.432,2026-07-18T12:51:30.0000000,UTC+02:00,2026-07-18T10:51:30.0000000+00:00
580,9,34.90735,14.43168333,29.326,2026-07-18T12:21:30.0000000,UTC+02:00,2026-07-18T10:21:30.0000000+00:00
579,9,34.9112,14.42546667,29.285,2026-07-18T11:51:30.0000000,UTC+02:00,2026-07-18T09:51:30.0000000+00:00
578,9,34.91563333,14.42,29.21,2026-07-18T11:21:30.0000000,UTC+02:00,2026-07-18T09:21:30.0000000+00:00
577,9,34.92035,14.41511667,28.795,2026-07-18T10:51:30.0000000,UTC+02:00,2026-07-18T08:51:30.0000000+00:00
576,9,34.92536667,14.40995,28.439,2026-07-18T10:21:30.0000000,UTC+02:00,2026-07-18T08:21:30.0000000+00:00
575,9,34.93015,14.4044,28.137,2026-07-18T09:51:31.0000000,UTC+02:00,2026-07-18T07:51:31.0000000+00:00
574,9,34.93456667,14.39826667,27.961,2026-07-18T09:21:30.0000000,UTC+02:00,2026-07-18T07:21:30.0000000+00:00
573,9,34.9385,14.39273333,27.878,2026-07-18T08:51:30.0000000,UTC+02:00,2026-07-18T06:51:30.0000000+00:00
572,9,34.94228333,14.38813333,27.808,2026-07-18T08:21:30.0000000,UTC+02:00,2026-07-18T06:21:30.0000000+00:00
571,9,34.9467,14.38328333,27.771,2026-07-18T07:51:30.0000000,UTC+02:00,2026-07-18T05:51:30.0000000+00:00
570,9,34.95141667,14.378,27.774,2026-07-18T07:21:30.0000000,UTC+02:00,2026-07-18T05:21:30.0000000+00:00
569,9,34.9559,14.372,27.773,2026-07-18T06:51:31.0000000,UTC+02:00,2026-07-18T04:51:31.0000000+00:00
568,9,34.95995,14.36538333,27.782,2026-07-18T06:21:30.0000000,UTC+02:00,2026-07-18T04:21:30.0000000+00:00
567,9,34.96391667,14.35803333,27.778,2026-07-18T05:51:30.0000000,UTC+02:00,2026-07-18T03:51:30.0000000+00:00
566,9,34.96771667,14.35026667,27.789,2026-07-18T05:21:30.0000000,UTC+02:00,2026-07-18T03:21:30.0000000+00:00
565,9,34.97135,14.3416,27.82,2026-07-18T04:51:31.0000000,UTC+02:00,2026-07-18T02:51:31.0000000+00:00
564,9,34.97515,14.33218333,27.828,2026-07-18T04:21:30.0000000,UTC+02:00,2026-07-18T02:21:30.0000000+00:00
563,9,34.97905,14.32233333,27.848,2026-07-18T03:51:31.0000000,UTC+02:00,2026-07-18T01:51:31.0000000+00:00
562,9,34.98248333,14.312,27.868,2026-07-18T03:21:30.0000000,UTC+02:00,2026-07-18T01:21:30.0000000+00:00
561,9,34.98548333,14.30165,27.899,2026-07-18T02:51:30.0000000,UTC+02:00,2026-07-18T00:51:30.0000000+00:00
560,9,34.98708333,14.29108333,27.917,2026-07-18T02:21:30.0000000,UTC+02:00,2026-07-18T00:21:30.0000000+00:00
559,9,34.98715,14.28063333,27.927,2026-07-18T01:51:31.0000000,UTC+02:00,2026-07-17T23:51:31.0000000+00:00
558,9,34.98701667,14.27045,27.966,2026-07-18T01:21:35.0000000,UTC+02:00,2026-07-17T23:21:35.0000000+00:00
557,9,34.9861,14.26108333,28.02,2026-07-18T00:51:30.0000000,UTC+02:00,2026-07-17T22:51:30.0000000+00:00
556,9,34.98421667,14.25276667,28.071,2026-07-18T00:21:30.0000000,UTC+02:00,2026-07-17T22:21:30.0000000+00:00
555,9,34.98176667,14.2449,28.129,2026-07-17T23:51:30.0000000,UTC+02:00,2026-07-17T21:51:30.0000000+00:00
554,9,34.97955,14.23761667,28.173,2026-07-17T23:21:30.0000000,UTC+02:00,2026-07-17T21:21:30.0000000+00:00
553,9,34.97728333,14.23055,28.243,2026-07-17T22:51:30.0000000,UTC+02:00,2026-07-17T20:51:30.0000000+00:00
552,9,34.97471667,14.22445,28.297,2026-07-17T22:21:30.0000000,UTC+02:00,2026-07-17T20:21:30.0000000+00:00
551,9,34.97153333,14.2199,28.326,2026-07-17T21:51:30.0000000,UTC+02:00,2026-07-17T19:51:30.0000000+00:00
550,9,34.96865,14.2162,28.423,2026-07-17T21:21:30.0000000,UTC+02:00,2026-07-17T19:21:30.0000000+00:00
549,9,34.96596667,14.21318333,28.456,2026-07-17T20:51:30.0000000,UTC+02:00,2026-07-17T18:51:30.0000000+00:00
548,9,34.96348333,14.21046667,28.52,2026-07-17T20:21:30.0000000,UTC+02:00,2026-07-17T18:21:30.0000000+00:00
547,9,34.961,14.20878333,28.586,2026-07-17T19:51:30.0000000,UTC+02:00,2026-07-17T17:51:30.0000000+00:00
546,9,34.95838333,14.20855,28.641,2026-07-17T19:22:01.0000000,UTC+02:00,2026-07-17T17:22:01.0000000+00:00
545,9,34.95566667,14.20941667,28.72,2026-07-17T18:51:30.0000000,UTC+02:00,2026-07-17T16:51:30.0000000+00:00
544,9,34.95343333,14.2112,28.746,2026-07-17T18:21:30.0000000,UTC+02:00,2026-07-17T16:21:30.0000000+00:00
543,9,34.95193333,14.21378333,28.703,2026-07-17T17:51:30.0000000,UTC+02:00,2026-07-17T15:51:30.0000000+00:00
542,9,34.95155,14.2173,28.7,2026-07-17T17:21:30.0000000,UTC+02:00,2026-07-17T15:21:30.0000000+00:00
541,9,34.9526,14.2215,28.823,2026-07-17T16:51:31.0000000,UTC+02:00,2026-07-17T14:51:31.0000000+00:00
540,9,34.95455,14.22608333,28.764,2026-07-17T16:21:30.0000000,UTC+02:00,2026-07-17T14:21:30.0000000+00:00
539,9,34.95685,14.23066667,28.745,2026-07-17T15:51:30.0000000,UTC+02:00,2026-07-17T13:51:30.0000000+00:00
538,9,34.96031667,14.23471667,28.697,2026-07-17T15:21:30.0000000,UTC+02:00,2026-07-17T13:21:30.0000000+00:00
537,9,34.96491667,14.23813333,28.649,2026-07-17T14:51:30.0000000,UTC+02:00,2026-07-17T12:51:30.0000000+00:00
536,9,34.97035,14.24068333,28.491,2026-07-17T14:21:30.0000000,UTC+02:00,2026-07-17T12:21:30.0000000+00:00
535,9,34.97673333,14.242,28.469,2026-07-17T13:51:30.0000000,UTC+02:00,2026-07-17T11:51:30.0000000+00:00
534,9,34.98363333,14.24231667,28.428,2026-07-17T13:21:30.0000000,UTC+02:00,2026-07-17T11:21:30.0000000+00:00
533,9,34.99088333,14.24115,28.26,2026-07-17T12:51:30.0000000,UTC+02:00,2026-07-17T10:51:30.0000000+00:00
532,9,34.99895,14.23828333,28.042,2026-07-17T12:21:40.0000000,UTC+02:00,2026-07-17T10:21:40.0000000+00:00
531,9,35.00706667,14.2346,28.036,2026-07-17T11:51:30.0000000,UTC+02:00,2026-07-17T09:51:30.0000000+00:00
530,9,35.01423333,14.23041667,27.982,2026-07-17T11:21:30.0000000,UTC+02:00,2026-07-17T09:21:30.0000000+00:00
529,9,35.02075,14.22583333,27.854,2026-07-17T10:51:30.0000000,UTC+02:00,2026-07-17T08:51:30.0000000+00:00
528,9,35.02656667,14.22083333,27.761,2026-07-17T10:21:30.0000000,UTC+02:00,2026-07-17T08:21:30.0000000+00:00
527,9,35.03215,14.2149,27.673,2026-07-17T09:51:30.0000000,UTC+02:00,2026-07-17T07:51:30.0000000+00:00
526,9,35.03763333,14.20891667,27.662,2026-07-17T09:21:30.0000000,UTC+02:00,2026-07-17T07:21:30.0000000+00:00
525,9,35.04248333,14.20295,27.66,2026-07-17T08:51:31.0000000,UTC+02:00,2026-07-17T06:51:31.0000000+00:00
524,9,35.04666667,14.19681667,27.77,2026-07-17T08:21:30.0000000,UTC+02:00,2026-07-17T06:21:30.0000000+00:00
523,9,35.05035,14.19036667,27.726,2026-07-17T07:51:30.0000000,UTC+02:00,2026-07-17T05:51:30.0000000+00:00
522,9,35.05346667,14.18438333,27.691,2026-07-17T07:21:31.0000000,UTC+02:00,2026-07-17T05:21:31.0000000+00:00
521,9,35.05625,14.17916667,27.669,2026-07-17T06:51:31.0000000,UTC+02:00,2026-07-17T04:51:31.0000000+00:00
520,9,35.05891667,14.17378333,27.6,2026-07-17T06:21:30.0000000,UTC+02:00,2026-07-17T04:21:30.0000000+00:00
519,9,35.06138333,14.1687,27.607,2026-07-17T05:51:30.0000000,UTC+02:00,2026-07-17T03:51:30.0000000+00:00
518,9,35.06328333,14.16376667,27.632,2026-07-17T05:21:30.0000000,UTC+02:00,2026-07-17T03:21:30.0000000+00:00
517,9,35.06556667,14.15916667,27.649,2026-07-17T04:52:06.0000000,UTC+02:00,2026-07-17T02:52:06.0000000+00:00
516,9,35.06801667,14.15466667,27.692,2026-07-17T04:21:31.0000000,UTC+02:00,2026-07-17T02:21:31.0000000+00:00
515,9,35.07023333,14.15073333,27.708,2026-07-17T03:53:01.0000000,UTC+02:00,2026-07-17T01:53:01.0000000+00:00
514,9,35.07278333,14.1468,27.786,2026-07-17T03:21:30.0000000,UTC+02:00,2026-07-17T01:21:30.0000000+00:00
513,9,35.07515,14.14378333,27.766,2026-07-17T02:51:55.0000000,UTC+02:00,2026-07-17T00:51:55.0000000+00:00
512,9,35.07778333,14.14105,27.874,2026-07-17T02:21:31.0000000,UTC+02:00,2026-07-17T00:21:31.0000000+00:00
511,9,35.0804,14.13855,27.933,2026-07-17T01:51:31.0000000,UTC+02:00,2026-07-16T23:51:31.0000000+00:00
510,9,35.08363333,14.13658333,28.07,2026-07-17T01:21:38.0000000,UTC+02:00,2026-07-16T23:21:38.0000000+00:00
509,9,35.087,14.13536667,28.156,2026-07-17T00:51:30.0000000,UTC+02:00,2026-07-16T22:51:30.0000000+00:00
508,9,35.09025,14.13411667,28.256,2026-07-17T00:21:30.0000000,UTC+02:00,2026-07-16T22:21:30.0000000+00:00
507,9,35.09445,14.13318333,28.33,2026-07-16T23:51:30.0000000,UTC+02:00,2026-07-16T21:51:30.0000000+00:00
506,9,35.09956667,14.13196667,28.354,2026-07-16T23:21:31.0000000,UTC+02:00,2026-07-16T21:21:31.0000000+00:00
505,9,35.10521667,14.13053333,28.371,2026-07-16T22:51:30.0000000,UTC+02:00,2026-07-16T20:51:30.0000000+00:00
504,9,35.11153333,14.12858333,28.435,2026-07-16T22:21:30.0000000,UTC+02:00,2026-07-16T20:21:30.0000000+00:00
503,9,35.1183,14.12578333,28.427,2026-07-16T21:51:31.0000000,UTC+02:00,2026-07-16T19:51:31.0000000+00:00
502,9,35.12521667,14.12213333,28.422,2026-07-16T21:21:49.0000000,UTC+02:00,2026-07-16T19:21:49.0000000+00:00
501,9,35.1322,14.1181,28.573,2026-07-16T20:51:30.0000000,UTC+02:00,2026-07-16T18:51:30.0000000+00:00
500,9,35.13906667,14.11351667,28.584,2026-07-16T20:21:30.0000000,UTC+02:00,2026-07-16T18:21:30.0000000+00:00
499,9,35.1459,14.10856667,28.75,2026-07-16T19:51:30.0000000,UTC+02:00,2026-07-16T17:51:30.0000000+00:00
498,9,35.15181667,14.10315,28.645,2026-07-16T19:21:30.0000000,UTC+02:00,2026-07-16T17:21:30.0000000+00:00
497,9,35.15723333,14.09668333,28.687,2026-07-16T18:51:30.0000000,UTC+02:00,2026-07-16T16:51:30.0000000+00:00
496,9,35.1622,14.09025,28.973,2026-07-16T18:21:30.0000000,UTC+02:00,2026-07-16T16:21:30.0000000+00:00
495,9,35.16686667,14.08405,29.094,2026-07-16T17:51:30.0000000,UTC+02:00,2026-07-16T15:51:30.0000000+00:00
494,9,35.17153333,14.07828333,29.593,2026-07-16T17:21:30.0000000,UTC+02:00,2026-07-16T15:21:30.0000000+00:00
493,9,35.17578333,14.07275,30.277,2026-07-16T16:51:31.0000000,UTC+02:00,2026-07-16T14:51:31.0000000+00:00
492,9,35.17813333,14.06726667,30.321,2026-07-16T16:21:30.0000000,UTC+02:00,2026-07-16T14:21:30.0000000+00:00
491,9,35.17925,14.06253333,30.953,2026-07-16T15:51:30.0000000,UTC+02:00,2026-07-16T13:51:30.0000000+00:00
490,9,35.17871667,14.05873333,30.3,2026-07-16T15:21:30.0000000,UTC+02:00,2026-07-16T13:21:30.0000000+00:00
489,9,35.17791667,14.05613333,30.538,2026-07-16T14:51:30.0000000,UTC+02:00,2026-07-16T12:51:30.0000000+00:00
488,9,35.17698333,14.05521667,29.646,2026-07-16T14:21:30.0000000,UTC+02:00,2026-07-16T12:21:30.0000000+00:00
487,9,35.17648333,14.05585,28.609,2026-07-16T13:51:30.0000000,UTC+02:00,2026-07-16T11:51:30.0000000+00:00
486,9,35.17621667,14.05788333,28.577,2026-07-16T13:21:30.0000000,UTC+02:00,2026-07-16T11:21:30.0000000+00:00
485,9,35.17715,14.0615,28.444,2026-07-16T12:51:30.0000000,UTC+02:00,2026-07-16T10:51:30.0000000+00:00
484,9,35.17941667,14.06583333,28.235,2026-07-16T12:21:30.0000000,UTC+02:00,2026-07-16T10:21:30.0000000+00:00
483,9,35.18255,14.07005,27.881,2026-07-16T11:51:30.0000000,UTC+02:00,2026-07-16T09:51:30.0000000+00:00
482,9,35.18653333,14.0742,27.545,2026-07-16T11:21:30.0000000,UTC+02:00,2026-07-16T09:21:30.0000000+00:00
481,9,35.19126667,14.07788333,27.371,2026-07-16T10:51:30.0000000,UTC+02:00,2026-07-16T08:51:30.0000000+00:00
480,9,35.19655,14.0813,27.159,2026-07-16T10:21:30.0000000,UTC+02:00,2026-07-16T08:21:30.0000000+00:00
479,9,35.20136667,14.08368333,27.029,2026-07-16T09:51:30.0000000,UTC+02:00,2026-07-16T07:51:30.0000000+00:00
478,9,35.20573333,14.08496667,26.946,2026-07-16T09:21:31.0000000,UTC+02:00,2026-07-16T07:21:31.0000000+00:00
477,9,35.20976667,14.08525,26.887,2026-07-16T08:51:31.0000000,UTC+02:00,2026-07-16T06:51:31.0000000+00:00
476,9,35.21351667,14.0862,26.863,2026-07-16T08:21:30.0000000,UTC+02:00,2026-07-16T06:21:30.0000000+00:00
475,9,35.21751667,14.08775,26.845,2026-07-16T07:51:30.0000000,UTC+02:00,2026-07-16T05:51:30.0000000+00:00
474,9,35.22161667,14.08958333,26.849,2026-07-16T07:21:49.0000000,UTC+02:00,2026-07-16T05:21:49.0000000+00:00
473,9,35.22531667,14.09166667,26.851,2026-07-16T06:51:31.0000000,UTC+02:00,2026-07-16T04:51:31.0000000+00:00
472,9,35.22863333,14.09383333,26.875,2026-07-16T06:21:31.0000000,UTC+02:00,2026-07-16T04:21:31.0000000+00:00
471,9,35.23145,14.09601667,26.867,2026-07-16T05:51:30.0000000,UTC+02:00,2026-07-16T03:51:30.0000000+00:00
470,9,35.23381667,14.09788333,26.887,2026-07-16T05:21:30.0000000,UTC+02:00,2026-07-16T03:21:30.0000000+00:00
469,9,35.23636667,14.10031667,26.901,2026-07-16T04:51:33.0000000,UTC+02:00,2026-07-16T02:51:33.0000000+00:00
468,9,35.23936667,14.10323333,26.909,2026-07-16T04:21:30.0000000,UTC+02:00,2026-07-16T02:21:30.0000000+00:00
467,9,35.24278333,14.10635,26.907,2026-07-16T03:51:36.0000000,UTC+02:00,2026-07-16T01:51:36.0000000+00:00
466,9,35.24648333,14.1093,26.935,2026-07-16T03:21:30.0000000,UTC+02:00,2026-07-16T01:21:30.0000000+00:00
465,9,35.2501,14.11195,26.956,2026-07-16T02:51:30.0000000,UTC+02:00,2026-07-16T00:51:30.0000000+00:00
464,9,35.25403333,14.11446667,26.962,2026-07-16T02:21:30.0000000,UTC+02:00,2026-07-16T00:21:30.0000000+00:00
463,9,35.25846667,14.11658333,26.965,2026-07-16T01:51:55.0000000,UTC+02:00,2026-07-15T23:51:55.0000000+00:00
462,9,35.26336667,14.11793333,26.962,2026-07-16T01:21:30.0000000,UTC+02:00,2026-07-15T23:21:30.0000000+00:00
461,9,35.26833333,14.119,26.97,2026-07-16T00:51:30.0000000,UTC+02:00,2026-07-15T22:51:30.0000000+00:00
460,9,35.27353333,14.1193,26.993,2026-07-16T00:21:30.0000000,UTC+02:00,2026-07-15T22:21:30.0000000+00:00
459,9,35.2786,14.11933333,26.982,2026-07-15T23:51:32.0000000,UTC+02:00,2026-07-15T21:51:32.0000000+00:00
458,9,35.28381667,14.11863333,27.005,2026-07-15T23:21:49.0000000,UTC+02:00,2026-07-15T21:21:49.0000000+00:00
457,9,35.28906667,14.11738333,27.052,2026-07-15T22:51:30.0000000,UTC+02:00,2026-07-15T20:51:30.0000000+00:00
456,9,35.29411667,14.1159,27.047,2026-07-15T22:21:30.0000000,UTC+02:00,2026-07-15T20:21:30.0000000+00:00
455,9,35.29873333,14.11383333,27.038,2026-07-15T21:51:31.0000000,UTC+02:00,2026-07-15T19:51:31.0000000+00:00
454,9,35.30331667,14.11078333,27.147,2026-07-15T21:21:30.0000000,UTC+02:00,2026-07-15T19:21:30.0000000+00:00
453,9,35.30776667,14.10726667,27.185,2026-07-15T20:51:30.0000000,UTC+02:00,2026-07-15T18:51:30.0000000+00:00
452,9,35.31136667,14.1032,27.277,2026-07-15T20:21:31.0000000,UTC+02:00,2026-07-15T18:21:31.0000000+00:00
451,9,35.31431667,14.09885,27.295,2026-07-15T19:51:30.0000000,UTC+02:00,2026-07-15T17:51:30.0000000+00:00
450,9,35.3167,14.0941,27.362,2026-07-15T19:21:31.0000000,UTC+02:00,2026-07-15T17:21:31.0000000+00:00
449,9,35.3187,14.08936667,27.357,2026-07-15T18:51:32.0000000,UTC+02:00,2026-07-15T16:51:32.0000000+00:00
448,9,35.32008333,14.08475,27.39,2026-07-15T18:21:30.0000000,UTC+02:00,2026-07-15T16:21:30.0000000+00:00
447,9,35.32131667,14.0803,27.456,2026-07-15T17:51:30.0000000,UTC+02:00,2026-07-15T15:51:30.0000000+00:00
446,9,35.32261667,14.07605,27.514,2026-07-15T17:21:30.0000000,UTC+02:00,2026-07-15T15:21:30.0000000+00:00
445,9,35.32375,14.07261667,27.526,2026-07-15T16:51:33.0000000,UTC+02:00,2026-07-15T14:51:33.0000000+00:00
444,9,35.32486667,14.06921667,27.514,2026-07-15T16:21:30.0000000,UTC+02:00,2026-07-15T14:21:30.0000000+00:00
443,9,35.32581667,14.06588333,27.505,2026-07-15T15:51:30.0000000,UTC+02:00,2026-07-15T13:51:30.0000000+00:00
442,9,35.3267,14.06306667,27.429,2026-07-15T15:21:31.0000000,UTC+02:00,2026-07-15T13:21:31.0000000+00:00
441,9,35.32775,14.06088333,27.406,2026-07-15T14:51:30.0000000,UTC+02:00,2026-07-15T12:51:30.0000000+00:00
440,9,35.32885,14.05973333,27.314,2026-07-15T14:21:30.0000000,UTC+02:00,2026-07-15T12:21:30.0000000+00:00
439,9,35.3302,14.0587,27.418,2026-07-15T13:51:30.0000000,UTC+02:00,2026-07-15T11:51:30.0000000+00:00
438,9,35.33203333,14.05791667,27.452,2026-07-15T13:21:30.0000000,UTC+02:00,2026-07-15T11:21:30.0000000+00:00
437,9,35.33396667,14.0572,27.472,2026-07-15T12:51:30.0000000,UTC+02:00,2026-07-15T10:51:30.0000000+00:00
436,9,35.33605,14.05588333,27.437,2026-07-15T12:21:30.0000000,UTC+02:00,2026-07-15T10:21:30.0000000+00:00
435,9,35.33806667,14.0544,27.368,2026-07-15T11:51:30.0000000,UTC+02:00,2026-07-15T09:51:30.0000000+00:00
434,9,35.33995,14.05261667,27.32,2026-07-15T11:21:30.0000000,UTC+02:00,2026-07-15T09:21:30.0000000+00:00
433,9,35.34135,14.05058333,27.206,2026-07-15T10:51:30.0000000,UTC+02:00,2026-07-15T08:51:30.0000000+00:00
432,9,35.34266667,14.04911667,27.114,2026-07-15T10:21:30.0000000,UTC+02:00,2026-07-15T08:21:30.0000000+00:00
431,9,35.34405,14.04861667,27.004,2026-07-15T09:52:01.0000000,UTC+02:00,2026-07-15T07:52:01.0000000+00:00
430,9,35.34573333,14.04823333,26.936,2026-07-15T09:21:30.0000000,UTC+02:00,2026-07-15T07:21:30.0000000+00:00
429,9,35.34756667,14.04835,26.899,2026-07-15T08:51:30.0000000,UTC+02:00,2026-07-15T06:51:30.0000000+00:00
428,9,35.34966667,14.04811667,26.939,2026-07-15T08:21:30.0000000,UTC+02:00,2026-07-15T06:21:30.0000000+00:00
427,9,35.35185,14.04751667,26.934,2026-07-15T07:51:33.0000000,UTC+02:00,2026-07-15T05:51:33.0000000+00:00
426,9,35.35453333,14.04723333,26.934,2026-07-15T07:21:30.0000000,UTC+02:00,2026-07-15T05:21:30.0000000+00:00
425,9,35.35748333,14.04675,26.954,2026-07-15T06:51:31.0000000,UTC+02:00,2026-07-15T04:51:31.0000000+00:00
424,9,35.36058333,14.04618333,27.005,2026-07-15T06:21:31.0000000,UTC+02:00,2026-07-15T04:21:31.0000000+00:00
423,9,35.36323333,14.04515,27.033,2026-07-15T05:51:55.0000000,UTC+02:00,2026-07-15T03:51:55.0000000+00:00
422,9,35.36588333,14.04343333,27.092,2026-07-15T05:21:30.0000000,UTC+02:00,2026-07-15T03:21:30.0000000+00:00
421,9,35.36888333,14.04211667,27.119,2026-07-15T04:51:33.0000000,UTC+02:00,2026-07-15T02:51:33.0000000+00:00
420,9,35.37238333,14.04073333,27.145,2026-07-15T04:21:30.0000000,UTC+02:00,2026-07-15T02:21:30.0000000+00:00
419,9,35.37505,14.03871667,27.183,2026-07-15T03:51:31.0000000,UTC+02:00,2026-07-15T01:51:31.0000000+00:00
418,9,35.37761667,14.0372,27.192,2026-07-15T03:21:34.0000000,UTC+02:00,2026-07-15T01:21:34.0000000+00:00
417,9,35.38006667,14.0355,27.248,2026-07-15T02:51:31.0000000,UTC+02:00,2026-07-15T00:51:31.0000000+00:00
416,9,35.382,14.03343333,27.281,2026-07-15T02:21:30.0000000,UTC+02:00,2026-07-15T00:21:30.0000000+00:00
415,9,35.38371667,14.03148333,27.315,2026-07-15T01:51:31.0000000,UTC+02:00,2026-07-14T23:51:31.0000000+00:00
414,9,35.38501667,14.02956667,27.331,2026-07-15T01:21:49.0000000,UTC+02:00,2026-07-14T23:21:49.0000000+00:00
413,9,35.38605,14.0277,27.38,2026-07-15T00:51:32.0000000,UTC+02:00,2026-07-14T22:51:32.0000000+00:00
412,9,35.38733333,14.02571667,27.383,2026-07-15T00:22:03.0000000,UTC+02:00,2026-07-14T22:22:03.0000000+00:00
411,9,35.38901667,14.0239,27.42,2026-07-14T23:51:30.0000000,UTC+02:00,2026-07-14T21:51:30.0000000+00:00
410,9,35.39111667,14.02251667,27.492,2026-07-14T23:21:30.0000000,UTC+02:00,2026-07-14T21:21:30.0000000+00:00
409,9,35.39323333,14.02126667,27.538,2026-07-14T22:51:30.0000000,UTC+02:00,2026-07-14T20:51:30.0000000+00:00
408,9,35.39516667,14.01966667,27.572,2026-07-14T22:21:49.0000000,UTC+02:00,2026-07-14T20:21:49.0000000+00:00
407,9,35.39695,14.01796667,27.608,2026-07-14T21:51:30.0000000,UTC+02:00,2026-07-14T19:51:30.0000000+00:00
406,9,35.39811667,14.01671667,27.646,2026-07-14T21:21:31.0000000,UTC+02:00,2026-07-14T19:21:31.0000000+00:00
405,9,35.39883333,14.01573333,27.621,2026-07-14T20:51:31.0000000,UTC+02:00,2026-07-14T18:51:31.0000000+00:00
404,9,35.39943333,14.01518333,27.715,2026-07-14T20:21:30.0000000,UTC+02:00,2026-07-14T18:21:30.0000000+00:00
403,9,35.39983333,14.0148,27.765,2026-07-14T19:51:30.0000000,UTC+02:00,2026-07-14T17:51:30.0000000+00:00
402,9,35.40005,14.01443333,27.838,2026-07-14T19:21:49.0000000,UTC+02:00,2026-07-14T17:21:49.0000000+00:00
401,9,35.40003333,14.0147,27.882,2026-07-14T18:51:30.0000000,UTC+02:00,2026-07-14T16:51:30.0000000+00:00
400,9,35.39965,14.01561667,27.96,2026-07-14T18:21:30.0000000,UTC+02:00,2026-07-14T16:21:30.0000000+00:00
399,9,35.39943333,14.01723333,28.04,2026-07-14T17:51:31.0000000,UTC+02:00,2026-07-14T15:51:31.0000000+00:00
398,9,35.39948333,14.01965,28.122,2026-07-14T17:21:30.0000000,UTC+02:00,2026-07-14T15:21:30.0000000+00:00
397,9,35.39985,14.02233333,28.202,2026-07-14T16:51:35.0000000,UTC+02:00,2026-07-14T14:51:35.0000000+00:00
396,9,35.40078333,14.02541667,28.168,2026-07-14T16:21:30.0000000,UTC+02:00,2026-07-14T14:21:30.0000000+00:00
395,9,35.40245,14.02925,28.064,2026-07-14T15:51:30.0000000,UTC+02:00,2026-07-14T13:51:30.0000000+00:00
394,9,35.40483333,14.0338,27.931,2026-07-14T15:21:30.0000000,UTC+02:00,2026-07-14T13:21:30.0000000+00:00
393,9,35.4076,14.03841667,27.858,2026-07-14T14:51:30.0000000,UTC+02:00,2026-07-14T12:51:30.0000000+00:00
392,9,35.4112,14.0431,27.794,2026-07-14T14:21:30.0000000,UTC+02:00,2026-07-14T12:21:30.0000000+00:00
391,9,35.41526667,14.04725,27.735,2026-07-14T13:51:30.0000000,UTC+02:00,2026-07-14T11:51:30.0000000+00:00
390,9,35.41946667,14.0509,27.78,2026-07-14T13:21:30.0000000,UTC+02:00,2026-07-14T11:21:30.0000000+00:00
389,9,35.42391667,14.05451667,27.796,2026-07-14T12:51:30.0000000,UTC+02:00,2026-07-14T10:51:30.0000000+00:00
388,9,35.42846667,14.05811667,27.561,2026-07-14T12:21:30.0000000,UTC+02:00,2026-07-14T10:21:30.0000000+00:00
387,9,35.43286667,14.06148333,27.359,2026-07-14T11:51:30.0000000,UTC+02:00,2026-07-14T09:51:30.0000000+00:00
386,9,35.43743333,14.06443333,27.192,2026-07-14T11:21:30.0000000,UTC+02:00,2026-07-14T09:21:30.0000000+00:00
385,9,35.44191667,14.06676667,27.087,2026-07-14T10:51:30.0000000,UTC+02:00,2026-07-14T08:51:30.0000000+00:00
384,9,35.44636667,14.06886667,26.963,2026-07-14T10:21:31.0000000,UTC+02:00,2026-07-14T08:21:31.0000000+00:00
383,9,35.45121667,14.07098333,26.889,2026-07-14T09:51:32.0000000,UTC+02:00,2026-07-14T07:51:32.0000000+00:00
382,9,35.45571667,14.0731,26.841,2026-07-14T09:21:30.0000000,UTC+02:00,2026-07-14T07:21:30.0000000+00:00
381,9,35.46028333,14.0752,26.789,2026-07-14T08:51:30.0000000,UTC+02:00,2026-07-14T06:51:30.0000000+00:00
380,9,35.4645,14.07696667,26.727,2026-07-14T08:21:30.0000000,UTC+02:00,2026-07-14T06:21:30.0000000+00:00
379,9,35.46843333,14.07858333,26.685,2026-07-14T07:51:30.0000000,UTC+02:00,2026-07-14T05:51:30.0000000+00:00
378,9,35.47286667,14.0801,26.679,2026-07-14T07:21:30.0000000,UTC+02:00,2026-07-14T05:21:30.0000000+00:00
377,9,35.4771,14.08073333,26.686,2026-07-14T06:51:30.0000000,UTC+02:00,2026-07-14T04:51:30.0000000+00:00
376,9,35.48108333,14.08116667,26.698,2026-07-14T06:21:30.0000000,UTC+02:00,2026-07-14T04:21:30.0000000+00:00
375,9,35.48486667,14.08133333,26.688,2026-07-14T05:51:30.0000000,UTC+02:00,2026-07-14T03:51:30.0000000+00:00
374,9,35.4886,14.08158333,26.707,2026-07-14T05:21:31.0000000,UTC+02:00,2026-07-14T03:21:31.0000000+00:00
373,9,35.4924,14.08166667,26.709,2026-07-14T04:51:30.0000000,UTC+02:00,2026-07-14T02:51:30.0000000+00:00
372,9,35.49613333,14.08175,26.714,2026-07-14T04:21:30.0000000,UTC+02:00,2026-07-14T02:21:30.0000000+00:00
371,9,35.49971667,14.0815,26.715,2026-07-14T03:51:31.0000000,UTC+02:00,2026-07-14T01:51:31.0000000+00:00
370,9,35.50268333,14.08105,26.741,2026-07-14T03:21:31.0000000,UTC+02:00,2026-07-14T01:21:31.0000000+00:00
369,9,35.50511667,14.08001667,26.713,2026-07-14T02:51:56.0000000,UTC+02:00,2026-07-14T00:51:56.0000000+00:00
368,9,35.50731667,14.07878333,26.711,2026-07-14T02:22:01.0000000,UTC+02:00,2026-07-14T00:22:01.0000000+00:00
367,9,35.50923333,14.07705,26.727,2026-07-14T01:52:01.0000000,UTC+02:00,2026-07-13T23:52:01.0000000+00:00
366,9,35.51048333,14.07513333,26.741,2026-07-14T01:21:31.0000000,UTC+02:00,2026-07-13T23:21:31.0000000+00:00
365,9,35.51081667,14.07325,26.777,2026-07-14T00:51:31.0000000,UTC+02:00,2026-07-13T22:51:31.0000000+00:00
364,9,35.51046667,14.07088333,26.778,2026-07-14T00:21:31.0000000,UTC+02:00,2026-07-13T22:21:31.0000000+00:00
363,9,35.50983333,14.06863333,26.78,2026-07-13T23:51:30.0000000,UTC+02:00,2026-07-13T21:51:30.0000000+00:00
362,9,35.50855,14.06666667,26.799,2026-07-13T23:21:30.0000000,UTC+02:00,2026-07-13T21:21:30.0000000+00:00
361,9,35.50673333,14.06535,26.806,2026-07-13T22:51:30.0000000,UTC+02:00,2026-07-13T20:51:30.0000000+00:00
360,9,35.50425,14.06441667,26.803,2026-07-13T22:21:31.0000000,UTC+02:00,2026-07-13T20:21:31.0000000+00:00
359,9,35.50081667,14.06403333,26.841,2026-07-13T21:51:30.0000000,UTC+02:00,2026-07-13T19:51:30.0000000+00:00
358,9,35.4968,14.0647,26.825,2026-07-13T21:21:31.0000000,UTC+02:00,2026-07-13T19:21:31.0000000+00:00
357,9,35.49205,14.06685,26.876,2026-07-13T20:51:30.0000000,UTC+02:00,2026-07-13T18:51:30.0000000+00:00
356,9,35.48655,14.07018333,26.904,2026-07-13T20:21:31.0000000,UTC+02:00,2026-07-13T18:21:31.0000000+00:00
355,9,35.48073333,14.07448333,26.939,2026-07-13T19:51:31.0000000,UTC+02:00,2026-07-13T17:51:31.0000000+00:00
354,9,35.4754,14.07973333,26.932,2026-07-13T19:21:30.0000000,UTC+02:00,2026-07-13T17:21:30.0000000+00:00
353,9,35.47018333,14.0856,26.931,2026-07-13T18:51:30.0000000,UTC+02:00,2026-07-13T16:51:30.0000000+00:00
352,9,35.4652,14.09246667,26.933,2026-07-13T18:21:32.0000000,UTC+02:00,2026-07-13T16:21:32.0000000+00:00
351,9,35.46093333,14.10018333,27.001,2026-07-13T17:51:31.0000000,UTC+02:00,2026-07-13T15:51:31.0000000+00:00
350,9,35.45728333,14.10901667,27.015,2026-07-13T17:21:30.0000000,UTC+02:00,2026-07-13T15:21:30.0000000+00:00
349,9,35.45413333,14.11881667,27.022,2026-07-13T16:51:33.0000000,UTC+02:00,2026-07-13T14:51:33.0000000+00:00
348,9,35.45216667,14.1294,27.034,2026-07-13T16:21:31.0000000,UTC+02:00,2026-07-13T14:21:31.0000000+00:00
347,9,35.45145,14.14046667,27.009,2026-07-13T15:51:49.0000000,UTC+02:00,2026-07-13T13:51:49.0000000+00:00
346,9,35.45185,14.15196667,26.98,2026-07-13T15:21:30.0000000,UTC+02:00,2026-07-13T13:21:30.0000000+00:00
345,9,35.45321667,14.1627,26.915,2026-07-13T14:51:30.0000000,UTC+02:00,2026-07-13T12:51:30.0000000+00:00
344,9,35.4557,14.17345,26.886,2026-07-13T14:21:31.0000000,UTC+02:00,2026-07-13T12:21:31.0000000+00:00
343,9,35.45893333,14.18411667,26.879,2026-07-13T13:51:30.0000000,UTC+02:00,2026-07-13T11:51:30.0000000+00:00
342,9,35.46318333,14.19415,26.813,2026-07-13T13:21:31.0000000,UTC+02:00,2026-07-13T11:21:31.0000000+00:00
341,9,35.46848333,14.20343333,26.759,2026-07-13T12:51:30.0000000,UTC+02:00,2026-07-13T10:51:30.0000000+00:00
340,9,35.47485,14.21131667,26.698,2026-07-13T12:21:30.0000000,UTC+02:00,2026-07-13T10:21:30.0000000+00:00
339,9,35.48148333,14.21831667,26.695,2026-07-13T11:51:31.0000000,UTC+02:00,2026-07-13T09:51:31.0000000+00:00
338,9,35.48798333,14.22481667,26.653,2026-07-13T11:21:30.0000000,UTC+02:00,2026-07-13T09:21:30.0000000+00:00
337,9,35.49406667,14.23001667,26.611,2026-07-13T10:51:31.0000000,UTC+02:00,2026-07-13T08:51:31.0000000+00:00
336,9,35.49971667,14.23396667,26.57,2026-07-13T10:21:31.0000000,UTC+02:00,2026-07-13T08:21:31.0000000+00:00
335,9,35.50516667,14.23726667,26.54,2026-07-13T09:51:30.0000000,UTC+02:00,2026-07-13T07:51:30.0000000+00:00
334,9,35.51026667,14.23971667,26.497,2026-07-13T09:21:59.0000000,UTC+02:00,2026-07-13T07:21:59.0000000+00:00
333,9,35.51546667,14.24165,26.478,2026-07-13T08:51:31.0000000,UTC+02:00,2026-07-13T06:51:31.0000000+00:00
332,9,35.5204,14.24306667,26.47,2026-07-13T08:21:30.0000000,UTC+02:00,2026-07-13T06:21:30.0000000+00:00
331,9,35.52498333,14.24441667,26.486,2026-07-13T07:51:30.0000000,UTC+02:00,2026-07-13T05:51:30.0000000+00:00
330,9,35.52935,14.24556667,26.481,2026-07-13T07:21:30.0000000,UTC+02:00,2026-07-13T05:21:30.0000000+00:00
329,9,35.5337,14.24576667,26.488,2026-07-13T06:52:01.0000000,UTC+02:00,2026-07-13T04:52:01.0000000+00:00
328,9,35.5379,14.24535,26.502,2026-07-13T06:21:30.0000000,UTC+02:00,2026-07-13T04:21:30.0000000+00:00
327,9,35.54085,14.24436667,26.509,2026-07-13T05:51:30.0000000,UTC+02:00,2026-07-13T03:51:30.0000000+00:00
326,9,35.54246667,14.24226667,26.541,2026-07-13T05:21:30.0000000,UTC+02:00,2026-07-13T03:21:30.0000000+00:00
325,9,35.54346667,14.23968333,26.553,2026-07-13T04:51:30.0000000,UTC+02:00,2026-07-13T02:51:30.0000000+00:00
324,9,35.54408333,14.2373,26.545,2026-07-13T04:22:01.0000000,UTC+02:00,2026-07-13T02:22:01.0000000+00:00
323,9,35.54443333,14.23531667,26.558,2026-07-13T03:51:30.0000000,UTC+02:00,2026-07-13T01:51:30.0000000+00:00
322,9,35.54426667,14.23351667,26.56,2026-07-13T03:21:30.0000000,UTC+02:00,2026-07-13T01:21:30.0000000+00:00
321,9,35.54373333,14.23213333,26.588,2026-07-13T02:52:31.0000000,UTC+02:00,2026-07-13T00:52:31.0000000+00:00
320,9,35.54256667,14.23065,26.593,2026-07-13T02:21:33.0000000,UTC+02:00,2026-07-13T00:21:33.0000000+00:00
319,9,35.541,14.22978333,26.593,2026-07-13T01:51:32.0000000,UTC+02:00,2026-07-12T23:51:32.0000000+00:00
318,9,35.53951667,14.22936667,26.59,2026-07-13T01:21:30.0000000,UTC+02:00,2026-07-12T23:21:30.0000000+00:00
317,9,35.5382,14.22923333,26.612,2026-07-13T00:52:25.0000000,UTC+02:00,2026-07-12T22:52:25.0000000+00:00
316,9,35.53615,14.22871667,26.606,2026-07-13T00:22:01.0000000,UTC+02:00,2026-07-12T22:22:01.0000000+00:00
315,9,35.53371667,14.22855,26.618,2026-07-12T23:51:30.0000000,UTC+02:00,2026-07-12T21:51:30.0000000+00:00
314,9,35.53143333,14.22903333,26.608,2026-07-12T23:21:33.0000000,UTC+02:00,2026-07-12T21:21:33.0000000+00:00
313,9,35.5288,14.23001667,26.626,2026-07-12T22:51:30.0000000,UTC+02:00,2026-07-12T20:51:30.0000000+00:00
312,9,35.52635,14.23125,26.635,2026-07-12T22:21:30.0000000,UTC+02:00,2026-07-12T20:21:30.0000000+00:00
311,9,35.52405,14.23241667,26.638,2026-07-12T21:51:49.0000000,UTC+02:00,2026-07-12T19:51:49.0000000+00:00
310,9,35.52185,14.23351667,26.665,2026-07-12T21:21:30.0000000,UTC+02:00,2026-07-12T19:21:30.0000000+00:00
309,9,35.52011667,14.2343,26.729,2026-07-12T20:51:30.0000000,UTC+02:00,2026-07-12T18:51:30.0000000+00:00
308,9,35.51885,14.23458333,26.766,2026-07-12T20:21:30.0000000,UTC+02:00,2026-07-12T18:21:30.0000000+00:00
307,9,35.51748333,14.23511667,26.761,2026-07-12T19:51:30.0000000,UTC+02:00,2026-07-12T17:51:30.0000000+00:00
306,9,35.51625,14.23625,26.798,2026-07-12T19:21:32.0000000,UTC+02:00,2026-07-12T17:21:32.0000000+00:00
305,9,35.51503333,14.2372,26.868,2026-07-12T18:51:32.0000000,UTC+02:00,2026-07-12T16:51:32.0000000+00:00
304,9,35.51401667,14.23785,26.9,2026-07-12T18:21:30.0000000,UTC+02:00,2026-07-12T16:21:30.0000000+00:00
303,9,35.5134,14.2384,26.972,2026-07-12T17:51:31.0000000,UTC+02:00,2026-07-12T15:51:31.0000000+00:00
302,9,35.51291667,14.23861667,27.095,2026-07-12T17:21:31.0000000,UTC+02:00,2026-07-12T15:21:31.0000000+00:00
301,9,35.51208333,14.23841667,27.136,2026-07-12T16:51:30.0000000,UTC+02:00,2026-07-12T14:51:30.0000000+00:00
300,9,35.5107,14.2383,27.144,2026-07-12T16:21:54.0000000,UTC+02:00,2026-07-12T14:21:54.0000000+00:00
299,9,35.50921667,14.23803333,27.13,2026-07-12T15:51:31.0000000,UTC+02:00,2026-07-12T13:51:31.0000000+00:00
298,9,35.50771667,14.23755,27.18,2026-07-12T15:21:48.0000000,UTC+02:00,2026-07-12T13:21:48.0000000+00:00
297,9,35.50646667,14.23656667,27.176,2026-07-12T14:51:31.0000000,UTC+02:00,2026-07-12T12:51:31.0000000+00:00
296,9,35.50531667,14.23565,27.116,2026-07-12T14:21:51.0000000,UTC+02:00,2026-07-12T12:21:51.0000000+00:00
295,9,35.50431667,14.23475,27.146,2026-07-12T13:51:29.0000000,UTC+02:00,2026-07-12T11:51:29.0000000+00:00
294,9,35.50326667,14.23381667,27.117,2026-07-12T13:21:30.0000000,UTC+02:00,2026-07-12T11:21:30.0000000+00:00
293,9,35.5024,14.23273333,27.027,2026-07-12T12:51:31.0000000,UTC+02:00,2026-07-12T10:51:31.0000000+00:00
292,9,35.50171667,14.23116667,27.033,2026-07-12T12:21:31.0000000,UTC+02:00,2026-07-12T10:21:31.0000000+00:00
291,9,35.5009,14.22926667,26.86,2026-07-12T11:51:34.0000000,UTC+02:00,2026-07-12T09:51:34.0000000+00:00
290,9,35.49991667,14.22735,26.698,2026-07-12T11:21:31.0000000,UTC+02:00,2026-07-12T09:21:31.0000000+00:00
289,9,35.49873333,14.22546667,26.672,2026-07-12T10:51:31.0000000,UTC+02:00,2026-07-12T08:51:31.0000000+00:00
288,9,35.49755,14.22398333,26.619,2026-07-12T10:21:55.0000000,UTC+02:00,2026-07-12T08:21:55.0000000+00:00
287,9,35.49625,14.22266667,26.568,2026-07-12T09:51:31.0000000,UTC+02:00,2026-07-12T07:51:31.0000000+00:00
286,9,35.49456667,14.22181667,26.53,2026-07-12T09:21:30.0000000,UTC+02:00,2026-07-12T07:21:30.0000000+00:00
285,9,35.49258333,14.22173333,26.501,2026-07-12T08:51:31.0000000,UTC+02:00,2026-07-12T06:51:31.0000000+00:00
284,9,35.49053333,14.22218333,26.478,2026-07-12T08:21:30.0000000,UTC+02:00,2026-07-12T06:21:30.0000000+00:00
283,9,35.48838333,14.2229,26.459,2026-07-12T07:51:31.0000000,UTC+02:00,2026-07-12T05:51:31.0000000+00:00
282,9,35.48641667,14.22408333,26.451,2026-07-12T07:21:31.0000000,UTC+02:00,2026-07-12T05:21:31.0000000+00:00
281,9,35.48453333,14.22505,26.445,2026-07-12T06:51:31.0000000,UTC+02:00,2026-07-12T04:51:31.0000000+00:00
280,9,35.48285,14.22583333,26.418,2026-07-12T06:21:30.0000000,UTC+02:00,2026-07-12T04:21:30.0000000+00:00
279,9,35.48105,14.22671667,26.416,2026-07-12T05:51:32.0000000,UTC+02:00,2026-07-12T03:51:32.0000000+00:00
278,9,35.47908333,14.22743333,26.434,2026-07-12T05:21:30.0000000,UTC+02:00,2026-07-12T03:21:30.0000000+00:00
277,9,35.47718333,14.22811667,26.44,2026-07-12T04:51:30.0000000,UTC+02:00,2026-07-12T02:51:30.0000000+00:00
276,9,35.47523333,14.22881667,26.435,2026-07-12T04:21:30.0000000,UTC+02:00,2026-07-12T02:21:30.0000000+00:00
275,9,35.47316667,14.23011667,26.434,2026-07-12T03:51:30.0000000,UTC+02:00,2026-07-12T01:51:30.0000000+00:00
274,9,35.47093333,14.23195,26.416,2026-07-12T03:21:30.0000000,UTC+02:00,2026-07-12T01:21:30.0000000+00:00
273,9,35.46873333,14.2343,26.435,2026-07-12T02:51:30.0000000,UTC+02:00,2026-07-12T00:51:30.0000000+00:00
272,9,35.46645,14.23741667,26.444,2026-07-12T02:21:50.0000000,UTC+02:00,2026-07-12T00:21:50.0000000+00:00
271,9,35.46468333,14.24128333,26.442,2026-07-12T01:51:52.0000000,UTC+02:00,2026-07-11T23:51:52.0000000+00:00
270,9,35.46311667,14.2453,26.444,2026-07-12T01:21:49.0000000,UTC+02:00,2026-07-11T23:21:49.0000000+00:00
269,9,35.46195,14.25011667,26.46,2026-07-12T00:51:49.0000000,UTC+02:00,2026-07-11T22:51:49.0000000+00:00
268,9,35.46116667,14.25545,26.484,2026-07-12T00:21:49.0000000,UTC+02:00,2026-07-11T22:21:49.0000000+00:00
267,9,35.46053333,14.26116667,26.515,2026-07-11T23:51:30.0000000,UTC+02:00,2026-07-11T21:51:30.0000000+00:00
266,9,35.45995,14.26658333,26.54,2026-07-11T23:21:30.0000000,UTC+02:00,2026-07-11T21:21:30.0000000+00:00
265,9,35.45965,14.2722,26.564,2026-07-11T22:51:31.0000000,UTC+02:00,2026-07-11T20:51:31.0000000+00:00
264,9,35.45965,14.27775,26.561,2026-07-11T22:21:30.0000000,UTC+02:00,2026-07-11T20:21:30.0000000+00:00
263,9,35.45985,14.28238333,26.567,2026-07-11T21:51:31.0000000,UTC+02:00,2026-07-11T19:51:31.0000000+00:00
262,9,35.46026667,14.28623333,26.581,2026-07-11T21:21:30.0000000,UTC+02:00,2026-07-11T19:21:30.0000000+00:00
261,9,35.46075,14.28996667,26.595,2026-07-11T20:51:31.0000000,UTC+02:00,2026-07-11T18:51:31.0000000+00:00
260,9,35.46121667,14.29311667,26.643,2026-07-11T20:21:32.0000000,UTC+02:00,2026-07-11T18:21:32.0000000+00:00
259,9,35.46183333,14.29608333,26.693,2026-07-11T19:51:30.0000000,UTC+02:00,2026-07-11T17:51:30.0000000+00:00
258,9,35.46248333,14.29853333,26.778,2026-07-11T19:21:30.0000000,UTC+02:00,2026-07-11T17:21:30.0000000+00:00
257,9,35.46266667,14.30036667,26.801,2026-07-11T18:51:33.0000000,UTC+02:00,2026-07-11T16:51:33.0000000+00:00
256,9,35.46233333,14.30211667,26.832,2026-07-11T18:22:03.0000000,UTC+02:00,2026-07-11T16:22:03.0000000+00:00
255,9,35.4613,14.30443333,26.827,2026-07-11T17:51:31.0000000,UTC+02:00,2026-07-11T15:51:31.0000000+00:00
254,9,35.46003333,14.30646667,26.796,2026-07-11T17:22:02.0000000,UTC+02:00,2026-07-11T15:22:02.0000000+00:00
253,9,35.4584,14.30876667,26.746,2026-07-11T16:51:31.0000000,UTC+02:00,2026-07-11T14:51:31.0000000+00:00
252,9,35.45666667,14.31233333,26.666,2026-07-11T16:21:48.0000000,UTC+02:00,2026-07-11T14:21:48.0000000+00:00
251,9,35.45496667,14.31618333,26.635,2026-07-11T15:51:31.0000000,UTC+02:00,2026-07-11T13:51:31.0000000+00:00
250,9,35.45315,14.31963333,26.565,2026-07-11T15:21:30.0000000,UTC+02:00,2026-07-11T13:21:30.0000000+00:00
249,9,35.45135,14.32321667,26.509,2026-07-11T14:51:30.0000000,UTC+02:00,2026-07-11T12:51:30.0000000+00:00
248,9,35.44943333,14.32663333,26.464,2026-07-11T14:21:31.0000000,UTC+02:00,2026-07-11T12:21:31.0000000+00:00
247,9,35.44713333,14.32986667,26.437,2026-07-11T13:51:30.0000000,UTC+02:00,2026-07-11T11:51:30.0000000+00:00
246,9,35.44515,14.33346667,26.398,2026-07-11T13:21:31.0000000,UTC+02:00,2026-07-11T11:21:31.0000000+00:00
245,9,35.44333333,14.337,26.325,2026-07-11T12:51:30.0000000,UTC+02:00,2026-07-11T10:51:30.0000000+00:00
244,9,35.44148333,14.34016667,26.314,2026-07-11T12:21:32.0000000,UTC+02:00,2026-07-11T10:21:32.0000000+00:00
243,9,35.43926667,14.34283333,26.263,2026-07-11T11:51:30.0000000,UTC+02:00,2026-07-11T09:51:30.0000000+00:00
242,9,35.43718333,14.34581667,26.114,2026-07-11T11:21:30.0000000,UTC+02:00,2026-07-11T09:21:30.0000000+00:00
241,9,35.43513333,14.34875,25.975,2026-07-11T10:51:30.0000000,UTC+02:00,2026-07-11T08:51:30.0000000+00:00
240,9,35.43318333,14.35175,25.919,2026-07-11T10:21:30.0000000,UTC+02:00,2026-07-11T08:21:30.0000000+00:00
239,9,35.4316,14.355,25.833,2026-07-11T09:51:56.0000000,UTC+02:00,2026-07-11T07:51:56.0000000+00:00
238,9,35.4303,14.35836667,25.77,2026-07-11T09:21:30.0000000,UTC+02:00,2026-07-11T07:21:30.0000000+00:00
237,9,35.42906667,14.3617,25.751,2026-07-11T08:51:31.0000000,UTC+02:00,2026-07-11T06:51:31.0000000+00:00
236,9,35.42778333,14.36478333,25.732,2026-07-11T08:21:30.0000000,UTC+02:00,2026-07-11T06:21:30.0000000+00:00
235,9,35.42611667,14.36828333,25.724,2026-07-11T07:51:30.0000000,UTC+02:00,2026-07-11T05:51:30.0000000+00:00
234,9,35.42451667,14.37338333,25.711,2026-07-11T07:21:31.0000000,UTC+02:00,2026-07-11T05:21:31.0000000+00:00
233,9,35.42295,14.37963333,25.72,2026-07-11T06:51:31.0000000,UTC+02:00,2026-07-11T04:51:31.0000000+00:00
232,9,35.4219,14.38633333,25.704,2026-07-11T06:21:30.0000000,UTC+02:00,2026-07-11T04:21:30.0000000+00:00
231,9,35.42188333,14.39361667,25.713,2026-07-11T05:51:30.0000000,UTC+02:00,2026-07-11T03:51:30.0000000+00:00
230,9,35.42238333,14.40108333,25.697,2026-07-11T05:21:31.0000000,UTC+02:00,2026-07-11T03:21:31.0000000+00:00
229,9,35.42315,14.40803333,25.65,2026-07-11T04:51:30.0000000,UTC+02:00,2026-07-11T02:51:30.0000000+00:00
228,9,35.42445,14.41511667,25.586,2026-07-11T04:21:31.0000000,UTC+02:00,2026-07-11T02:21:31.0000000+00:00
227,9,35.4263,14.42211667,25.568,2026-07-11T03:51:35.0000000,UTC+02:00,2026-07-11T01:51:35.0000000+00:00
226,9,35.42873333,14.42866667,25.62,2026-07-11T03:21:30.0000000,UTC+02:00,2026-07-11T01:21:30.0000000+00:00
225,9,35.43138333,14.43416667,25.705,2026-07-11T02:51:31.0000000,UTC+02:00,2026-07-11T00:51:31.0000000+00:00
224,9,35.43395,14.43966667,25.764,2026-07-11T02:21:31.0000000,UTC+02:00,2026-07-11T00:21:31.0000000+00:00
223,9,35.43663333,14.44466667,25.794,2026-07-11T01:51:30.0000000,UTC+02:00,2026-07-10T23:51:30.0000000+00:00
222,9,35.43941667,14.44968333,25.831,2026-07-11T01:21:49.0000000,UTC+02:00,2026-07-10T23:21:49.0000000+00:00
221,9,35.44213333,14.45411667,25.863,2026-07-11T00:51:31.0000000,UTC+02:00,2026-07-10T22:51:31.0000000+00:00
220,9,35.44423333,14.4582,25.825,2026-07-11T00:21:30.0000000,UTC+02:00,2026-07-10T22:21:30.0000000+00:00
219,9,35.44605,14.46163333,25.828,2026-07-10T23:51:55.0000000,UTC+02:00,2026-07-10T21:51:55.0000000+00:00
218,9,35.4476,14.46463333,25.834,2026-07-10T23:21:31.0000000,UTC+02:00,2026-07-10T21:21:31.0000000+00:00
217,9,35.44908333,14.46773333,25.961,2026-07-10T22:51:30.0000000,UTC+02:00,2026-07-10T20:51:30.0000000+00:00
216,9,35.45036667,14.47005,26.083,2026-07-10T22:21:31.0000000,UTC+02:00,2026-07-10T20:21:31.0000000+00:00
215,9,35.45118333,14.47163333,26.081,2026-07-10T21:51:31.0000000,UTC+02:00,2026-07-10T19:51:31.0000000+00:00
214,9,35.45131667,14.4735,26.183,2026-07-10T21:21:31.0000000,UTC+02:00,2026-07-10T19:21:31.0000000+00:00
213,9,35.45096667,14.4752,26.238,2026-07-10T20:51:30.0000000,UTC+02:00,2026-07-10T18:51:30.0000000+00:00
212,9,35.45056667,14.47608333,26.301,2026-07-10T20:21:30.0000000,UTC+02:00,2026-07-10T18:21:30.0000000+00:00
211,9,35.4495,14.47651667,26.314,2026-07-10T19:51:30.0000000,UTC+02:00,2026-07-10T17:51:30.0000000+00:00
210,9,35.44741667,14.47765,26.411,2026-07-10T19:21:30.0000000,UTC+02:00,2026-07-10T17:21:30.0000000+00:00
209,9,35.44415,14.47866667,26.449,2026-07-10T18:51:31.0000000,UTC+02:00,2026-07-10T16:51:31.0000000+00:00
208,9,35.44026667,14.48065,26.474,2026-07-10T18:21:30.0000000,UTC+02:00,2026-07-10T16:21:30.0000000+00:00
207,9,35.43576667,14.48373333,26.525,2026-07-10T17:51:30.0000000,UTC+02:00,2026-07-10T15:51:30.0000000+00:00
206,9,35.43135,14.48843333,26.517,2026-07-10T17:21:30.0000000,UTC+02:00,2026-07-10T15:21:30.0000000+00:00
205,9,35.42715,14.49408333,26.553,2026-07-10T16:51:31.0000000,UTC+02:00,2026-07-10T14:51:31.0000000+00:00
204,9,35.42296667,14.50038333,26.521,2026-07-10T16:21:30.0000000,UTC+02:00,2026-07-10T14:21:30.0000000+00:00
203,9,35.41941667,14.5074,26.521,2026-07-10T15:51:30.0000000,UTC+02:00,2026-07-10T13:51:30.0000000+00:00
202,9,35.41638333,14.51418333,26.494,2026-07-10T15:21:30.0000000,UTC+02:00,2026-07-10T13:21:30.0000000+00:00
201,9,35.41378333,14.52145,26.386,2026-07-10T14:51:30.0000000,UTC+02:00,2026-07-10T12:51:30.0000000+00:00
200,9,35.41185,14.52891667,26.384,2026-07-10T14:21:30.0000000,UTC+02:00,2026-07-10T12:21:30.0000000+00:00
199,9,35.4102,14.53643333,26.362,2026-07-10T13:51:30.0000000,UTC+02:00,2026-07-10T11:51:30.0000000+00:00
198,9,35.40898333,14.54393333,26.304,2026-07-10T13:21:30.0000000,UTC+02:00,2026-07-10T11:21:30.0000000+00:00
197,9,35.40785,14.55048333,26.232,2026-07-10T12:51:31.0000000,UTC+02:00,2026-07-10T10:51:31.0000000+00:00
196,9,35.40735,14.55715,26.222,2026-07-10T12:21:31.0000000,UTC+02:00,2026-07-10T10:21:31.0000000+00:00
195,9,35.40723333,14.56425,26.057,2026-07-10T11:51:29.0000000,UTC+02:00,2026-07-10T09:51:29.0000000+00:00
194,9,35.40763333,14.57168333,25.881,2026-07-10T11:21:30.0000000,UTC+02:00,2026-07-10T09:21:30.0000000+00:00
193,9,35.40825,14.57893333,25.843,2026-07-10T10:51:30.0000000,UTC+02:00,2026-07-10T08:51:30.0000000+00:00
192,9,35.40918333,14.5862,25.787,2026-07-10T10:21:30.0000000,UTC+02:00,2026-07-10T08:21:30.0000000+00:00
191,9,35.41021667,14.5929,25.666,2026-07-10T09:51:31.0000000,UTC+02:00,2026-07-10T07:51:31.0000000+00:00
190,9,35.41161667,14.59858333,25.51,2026-07-10T09:21:30.0000000,UTC+02:00,2026-07-10T07:21:30.0000000+00:00
189,9,35.41351667,14.60411667,25.436,2026-07-10T08:51:31.0000000,UTC+02:00,2026-07-10T06:51:31.0000000+00:00
188,9,35.41586667,14.60948333,25.375,2026-07-10T08:21:30.0000000,UTC+02:00,2026-07-10T06:21:30.0000000+00:00
187,9,35.41901667,14.61456667,25.33,2026-07-10T07:51:30.0000000,UTC+02:00,2026-07-10T05:51:30.0000000+00:00
186,9,35.4228,14.61913333,25.324,2026-07-10T07:21:30.0000000,UTC+02:00,2026-07-10T05:21:30.0000000+00:00
185,9,35.42601667,14.62325,25.317,2026-07-10T06:51:30.0000000,UTC+02:00,2026-07-10T04:51:30.0000000+00:00
184,9,35.42931667,14.62685,25.311,2026-07-10T06:21:31.0000000,UTC+02:00,2026-07-10T04:21:31.0000000+00:00
183,9,35.4324,14.62931667,25.327,2026-07-10T05:51:30.0000000,UTC+02:00,2026-07-10T03:51:30.0000000+00:00
182,9,35.43555,14.6313,25.31,2026-07-10T05:21:31.0000000,UTC+02:00,2026-07-10T03:21:31.0000000+00:00
181,9,35.4385,14.6333,25.332,2026-07-10T04:51:31.0000000,UTC+02:00,2026-07-10T02:51:31.0000000+00:00
180,9,35.4416,14.63481667,25.327,2026-07-10T04:21:31.0000000,UTC+02:00,2026-07-10T02:21:31.0000000+00:00
179,9,35.44481667,14.63555,25.366,2026-07-10T03:51:30.0000000,UTC+02:00,2026-07-10T01:51:30.0000000+00:00
178,9,35.44811667,14.63588333,25.341,2026-07-10T03:21:30.0000000,UTC+02:00,2026-07-10T01:21:30.0000000+00:00
177,9,35.45071667,14.6358,25.345,2026-07-10T02:51:30.0000000,UTC+02:00,2026-07-10T00:51:30.0000000+00:00
176,9,35.45256667,14.63545,25.389,2026-07-10T02:21:31.0000000,UTC+02:00,2026-07-10T00:21:31.0000000+00:00
175,9,35.45396667,14.63491667,25.405,2026-07-10T01:51:31.0000000,UTC+02:00,2026-07-09T23:51:31.0000000+00:00
174,9,35.45481667,14.63415,25.416,2026-07-10T01:21:31.0000000,UTC+02:00,2026-07-09T23:21:31.0000000+00:00
173,9,35.45545,14.63335,25.448,2026-07-10T00:51:31.0000000,UTC+02:00,2026-07-09T22:51:31.0000000+00:00
172,9,35.45575,14.63228333,25.437,2026-07-10T00:21:30.0000000,UTC+02:00,2026-07-09T22:21:30.0000000+00:00
171,9,35.45561667,14.63141667,25.468,2026-07-09T23:51:31.0000000,UTC+02:00,2026-07-09T21:51:31.0000000+00:00
170,9,35.45506667,14.63066667,25.437,2026-07-09T23:21:49.0000000,UTC+02:00,2026-07-09T21:21:49.0000000+00:00
169,9,35.45405,14.63025,25.419,2026-07-09T22:51:30.0000000,UTC+02:00,2026-07-09T20:51:30.0000000+00:00
168,9,35.45248333,14.63061667,25.439,2026-07-09T22:21:30.0000000,UTC+02:00,2026-07-09T20:21:30.0000000+00:00
167,9,35.45095,14.6312,25.439,2026-07-09T21:51:31.0000000,UTC+02:00,2026-07-09T19:51:31.0000000+00:00
166,9,35.44943333,14.63283333,25.516,2026-07-09T21:21:31.0000000,UTC+02:00,2026-07-09T19:21:31.0000000+00:00
165,9,35.44821667,14.63515,25.546,2026-07-09T20:51:31.0000000,UTC+02:00,2026-07-09T18:51:31.0000000+00:00
164,9,35.44711667,14.63763333,25.588,2026-07-09T20:21:30.0000000,UTC+02:00,2026-07-09T18:21:30.0000000+00:00
163,9,35.44643333,14.64068333,25.597,2026-07-09T19:51:30.0000000,UTC+02:00,2026-07-09T17:51:30.0000000+00:00
162,9,35.44646667,14.64441667,25.626,2026-07-09T19:21:31.0000000,UTC+02:00,2026-07-09T17:21:31.0000000+00:00
161,9,35.44708333,14.6486,25.647,2026-07-09T18:51:29.0000000,UTC+02:00,2026-07-09T16:51:29.0000000+00:00
160,9,35.44843333,14.65346667,25.71,2026-07-09T18:21:32.0000000,UTC+02:00,2026-07-09T16:21:32.0000000+00:00
159,9,35.45011667,14.65866667,25.74,2026-07-09T17:51:30.0000000,UTC+02:00,2026-07-09T15:51:30.0000000+00:00
158,9,35.45223333,14.66353333,25.753,2026-07-09T17:22:01.0000000,UTC+02:00,2026-07-09T15:22:01.0000000+00:00
157,9,35.4548,14.66806667,25.735,2026-07-09T16:51:33.0000000,UTC+02:00,2026-07-09T14:51:33.0000000+00:00
156,9,35.45843333,14.6726,25.724,2026-07-09T16:21:31.0000000,UTC+02:00,2026-07-09T14:21:31.0000000+00:00
155,9,35.46293333,14.67655,25.706,2026-07-09T15:51:31.0000000,UTC+02:00,2026-07-09T13:51:31.0000000+00:00
154,9,35.4681,14.68025,25.687,2026-07-09T15:21:30.0000000,UTC+02:00,2026-07-09T13:21:30.0000000+00:00
153,9,35.47378333,14.68316667,25.657,2026-07-09T14:51:30.0000000,UTC+02:00,2026-07-09T12:51:30.0000000+00:00
152,9,35.47976667,14.68571667,25.641,2026-07-09T14:21:32.0000000,UTC+02:00,2026-07-09T12:21:32.0000000+00:00
151,9,35.48581667,14.68821667,25.605,2026-07-09T13:51:31.0000000,UTC+02:00,2026-07-09T11:51:31.0000000+00:00
150,9,35.49195,14.69046667,25.544,2026-07-09T13:21:31.0000000,UTC+02:00,2026-07-09T11:21:31.0000000+00:00
149,9,35.49806667,14.69246667,25.489,2026-07-09T12:51:30.0000000,UTC+02:00,2026-07-09T10:51:30.0000000+00:00
148,9,35.50445,14.69476667,25.432,2026-07-09T12:21:49.0000000,UTC+02:00,2026-07-09T10:21:49.0000000+00:00
147,9,35.51091667,14.69646667,25.367,2026-07-09T11:51:30.0000000,UTC+02:00,2026-07-09T09:51:30.0000000+00:00
146,9,35.51731667,14.698,25.333,2026-07-09T11:21:31.0000000,UTC+02:00,2026-07-09T09:21:31.0000000+00:00
145,9,35.52395,14.69965,25.269,2026-07-09T10:51:30.0000000,UTC+02:00,2026-07-09T08:51:30.0000000+00:00
144,9,35.53006667,14.70115,25.24,2026-07-09T10:21:49.0000000,UTC+02:00,2026-07-09T08:21:49.0000000+00:00
143,9,35.53646667,14.7031,25.229,2026-07-09T09:51:49.0000000,UTC+02:00,2026-07-09T07:51:49.0000000+00:00
142,9,35.54311667,14.70421667,25.225,2026-07-09T09:21:43.0000000,UTC+02:00,2026-07-09T07:21:43.0000000+00:00
141,9,35.54958333,14.70471667,25.225,2026-07-09T08:51:30.0000000,UTC+02:00,2026-07-09T06:51:30.0000000+00:00
140,9,35.5562,14.70491667,25.238,2026-07-09T08:21:30.0000000,UTC+02:00,2026-07-09T06:21:30.0000000+00:00
139,9,35.5627,14.7054,25.238,2026-07-09T07:51:32.0000000,UTC+02:00,2026-07-09T05:51:32.0000000+00:00
138,9,35.56931667,14.70578333,25.25,2026-07-09T07:21:30.0000000,UTC+02:00,2026-07-09T05:21:30.0000000+00:00
137,9,35.576,14.70616667,25.264,2026-07-09T06:51:31.0000000,UTC+02:00,2026-07-09T04:51:31.0000000+00:00
136,9,35.5824,14.7066,25.278,2026-07-09T06:21:31.0000000,UTC+02:00,2026-07-09T04:21:31.0000000+00:00
135,9,35.58796667,14.70658333,25.302,2026-07-09T05:51:30.0000000,UTC+02:00,2026-07-09T03:51:30.0000000+00:00
134,9,35.59278333,14.70601667,25.322,2026-07-09T05:21:55.0000000,UTC+02:00,2026-07-09T03:21:55.0000000+00:00
133,9,35.5978,14.70491667,25.323,2026-07-09T04:51:31.0000000,UTC+02:00,2026-07-09T02:51:31.0000000+00:00
132,9,35.60246667,14.70361667,25.361,2026-07-09T04:21:30.0000000,UTC+02:00,2026-07-09T02:21:30.0000000+00:00
131,9,35.60761667,14.70216667,25.386,2026-07-09T03:51:30.0000000,UTC+02:00,2026-07-09T01:51:30.0000000+00:00
130,9,35.61301667,14.69965,25.372,2026-07-09T03:21:31.0000000,UTC+02:00,2026-07-09T01:21:31.0000000+00:00
129,9,35.61871667,14.69643333,25.379,2026-07-09T02:51:44.0000000,UTC+02:00,2026-07-09T00:51:44.0000000+00:00
128,9,35.62395,14.6927,25.363,2026-07-09T02:21:35.0000000,UTC+02:00,2026-07-09T00:21:35.0000000+00:00
127,9,35.6287,14.68921667,25.382,2026-07-09T01:51:31.0000000,UTC+02:00,2026-07-08T23:51:31.0000000+00:00
126,9,35.63311667,14.68588333,25.368,2026-07-09T01:21:30.0000000,UTC+02:00,2026-07-08T23:21:30.0000000+00:00
125,9,35.6369,14.68293333,25.332,2026-07-09T00:51:55.0000000,UTC+02:00,2026-07-08T22:51:55.0000000+00:00
124,9,35.64068333,14.68028333,25.296,2026-07-09T00:21:30.0000000,UTC+02:00,2026-07-08T22:21:30.0000000+00:00
123,9,35.64435,14.67803333,25.264,2026-07-08T23:51:32.0000000,UTC+02:00,2026-07-08T21:51:32.0000000+00:00
122,9,35.64836667,14.67585,25.267,2026-07-08T23:21:30.0000000,UTC+02:00,2026-07-08T21:21:30.0000000+00:00
121,9,35.6525,14.67351667,25.267,2026-07-08T22:51:32.0000000,UTC+02:00,2026-07-08T20:51:32.0000000+00:00
120,9,35.6567,14.67106667,25.24,2026-07-08T22:21:31.0000000,UTC+02:00,2026-07-08T20:21:31.0000000+00:00
119,9,35.661,14.66835,25.267,2026-07-08T21:51:47.0000000,UTC+02:00,2026-07-08T19:51:47.0000000+00:00
118,9,35.66538333,14.66588333,25.264,2026-07-08T21:21:31.0000000,UTC+02:00,2026-07-08T19:21:31.0000000+00:00
117,9,35.66933333,14.6637,25.256,2026-07-08T20:51:31.0000000,UTC+02:00,2026-07-08T18:51:31.0000000+00:00
116,9,35.67303333,14.6621,25.258,2026-07-08T20:21:55.0000000,UTC+02:00,2026-07-08T18:21:55.0000000+00:00
115,9,35.67693333,14.6597,25.305,2026-07-08T19:51:49.0000000,UTC+02:00,2026-07-08T17:51:49.0000000+00:00
114,9,35.67988333,14.65706667,25.346,2026-07-08T19:21:31.0000000,UTC+02:00,2026-07-08T17:21:31.0000000+00:00
113,9,35.68208333,14.65421667,25.432,2026-07-08T18:51:56.0000000,UTC+02:00,2026-07-08T16:51:56.0000000+00:00
112,9,35.6852,14.6522,25.476,2026-07-08T18:21:31.0000000,UTC+02:00,2026-07-08T16:21:31.0000000+00:00
111,9,35.68845,14.64985,25.504,2026-07-08T17:51:31.0000000,UTC+02:00,2026-07-08T15:51:31.0000000+00:00
110,9,35.6916,14.64786667,25.524,2026-07-08T17:21:31.0000000,UTC+02:00,2026-07-08T15:21:31.0000000+00:00
109,9,35.69463333,14.64603333,25.545,2026-07-08T16:51:31.0000000,UTC+02:00,2026-07-08T14:51:31.0000000+00:00
108,9,35.6977,14.64406667,25.537,2026-07-08T16:21:31.0000000,UTC+02:00,2026-07-08T14:21:31.0000000+00:00
107,9,35.7008,14.6426,25.585,2026-07-08T15:51:49.0000000,UTC+02:00,2026-07-08T13:51:49.0000000+00:00
106,9,35.7036,14.64115,25.651,2026-07-08T15:21:31.0000000,UTC+02:00,2026-07-08T13:21:31.0000000+00:00
105,9,35.70648333,14.64,25.682,2026-07-08T14:51:49.0000000,UTC+02:00,2026-07-08T12:51:49.0000000+00:00
104,9,35.70938333,14.63863333,25.673,2026-07-08T14:21:30.0000000,UTC+02:00,2026-07-08T12:21:30.0000000+00:00
103,9,35.71166667,14.63785,25.658,2026-07-08T13:51:31.0000000,UTC+02:00,2026-07-08T11:51:31.0000000+00:00
102,9,35.71431667,14.637,25.682,2026-07-08T13:21:32.0000000,UTC+02:00,2026-07-08T11:21:32.0000000+00:00
101,9,35.71748333,14.63626667,25.676,2026-07-08T12:51:31.0000000,UTC+02:00,2026-07-08T10:51:31.0000000+00:00
100,9,35.72036667,14.63551667,25.648,2026-07-08T12:21:31.0000000,UTC+02:00,2026-07-08T10:21:31.0000000+00:00
99,9,35.72301667,14.6354,25.603,2026-07-08T11:51:49.0000000,UTC+02:00,2026-07-08T09:51:49.0000000+00:00
98,9,35.72575,14.63568333,25.537,2026-07-08T11:21:31.0000000,UTC+02:00,2026-07-08T09:21:31.0000000+00:00
97,9,35.72896667,14.6361,25.461,2026-07-08T10:51:34.0000000,UTC+02:00,2026-07-08T08:51:34.0000000+00:00
96,9,35.73263333,14.63663333,25.428,2026-07-08T10:21:31.0000000,UTC+02:00,2026-07-08T08:21:31.0000000+00:00
95,9,35.73623333,14.63746667,25.388,2026-07-08T09:51:31.0000000,UTC+02:00,2026-07-08T07:51:31.0000000+00:00
94,9,35.7404,14.6386,25.389,2026-07-08T09:21:31.0000000,UTC+02:00,2026-07-08T07:21:31.0000000+00:00
93,9,35.74501667,14.63986667,25.4,2026-07-08T08:51:27.0000000,UTC+02:00,2026-07-08T06:51:27.0000000+00:00
92,9,35.7498,14.6411,25.458,2026-07-08T08:21:30.0000000,UTC+02:00,2026-07-08T06:21:30.0000000+00:00
91,9,35.75535,14.6427,25.51,2026-07-08T07:51:30.0000000,UTC+02:00,2026-07-08T05:51:30.0000000+00:00
90,9,35.76118333,14.64381667,25.492,2026-07-08T07:21:30.0000000,UTC+02:00,2026-07-08T05:21:30.0000000+00:00
89,9,35.76741667,14.64411667,25.507,2026-07-08T06:51:31.0000000,UTC+02:00,2026-07-08T04:51:31.0000000+00:00
88,9,35.77341667,14.64371667,25.501,2026-07-08T06:21:31.0000000,UTC+02:00,2026-07-08T04:21:31.0000000+00:00
87,9,35.7795,14.64241667,25.394,2026-07-08T05:51:31.0000000,UTC+02:00,2026-07-08T03:51:31.0000000+00:00
86,9,35.78581667,14.64026667,25.293,2026-07-08T05:21:30.0000000,UTC+02:00,2026-07-08T03:21:30.0000000+00:00
85,9,35.79255,14.63725,25.304,2026-07-08T04:51:30.0000000,UTC+02:00,2026-07-08T02:51:30.0000000+00:00
84,9,35.79818333,14.63436667,25.276,2026-07-08T04:22:01.0000000,UTC+02:00,2026-07-08T02:22:01.0000000+00:00
83,9,35.804,14.63126667,25.307,2026-07-08T03:51:31.0000000,UTC+02:00,2026-07-08T01:51:31.0000000+00:00
82,9,35.809,14.62858333,25.355,2026-07-08T03:21:30.0000000,UTC+02:00,2026-07-08T01:21:30.0000000+00:00
81,9,35.81343333,14.6259,25.374,2026-07-08T02:51:30.0000000,UTC+02:00,2026-07-08T00:51:30.0000000+00:00
80,9,35.81768333,14.6236,25.43,2026-07-08T02:21:55.0000000,UTC+02:00,2026-07-08T00:21:55.0000000+00:00
79,9,35.82213333,14.62145,25.434,2026-07-08T01:51:31.0000000,UTC+02:00,2026-07-07T23:51:31.0000000+00:00
78,9,35.82655,14.61946667,25.477,2026-07-08T01:22:01.0000000,UTC+02:00,2026-07-07T23:22:01.0000000+00:00
77,9,35.83086667,14.6171,25.475,2026-07-08T00:51:30.0000000,UTC+02:00,2026-07-07T22:51:30.0000000+00:00
76,9,35.83405,14.61463333,25.508,2026-07-08T00:21:31.0000000,UTC+02:00,2026-07-07T22:21:31.0000000+00:00
75,9,35.83656667,14.6117,25.545,2026-07-07T23:51:31.0000000,UTC+02:00,2026-07-07T21:51:31.0000000+00:00
74,9,35.8391,14.6088,25.577,2026-07-07T23:21:30.0000000,UTC+02:00,2026-07-07T21:21:30.0000000+00:00
73,9,35.84095,14.60701667,25.599,2026-07-07T22:51:31.0000000,UTC+02:00,2026-07-07T20:51:31.0000000+00:00
72,9,35.84256667,14.60645,25.535,2026-07-07T22:21:49.0000000,UTC+02:00,2026-07-07T20:21:49.0000000+00:00
71,9,35.84468333,14.6058,25.551,2026-07-07T21:51:31.0000000,UTC+02:00,2026-07-07T19:51:31.0000000+00:00
70,9,35.84658333,14.60531667,25.539,2026-07-07T21:21:30.0000000,UTC+02:00,2026-07-07T19:21:30.0000000+00:00
69,9,35.84765,14.60421667,25.608,2026-07-07T20:51:30.0000000,UTC+02:00,2026-07-07T18:51:30.0000000+00:00
68,9,35.84888333,14.603,25.676,2026-07-07T20:21:55.0000000,UTC+02:00,2026-07-07T18:21:55.0000000+00:00
67,9,35.85053333,14.60228333,25.745,2026-07-07T19:51:30.0000000,UTC+02:00,2026-07-07T17:51:30.0000000+00:00
66,9,35.85285,14.60155,25.773,2026-07-07T19:21:30.0000000,UTC+02:00,2026-07-07T17:21:30.0000000+00:00
65,9,35.85568333,14.60135,25.855,2026-07-07T18:51:31.0000000,UTC+02:00,2026-07-07T16:51:31.0000000+00:00
64,9,35.85856667,14.60216667,25.853,2026-07-07T18:21:30.0000000,UTC+02:00,2026-07-07T16:21:30.0000000+00:00
63,9,35.862,14.60345,25.854,2026-07-07T17:51:32.0000000,UTC+02:00,2026-07-07T15:51:32.0000000+00:00
62,9,35.86525,14.60476667,25.799,2026-07-07T17:21:30.0000000,UTC+02:00,2026-07-07T15:21:30.0000000+00:00
61,9,35.8702,14.60643333,25.808,2026-07-07T16:51:31.0000000,UTC+02:00,2026-07-07T14:51:31.0000000+00:00
60,9,35.87563333,14.60808333,25.774,2026-07-07T16:21:30.0000000,UTC+02:00,2026-07-07T14:21:30.0000000+00:00
59,9,35.8812,14.6095,25.721,2026-07-07T15:51:28.0000000,UTC+02:00,2026-07-07T13:51:28.0000000+00:00
58,9,35.88688333,14.61066667,25.706,2026-07-07T15:21:30.0000000,UTC+02:00,2026-07-07T13:21:30.0000000+00:00
57,9,35.89265,14.61165,25.661,2026-07-07T14:51:30.0000000,UTC+02:00,2026-07-07T12:51:30.0000000+00:00
56,9,35.89888333,14.61236667,25.622,2026-07-07T14:21:31.0000000,UTC+02:00,2026-07-07T12:21:31.0000000+00:00
55,9,35.90508333,14.6123,25.623,2026-07-07T13:52:01.0000000,UTC+02:00,2026-07-07T11:52:01.0000000+00:00
54,9,35.91165,14.61193333,25.614,2026-07-07T13:21:30.0000000,UTC+02:00,2026-07-07T11:21:30.0000000+00:00
53,9,35.91858333,14.6109,25.586,2026-07-07T12:51:27.0000000,UTC+02:00,2026-07-07T10:51:27.0000000+00:00
52,9,35.9253,14.60878333,25.607,2026-07-07T12:21:31.0000000,UTC+02:00,2026-07-07T10:21:31.0000000+00:00
51,9,35.9321,14.60595,25.542,2026-07-07T11:51:31.0000000,UTC+02:00,2026-07-07T09:51:31.0000000+00:00
50,9,35.93846667,14.6021,25.516,2026-07-07T11:21:31.0000000,UTC+02:00,2026-07-07T09:21:31.0000000+00:00
49,9,35.9448,14.59785,25.474,2026-07-07T10:51:30.0000000,UTC+02:00,2026-07-07T08:51:30.0000000+00:00
48,9,35.95098333,14.59301667,25.45,2026-07-07T10:22:01.0000000,UTC+02:00,2026-07-07T08:22:01.0000000+00:00
47,9,35.9569,14.58713333,25.448,2026-07-07T09:51:31.0000000,UTC+02:00,2026-07-07T07:51:31.0000000+00:00
46,9,35.96193333,14.58121667,25.44,2026-07-07T09:21:32.0000000,UTC+02:00,2026-07-07T07:21:32.0000000+00:00
45,9,35.96643333,14.57505,25.464,2026-07-07T08:51:31.0000000,UTC+02:00,2026-07-07T06:51:31.0000000+00:00
44,9,35.97051667,14.5687,25.45,2026-07-07T08:21:31.0000000,UTC+02:00,2026-07-07T06:21:31.0000000+00:00
43,9,35.97395,14.56191667,25.435,2026-07-07T07:51:30.0000000,UTC+02:00,2026-07-07T05:51:30.0000000+00:00
42,9,35.97735,14.55615,25.421,2026-07-07T07:21:30.0000000,UTC+02:00,2026-07-07T05:21:30.0000000+00:00
41,9,35.97966667,14.54983333,25.389,2026-07-07T06:51:30.0000000,UTC+02:00,2026-07-07T04:51:30.0000000+00:00
40,9,35.9818,14.54343333,25.381,2026-07-07T06:21:36.0000000,UTC+02:00,2026-07-07T04:21:36.0000000+00:00
39,9,35.9839,14.53673333,25.398,2026-07-07T05:51:31.0000000,UTC+02:00,2026-07-07T03:51:31.0000000+00:00
38,9,35.98558333,14.52966667,25.467,2026-07-07T05:21:30.0000000,UTC+02:00,2026-07-07T03:21:30.0000000+00:00
37,9,35.98686667,14.52263333,25.502,2026-07-07T04:51:31.0000000,UTC+02:00,2026-07-07T02:51:31.0000000+00:00
36,9,35.98806667,14.51558333,25.538,2026-07-07T04:22:02.0000000,UTC+02:00,2026-07-07T02:22:02.0000000+00:00
35,9,35.98958333,14.50818333,25.581,2026-07-07T03:51:31.0000000,UTC+02:00,2026-07-07T01:51:31.0000000+00:00
34,9,35.9912,14.50095,25.651,2026-07-07T03:21:58.0000000,UTC+02:00,2026-07-07T01:21:58.0000000+00:00
33,9,35.99285,14.4938,25.719,2026-07-07T02:51:57.0000000,UTC+02:00,2026-07-07T00:51:57.0000000+00:00
32,9,35.99413333,14.48691667,25.709,2026-07-07T02:21:31.0000000,UTC+02:00,2026-07-07T00:21:31.0000000+00:00
31,9,35.995,14.48048333,25.717,2026-07-07T01:51:31.0000000,UTC+02:00,2026-07-06T23:51:31.0000000+00:00
30,9,35.99543333,14.4748,25.72,2026-07-07T01:21:32.0000000,UTC+02:00,2026-07-06T23:21:32.0000000+00:00
29,9,35.99535,14.4696,25.748,2026-07-07T00:51:31.0000000,UTC+02:00,2026-07-06T22:51:31.0000000+00:00
28,9,35.99558333,14.46481667,25.662,2026-07-07T00:21:31.0000000,UTC+02:00,2026-07-06T22:21:31.0000000+00:00
27,9,35.99655,14.46076667,25.632,2026-07-06T23:51:27.0000000,UTC+02:00,2026-07-06T21:51:27.0000000+00:00
26,9,35.99838333,14.45753333,25.752,2026-07-06T23:21:30.0000000,UTC+02:00,2026-07-06T21:21:30.0000000+00:00
25,9,36.00123333,14.45528333,25.882,2026-07-06T22:51:31.0000000,UTC+02:00,2026-07-06T20:51:31.0000000+00:00
24,9,36.00421667,14.45378333,26.016,2026-07-06T22:21:31.0000000,UTC+02:00,2026-07-06T20:21:31.0000000+00:00
23,9,36.0076,14.45308333,26.068,2026-07-06T21:51:35.0000000,UTC+02:00,2026-07-06T19:51:35.0000000+00:00
22,9,36.01181667,14.45278333,26.265,2026-07-06T21:21:31.0000000,UTC+02:00,2026-07-06T19:21:31.0000000+00:00
21,9,36.01675,14.45276667,26.357,2026-07-06T20:51:30.0000000,UTC+02:00,2026-07-06T18:51:30.0000000+00:00
20,9,36.02215,14.45228333,26.808,2026-07-06T20:21:28.0000000,UTC+02:00,2026-07-06T18:21:28.0000000+00:00
19,9,36.0274,14.4515,27.053,2026-07-06T19:51:30.0000000,UTC+02:00,2026-07-06T17:51:30.0000000+00:00
18,9,36.0322,14.45056667,27.379,2026-07-06T19:21:31.0000000,UTC+02:00,2026-07-06T17:21:31.0000000+00:00
17,9,36.03646667,14.44941667,27.716,2026-07-06T18:51:31.0000000,UTC+02:00,2026-07-06T16:51:31.0000000+00:00
16,9,36.04008333,14.44871667,27.991,2026-07-06T18:21:29.0000000,UTC+02:00,2026-07-06T16:21:29.0000000+00:00
15,9,36.04366667,14.44856667,27.991,2026-07-06T17:51:30.0000000,UTC+02:00,2026-07-06T15:51:30.0000000+00:00
14,9,36.04653333,14.44858333,27.92,2026-07-06T17:21:31.0000000,UTC+02:00,2026-07-06T15:21:31.0000000+00:00
13,9,36.05005,14.44891667,27.934,2026-07-06T16:51:30.0000000,UTC+02:00,2026-07-06T14:51:30.0000000+00:00
12,9,36.05338333,14.44885,27.966,2026-07-06T16:21:30.0000000,UTC+02:00,2026-07-06T14:21:30.0000000+00:00
11,9,36.05688333,14.44876667,28.064,2026-07-06T15:51:30.0000000,UTC+02:00,2026-07-06T13:51:30.0000000+00:00
10,9,36.06046667,14.44958333,28.517,2026-07-06T15:21:30.0000000,UTC+02:00,2026-07-06T13:21:30.0000000+00:00
9,9,36.0631,14.45148333,28.744,2026-07-06T14:51:30.0000000,UTC+02:00,2026-07-06T12:51:30.0000000+00:00
8,9,36.06508333,14.45345,28.755,2026-07-06T14:21:30.0000000,UTC+02:00,2026-07-06T12:21:30.0000000+00:00
7,9,36.06685,14.45591667,28.12,2026-07-06T13:51:27.0000000,UTC+02:00,2026-07-06T11:51:27.0000000+00:00
6,9,36.06928333,14.45838333,27.825,2026-07-06T13:21:30.0000000,UTC+02:00,2026-07-06T11:21:30.0000000+00:00
5,9,36.07145,14.46061667,27.589,2026-07-06T12:51:31.0000000,UTC+02:00,2026-07-06T10:51:31.0000000+00:00
4,9,36.0734,14.46266667,27.456,2026-07-06T12:21:25.0000000,UTC+02:00,2026-07-06T10:21:25.0000000+00:00
3,9,36.07516667,14.46445,26.947,2026-07-06T11:51:31.0000000,UTC+02:00,2026-07-06T09:51:31.0000000+00:00
2,9,36.0764,14.46586667,26.767,2026-07-06T11:21:30.0000000,UTC+02:00,2026-07-06T09:21:30.0000000+00:00
1,9,36.0773,14.46726667,26.049,2026-07-06T10:51:34.0000000,UTC+02:00,2026-07-06T08:51:34.0000000+00:00
0,9,36.07831667,14.46928333,25.773,2026-07-06T10:21:32.0000000,UTC+02:00,2026-07-06T08:21:32.0000000+00:00
