FID,UtcTimestamp,lat,lon,time_utc
0,2026-07-06T07:51:54.0000000+00:00,36.17141667,14.52626667,2026-07-06 07:51:54
1,2026-07-06T08:21:54.0000000+00:00,36.16743333,14.52871667,2026-07-06 08:21:54
2,2026-07-06T08:51:54.0000000+00:00,36.16313333,14.53085,2026-07-06 08:51:54
3,2026-07-06T09:21:54.0000000+00:00,36.15881667,14.53266667,2026-07-06 09:21:54
4,2026-07-06T09:51:54.0000000+00:00,36.15411667,14.53395,2026-07-06 09:51:54
5,2026-07-06T10:21:54.0000000+00:00,36.14945,14.5347,2026-07-06 10:21:54
6,2026-07-06T10:51:54.0000000+00:00,36.14481667,14.53526667,2026-07-06 10:51:54
7,2026-07-06T11:21:54.0000000+00:00,36.14016667,14.53585,2026-07-06 11:21:54
8,2026-07-06T11:51:54.0000000+00:00,36.13561667,14.53598333,2026-07-06 11:51:54
9,2026-07-06T12:21:55.0000000+00:00,36.13095,14.5359,2026-07-06 12:21:55
10,2026-07-06T12:51:54.0000000+00:00,36.12608333,14.53571667,2026-07-06 12:51:54
11,2026-07-06T13:21:54.0000000+00:00,36.12026667,14.53618333,2026-07-06 13:21:54
12,2026-07-06T13:51:54.0000000+00:00,36.1147,14.53713333,2026-07-06 13:51:54
13,2026-07-06T14:21:54.0000000+00:00,36.10891667,14.53868333,2026-07-06 14:21:54
14,2026-07-06T14:51:55.0000000+00:00,36.10316667,14.54038333,2026-07-06 14:51:55
15,2026-07-06T15:21:54.0000000+00:00,36.09768333,14.54193333,2026-07-06 15:21:54
16,2026-07-06T15:51:55.0000000+00:00,36.0928,14.54376667,2026-07-06 15:51:55
17,2026-07-06T16:21:54.0000000+00:00,36.08773333,14.54515,2026-07-06 16:21:54
18,2026-07-06T16:51:55.0000000+00:00,36.08268333,14.54551667,2026-07-06 16:51:55
19,2026-07-06T17:21:54.0000000+00:00,36.07753333,14.54503333,2026-07-06 17:21:54
20,2026-07-06T17:51:54.0000000+00:00,36.07298333,14.54446667,2026-07-06 17:51:54
21,2026-07-06T18:22:01.0000000+00:00,36.06845,14.54343333,2026-07-06 18:22:01
22,2026-07-06T18:51:54.0000000+00:00,36.06411667,14.54186667,2026-07-06 18:51:54
23,2026-07-06T19:21:55.0000000+00:00,36.06045,14.54046667,2026-07-06 19:21:55
24,2026-07-06T19:51:54.0000000+00:00,36.05705,14.53943333,2026-07-06 19:51:54
25,2026-07-06T20:21:54.0000000+00:00,36.0539,14.53871667,2026-07-06 20:21:54
26,2026-07-06T20:51:56.0000000+00:00,36.051,14.5383,2026-07-06 20:51:56
27,2026-07-06T21:21:54.0000000+00:00,36.04856667,14.53861667,2026-07-06 21:21:54
28,2026-07-06T21:51:55.0000000+00:00,36.04635,14.53931667,2026-07-06 21:51:55
29,2026-07-06T22:21:54.0000000+00:00,36.04455,14.5411,2026-07-06 22:21:54
30,2026-07-06T22:52:19.0000000+00:00,36.04321667,14.54351667,2026-07-06 22:52:19
31,2026-07-06T23:21:54.0000000+00:00,36.0426,14.54633333,2026-07-06 23:21:54
32,2026-07-06T23:52:01.0000000+00:00,36.0422,14.54968333,2026-07-06 23:52:01
33,2026-07-07T00:21:54.0000000+00:00,36.04221667,14.5535,2026-07-07 00:21:54
34,2026-07-07T00:52:25.0000000+00:00,36.04236667,14.55828333,2026-07-07 00:52:25
35,2026-07-07T01:21:55.0000000+00:00,36.04195,14.56328333,2026-07-07 01:21:55
36,2026-07-07T01:51:55.0000000+00:00,36.041,14.56903333,2026-07-07 01:51:55
37,2026-07-07T02:21:54.0000000+00:00,36.04016667,14.57506667,2026-07-07 02:21:54
38,2026-07-07T02:51:55.0000000+00:00,36.0392,14.58105,2026-07-07 02:51:55
39,2026-07-07T03:21:54.0000000+00:00,36.03788333,14.58736667,2026-07-07 03:21:54
40,2026-07-07T03:52:00.0000000+00:00,36.03526667,14.59391667,2026-07-07 03:52:00
41,2026-07-07T04:21:54.0000000+00:00,36.0324,14.60066667,2026-07-07 04:21:54
42,2026-07-07T04:51:55.0000000+00:00,36.02906667,14.60751667,2026-07-07 04:51:55
43,2026-07-07T05:21:54.0000000+00:00,36.02545,14.61431667,2026-07-07 05:21:54
44,2026-07-07T05:52:01.0000000+00:00,36.0208,14.62125,2026-07-07 05:52:01
45,2026-07-07T06:22:00.0000000+00:00,36.01581667,14.62805,2026-07-07 06:22:00
46,2026-07-07T06:51:55.0000000+00:00,36.00983333,14.6348,2026-07-07 06:51:55
47,2026-07-07T07:21:55.0000000+00:00,36.00305,14.64131667,2026-07-07 07:21:55
48,2026-07-07T07:51:55.0000000+00:00,35.99591667,14.64721667,2026-07-07 07:51:55
49,2026-07-07T08:21:54.0000000+00:00,35.98846667,14.65233333,2026-07-07 08:21:54
50,2026-07-07T08:51:57.0000000+00:00,35.98088333,14.65663333,2026-07-07 08:51:57
51,2026-07-07T09:21:54.0000000+00:00,35.97313333,14.66035,2026-07-07 09:21:54
52,2026-07-07T09:52:25.0000000+00:00,35.96548333,14.66318333,2026-07-07 09:52:25
53,2026-07-07T10:21:54.0000000+00:00,35.95838333,14.66553333,2026-07-07 10:21:54
54,2026-07-07T10:51:54.0000000+00:00,35.95105,14.66756667,2026-07-07 10:51:54
55,2026-07-07T11:21:55.0000000+00:00,35.94378333,14.66883333,2026-07-07 11:21:55
56,2026-07-07T11:51:54.0000000+00:00,35.93675,14.66968333,2026-07-07 11:51:54
57,2026-07-07T12:21:54.0000000+00:00,35.92951667,14.6699,2026-07-07 12:21:54
58,2026-07-07T12:51:55.0000000+00:00,35.92285,14.66943333,2026-07-07 12:51:55
59,2026-07-07T13:21:54.0000000+00:00,35.91641667,14.66851667,2026-07-07 13:21:54
60,2026-07-07T13:52:01.0000000+00:00,35.91013333,14.6676,2026-07-07 13:52:01
61,2026-07-07T14:22:02.0000000+00:00,35.90418333,14.66626667,2026-07-07 14:22:02
62,2026-07-07T14:51:55.0000000+00:00,35.89815,14.66426667,2026-07-07 14:51:55
63,2026-07-07T15:22:31.0000000+00:00,35.89233333,14.66216667,2026-07-07 15:22:31
64,2026-07-07T15:51:54.0000000+00:00,35.88783333,14.6609,2026-07-07 15:51:54
65,2026-07-07T16:21:54.0000000+00:00,35.8837,14.66033333,2026-07-07 16:21:54
66,2026-07-07T16:51:55.0000000+00:00,35.88001667,14.66003333,2026-07-07 16:51:55
67,2026-07-07T17:21:54.0000000+00:00,35.87761667,14.65943333,2026-07-07 17:21:54
68,2026-07-07T17:51:55.0000000+00:00,35.87635,14.66086667,2026-07-07 17:51:55
69,2026-07-07T18:21:54.0000000+00:00,35.87546667,14.6635,2026-07-07 18:21:54
70,2026-07-07T18:51:59.0000000+00:00,35.8742,14.6661,2026-07-07 18:51:59
71,2026-07-07T19:21:54.0000000+00:00,35.8726,14.66788333,2026-07-07 19:21:54
72,2026-07-07T19:51:54.0000000+00:00,35.87186667,14.66975,2026-07-07 19:51:54
73,2026-07-07T20:21:54.0000000+00:00,35.87096667,14.67131667,2026-07-07 20:21:54
74,2026-07-07T20:51:54.0000000+00:00,35.86988333,14.67401667,2026-07-07 20:51:54
75,2026-07-07T21:21:54.0000000+00:00,35.86853333,14.67761667,2026-07-07 21:21:54
76,2026-07-07T21:51:54.0000000+00:00,35.8675,14.68108333,2026-07-07 21:51:54
77,2026-07-07T22:21:54.0000000+00:00,35.86638333,14.68416667,2026-07-07 22:21:54
78,2026-07-07T22:51:54.0000000+00:00,35.86481667,14.68756667,2026-07-07 22:51:54
79,2026-07-07T23:21:54.0000000+00:00,35.86291667,14.69103333,2026-07-07 23:21:54
80,2026-07-07T23:52:04.0000000+00:00,35.86053333,14.69501667,2026-07-07 23:52:04
81,2026-07-08T00:22:01.0000000+00:00,35.8574,14.6998,2026-07-08 00:22:01
82,2026-07-08T00:51:54.0000000+00:00,35.85391667,14.70506667,2026-07-08 00:51:54
83,2026-07-08T01:22:31.0000000+00:00,35.85018333,14.71095,2026-07-08 01:22:31
84,2026-07-08T01:52:01.0000000+00:00,35.84653333,14.7165,2026-07-08 01:52:01
85,2026-07-08T02:21:54.0000000+00:00,35.84235,14.72185,2026-07-08 02:21:54
86,2026-07-08T02:51:54.0000000+00:00,35.83708333,14.7271,2026-07-08 02:51:54
87,2026-07-08T03:21:55.0000000+00:00,35.83133333,14.73263333,2026-07-08 03:21:55
88,2026-07-08T03:51:55.0000000+00:00,35.82541667,14.73856667,2026-07-08 03:51:55
89,2026-07-08T04:21:54.0000000+00:00,35.81916667,14.74498333,2026-07-08 04:21:54
90,2026-07-08T04:52:01.0000000+00:00,35.8122,14.75091667,2026-07-08 04:52:01
91,2026-07-08T05:22:19.0000000+00:00,35.80401667,14.75583333,2026-07-08 05:22:19
92,2026-07-08T05:51:55.0000000+00:00,35.7956,14.75945,2026-07-08 05:51:55
93,2026-07-08T06:21:54.0000000+00:00,35.78768333,14.76223333,2026-07-08 06:21:54
94,2026-07-08T06:51:54.0000000+00:00,35.7799,14.7645,2026-07-08 06:51:54
95,2026-07-08T07:21:54.0000000+00:00,35.77158333,14.76611667,2026-07-08 07:21:54
96,2026-07-08T07:51:55.0000000+00:00,35.76346667,14.7668,2026-07-08 07:51:55
97,2026-07-08T08:22:07.0000000+00:00,35.75525,14.76645,2026-07-08 08:22:07
98,2026-07-08T08:52:01.0000000+00:00,35.74701667,14.76478333,2026-07-08 08:52:01
99,2026-07-08T09:21:54.0000000+00:00,35.73921667,14.7625,2026-07-08 09:21:54
100,2026-07-08T09:51:54.0000000+00:00,35.73205,14.75938333,2026-07-08 09:51:54
101,2026-07-08T10:22:01.0000000+00:00,35.7253,14.75666667,2026-07-08 10:22:01
102,2026-07-08T10:51:55.0000000+00:00,35.71873333,14.75341667,2026-07-08 10:51:55
103,2026-07-08T11:21:54.0000000+00:00,35.71318333,14.75045,2026-07-08 11:21:54
104,2026-07-08T11:51:54.0000000+00:00,35.70913333,14.74855,2026-07-08 11:51:54
105,2026-07-08T12:21:55.0000000+00:00,35.70578333,14.74688333,2026-07-08 12:21:55
106,2026-07-08T12:52:02.0000000+00:00,35.70291667,14.74548333,2026-07-08 12:52:02
107,2026-07-08T13:22:01.0000000+00:00,35.70095,14.74546667,2026-07-08 13:22:01
108,2026-07-08T13:51:54.0000000+00:00,35.69916667,14.74633333,2026-07-08 13:51:54
109,2026-07-08T14:21:55.0000000+00:00,35.6972,14.74715,2026-07-08 14:21:55
110,2026-07-08T14:51:54.0000000+00:00,35.6953,14.7481,2026-07-08 14:51:54
111,2026-07-08T15:23:01.0000000+00:00,35.69376667,14.74995,2026-07-08 15:23:01
112,2026-07-08T15:52:01.0000000+00:00,35.6918,14.75146667,2026-07-08 15:52:01
113,2026-07-08T16:21:54.0000000+00:00,35.68965,14.75298333,2026-07-08 16:21:54
114,2026-07-08T16:52:03.0000000+00:00,35.6876,14.75421667,2026-07-08 16:52:03
115,2026-07-08T17:21:55.0000000+00:00,35.68576667,14.75568333,2026-07-08 17:21:55
116,2026-07-08T17:51:54.0000000+00:00,35.68441667,14.75763333,2026-07-08 17:51:54
117,2026-07-08T18:21:54.0000000+00:00,35.68346667,14.76018333,2026-07-08 18:21:54
118,2026-07-08T18:52:01.0000000+00:00,35.68236667,14.76321667,2026-07-08 18:52:01
119,2026-07-08T19:22:19.0000000+00:00,35.68085,14.76628333,2026-07-08 19:22:19
120,2026-07-08T19:51:54.0000000+00:00,35.6794,14.76978333,2026-07-08 19:51:54
121,2026-07-08T20:22:19.0000000+00:00,35.67741667,14.77325,2026-07-08 20:22:19
122,2026-07-08T20:51:54.0000000+00:00,35.67541667,14.77705,2026-07-08 20:51:54
123,2026-07-08T21:21:54.0000000+00:00,35.67308333,14.78111667,2026-07-08 21:21:54
124,2026-07-08T21:51:54.0000000+00:00,35.67021667,14.78518333,2026-07-08 21:51:54
125,2026-07-08T22:21:55.0000000+00:00,35.66696667,14.78861667,2026-07-08 22:21:55
126,2026-07-08T22:52:02.0000000+00:00,35.66381667,14.79211667,2026-07-08 22:52:02
127,2026-07-08T23:22:22.0000000+00:00,35.66011667,14.79631667,2026-07-08 23:22:22
128,2026-07-08T23:51:54.0000000+00:00,35.65608333,14.8005,2026-07-08 23:51:54
129,2026-07-09T00:22:01.0000000+00:00,35.65111667,14.8048,2026-07-09 00:22:01
130,2026-07-09T00:52:04.0000000+00:00,35.6461,14.8088,2026-07-09 00:52:04
131,2026-07-09T01:22:08.0000000+00:00,35.64025,14.81255,2026-07-09 01:22:08
132,2026-07-09T01:51:54.0000000+00:00,35.63415,14.81565,2026-07-09 01:51:54
133,2026-07-09T02:22:49.0000000+00:00,35.6279,14.81835,2026-07-09 02:22:49
134,2026-07-09T02:52:02.0000000+00:00,35.62271667,14.82011667,2026-07-09 02:52:02
135,2026-07-09T03:22:01.0000000+00:00,35.61786667,14.82146667,2026-07-09 03:22:01
136,2026-07-09T03:52:01.0000000+00:00,35.61268333,14.8227,2026-07-09 03:52:01
137,2026-07-09T04:21:54.0000000+00:00,35.60778333,14.82336667,2026-07-09 04:21:54
138,2026-07-09T04:51:54.0000000+00:00,35.60291667,14.82411667,2026-07-09 04:51:54
139,2026-07-09T05:21:54.0000000+00:00,35.59773333,14.82441667,2026-07-09 05:21:54
140,2026-07-09T05:51:55.0000000+00:00,35.5923,14.82516667,2026-07-09 05:51:55
141,2026-07-09T06:22:01.0000000+00:00,35.58648333,14.8254,2026-07-09 06:22:01
142,2026-07-09T06:52:01.0000000+00:00,35.58058333,14.82545,2026-07-09 06:52:01
143,2026-07-09T07:21:55.0000000+00:00,35.5746,14.825,2026-07-09 07:21:55
144,2026-07-09T07:52:03.0000000+00:00,35.56878333,14.82358333,2026-07-09 07:52:03
145,2026-07-09T08:22:52.0000000+00:00,35.5631,14.8215,2026-07-09 08:22:52
146,2026-07-09T08:52:19.0000000+00:00,35.55768333,14.81983333,2026-07-09 08:52:19
147,2026-07-09T09:21:54.0000000+00:00,35.55253333,14.81826667,2026-07-09 09:21:54
148,2026-07-09T09:51:54.0000000+00:00,35.54728333,14.81643333,2026-07-09 09:51:54
149,2026-07-09T10:21:55.0000000+00:00,35.542,14.81415,2026-07-09 10:21:55
150,2026-07-09T10:51:54.0000000+00:00,35.53678333,14.81123333,2026-07-09 10:51:54
151,2026-07-09T11:21:54.0000000+00:00,35.53191667,14.80778333,2026-07-09 11:21:54
152,2026-07-09T11:51:54.0000000+00:00,35.52736667,14.80473333,2026-07-09 11:51:54
153,2026-07-09T12:22:01.0000000+00:00,35.52308333,14.80173333,2026-07-09 12:22:01
154,2026-07-09T12:51:54.0000000+00:00,35.51951667,14.7988,2026-07-09 12:51:54
155,2026-07-09T13:22:01.0000000+00:00,35.51625,14.79616667,2026-07-09 13:22:01
156,2026-07-09T13:52:02.0000000+00:00,35.51361667,14.7941,2026-07-09 13:52:02
157,2026-07-09T14:21:54.0000000+00:00,35.51168333,14.79156667,2026-07-09 14:21:54
158,2026-07-09T14:51:54.0000000+00:00,35.51036667,14.78971667,2026-07-09 14:51:54
159,2026-07-09T15:21:56.0000000+00:00,35.50905,14.78838333,2026-07-09 15:21:56
160,2026-07-09T15:51:54.0000000+00:00,35.508,14.78753333,2026-07-09 15:51:54
161,2026-07-09T16:21:54.0000000+00:00,35.50683333,14.78713333,2026-07-09 16:21:54
162,2026-07-09T16:51:54.0000000+00:00,35.50578333,14.78658333,2026-07-09 16:51:54
163,2026-07-09T17:22:01.0000000+00:00,35.50496667,14.78606667,2026-07-09 17:22:01
164,2026-07-09T17:51:54.0000000+00:00,35.50413333,14.78545,2026-07-09 17:51:54
165,2026-07-09T18:22:01.0000000+00:00,35.50313333,14.78458333,2026-07-09 18:22:01
166,2026-07-09T18:51:54.0000000+00:00,35.50271667,14.78345,2026-07-09 18:51:54
167,2026-07-09T19:21:54.0000000+00:00,35.50288333,14.78231667,2026-07-09 19:21:54
168,2026-07-09T19:51:54.0000000+00:00,35.50363333,14.78175,2026-07-09 19:51:54
169,2026-07-09T20:21:54.0000000+00:00,35.50466667,14.78211667,2026-07-09 20:21:54
170,2026-07-09T20:51:55.0000000+00:00,35.50605,14.7824,2026-07-09 20:51:55
171,2026-07-09T21:22:02.0000000+00:00,35.5076,14.78256667,2026-07-09 21:22:02
172,2026-07-09T21:51:54.0000000+00:00,35.50906667,14.78283333,2026-07-09 21:51:54
173,2026-07-09T22:21:54.0000000+00:00,35.51058333,14.78323333,2026-07-09 22:21:54
174,2026-07-09T22:52:17.0000000+00:00,35.51226667,14.78443333,2026-07-09 22:52:17
175,2026-07-09T23:21:55.0000000+00:00,35.51381667,14.7858,2026-07-09 23:21:55
176,2026-07-09T23:52:19.0000000+00:00,35.51533333,14.78723333,2026-07-09 23:52:19
177,2026-07-10T00:22:19.0000000+00:00,35.51623333,14.78875,2026-07-10 00:22:19
178,2026-07-10T00:51:54.0000000+00:00,35.51655,14.79,2026-07-10 00:51:54
179,2026-07-10T01:21:58.0000000+00:00,35.5165,14.79156667,2026-07-10 01:21:58
180,2026-07-10T01:51:54.0000000+00:00,35.51591667,14.793,2026-07-10 01:51:54
181,2026-07-10T02:21:54.0000000+00:00,35.51475,14.79501667,2026-07-10 02:21:54
182,2026-07-10T02:51:55.0000000+00:00,35.51275,14.7963,2026-07-10 02:51:55
183,2026-07-10T03:21:54.0000000+00:00,35.51055,14.79731667,2026-07-10 03:21:54
184,2026-07-10T03:51:54.0000000+00:00,35.50788333,14.79791667,2026-07-10 03:51:54
185,2026-07-10T04:21:54.0000000+00:00,35.50476667,14.79796667,2026-07-10 04:21:54
186,2026-07-10T04:51:54.0000000+00:00,35.5013,14.7975,2026-07-10 04:51:54
187,2026-07-10T05:21:55.0000000+00:00,35.49806667,14.79575,2026-07-10 05:21:55
188,2026-07-10T05:52:01.0000000+00:00,35.49513333,14.7927,2026-07-10 05:52:01
189,2026-07-10T06:21:55.0000000+00:00,35.4923,14.78866667,2026-07-10 06:21:55
190,2026-07-10T06:51:55.0000000+00:00,35.48983333,14.78345,2026-07-10 06:51:55
191,2026-07-10T07:21:54.0000000+00:00,35.48718333,14.77711667,2026-07-10 07:21:54
192,2026-07-10T07:51:54.0000000+00:00,35.48473333,14.77023333,2026-07-10 07:51:54
193,2026-07-10T08:21:54.0000000+00:00,35.48243333,14.76291667,2026-07-10 08:21:54
194,2026-07-10T08:51:56.0000000+00:00,35.4805,14.75481667,2026-07-10 08:51:56
195,2026-07-10T09:21:54.0000000+00:00,35.47895,14.74623333,2026-07-10 09:21:54
196,2026-07-10T09:51:54.0000000+00:00,35.47826667,14.73685,2026-07-10 09:51:54
197,2026-07-10T10:21:54.0000000+00:00,35.47838333,14.72796667,2026-07-10 10:21:54
198,2026-07-10T10:51:54.0000000+00:00,35.4799,14.71965,2026-07-10 10:51:54
199,2026-07-10T11:21:54.0000000+00:00,35.48221667,14.7113,2026-07-10 11:21:54
200,2026-07-10T11:51:54.0000000+00:00,35.48478333,14.70365,2026-07-10 11:51:54
201,2026-07-10T12:21:54.0000000+00:00,35.48788333,14.69645,2026-07-10 12:21:54
202,2026-07-10T12:51:54.0000000+00:00,35.49145,14.68963333,2026-07-10 12:51:54
203,2026-07-10T13:21:54.0000000+00:00,35.49568333,14.68296667,2026-07-10 13:21:54
204,2026-07-10T13:51:55.0000000+00:00,35.50023333,14.67691667,2026-07-10 13:51:55
205,2026-07-10T14:21:54.0000000+00:00,35.50516667,14.67138333,2026-07-10 14:21:54
206,2026-07-10T14:51:54.0000000+00:00,35.51016667,14.66658333,2026-07-10 14:51:54
207,2026-07-10T15:22:01.0000000+00:00,35.51471667,14.66308333,2026-07-10 15:22:01
208,2026-07-10T15:51:54.0000000+00:00,35.51891667,14.65968333,2026-07-10 15:51:54
209,2026-07-10T16:22:19.0000000+00:00,35.52298333,14.65631667,2026-07-10 16:22:19
210,2026-07-10T16:51:54.0000000+00:00,35.52623333,14.65413333,2026-07-10 16:51:54
211,2026-07-10T17:22:25.0000000+00:00,35.52888333,14.65196667,2026-07-10 17:22:25
212,2026-07-10T17:51:54.0000000+00:00,35.53111667,14.64965,2026-07-10 17:51:54
213,2026-07-10T18:21:54.0000000+00:00,35.53306667,14.64748333,2026-07-10 18:21:54
214,2026-07-10T18:51:55.0000000+00:00,35.53498333,14.64553333,2026-07-10 18:51:55
215,2026-07-10T19:21:54.0000000+00:00,35.53633333,14.6437,2026-07-10 19:21:54
216,2026-07-10T19:51:56.0000000+00:00,35.53746667,14.64183333,2026-07-10 19:51:56
217,2026-07-10T20:21:54.0000000+00:00,35.53868333,14.6405,2026-07-10 20:21:54
218,2026-07-10T20:51:54.0000000+00:00,35.54,14.6399,2026-07-10 20:51:54
219,2026-07-10T21:21:54.0000000+00:00,35.54083333,14.63948333,2026-07-10 21:21:54
220,2026-07-10T21:51:54.0000000+00:00,35.5411,14.63891667,2026-07-10 21:51:54
221,2026-07-10T22:21:54.0000000+00:00,35.54078333,14.63835,2026-07-10 22:21:54
222,2026-07-10T22:52:01.0000000+00:00,35.54,14.63743333,2026-07-10 22:52:01
223,2026-07-10T23:21:54.0000000+00:00,35.53855,14.63603333,2026-07-10 23:21:54
224,2026-07-10T23:51:54.0000000+00:00,35.53665,14.63365,2026-07-10 23:51:54
225,2026-07-11T00:22:25.0000000+00:00,35.53435,14.63063333,2026-07-11 00:22:25
226,2026-07-11T00:51:54.0000000+00:00,35.53216667,14.62745,2026-07-11 00:51:54
227,2026-07-11T01:21:54.0000000+00:00,35.5297,14.62391667,2026-07-11 01:21:54
228,2026-07-11T01:52:03.0000000+00:00,35.52696667,14.61983333,2026-07-11 01:52:03
229,2026-07-11T02:21:54.0000000+00:00,35.52453333,14.61505,2026-07-11 02:21:54
230,2026-07-11T02:51:56.0000000+00:00,35.52258333,14.60933333,2026-07-11 02:51:56
231,2026-07-11T03:21:58.0000000+00:00,35.52101667,14.6027,2026-07-11 03:21:58
232,2026-07-11T03:51:54.0000000+00:00,35.51978333,14.59611667,2026-07-11 03:51:54
233,2026-07-11T04:21:54.0000000+00:00,35.51916667,14.58893333,2026-07-11 04:21:54
234,2026-07-11T04:51:54.0000000+00:00,35.51896667,14.58218333,2026-07-11 04:51:54
235,2026-07-11T05:22:01.0000000+00:00,35.51906667,14.57571667,2026-07-11 05:22:01
236,2026-07-11T05:51:54.0000000+00:00,35.5198,14.56968333,2026-07-11 05:51:54
237,2026-07-11T06:21:54.0000000+00:00,35.52101667,14.564,2026-07-11 06:21:54
238,2026-07-11T06:51:54.0000000+00:00,35.52218333,14.55965,2026-07-11 06:51:54
239,2026-07-11T07:21:57.0000000+00:00,35.5233,14.55623333,2026-07-11 07:21:57
240,2026-07-11T07:51:56.0000000+00:00,35.52468333,14.55345,2026-07-11 07:51:56
241,2026-07-11T08:21:54.0000000+00:00,35.5263,14.55046667,2026-07-11 08:21:54
242,2026-07-11T08:51:55.0000000+00:00,35.52778333,14.54721667,2026-07-11 08:51:55
243,2026-07-11T09:21:56.0000000+00:00,35.52946667,14.54448333,2026-07-11 09:21:56
244,2026-07-11T09:51:57.0000000+00:00,35.53145,14.54146667,2026-07-11 09:51:57
245,2026-07-11T10:21:55.0000000+00:00,35.53365,14.53823333,2026-07-11 10:21:55
246,2026-07-11T10:51:57.0000000+00:00,35.53585,14.53515,2026-07-11 10:51:57
247,2026-07-11T11:21:54.0000000+00:00,35.53791667,14.53225,2026-07-11 11:21:54
248,2026-07-11T11:51:55.0000000+00:00,35.5399,14.52926667,2026-07-11 11:51:55
249,2026-07-11T12:21:54.0000000+00:00,35.54171667,14.52593333,2026-07-11 12:21:54
250,2026-07-11T12:51:57.0000000+00:00,35.54366667,14.52285,2026-07-11 12:51:57
251,2026-07-11T13:21:54.0000000+00:00,35.54556667,14.51956667,2026-07-11 13:21:54
252,2026-07-11T13:51:54.0000000+00:00,35.54753333,14.51603333,2026-07-11 13:51:54
253,2026-07-11T14:22:01.0000000+00:00,35.55,14.51276667,2026-07-11 14:22:01
254,2026-07-11T14:51:56.0000000+00:00,35.5524,14.51005,2026-07-11 14:51:56
255,2026-07-11T15:21:55.0000000+00:00,35.5548,14.50755,2026-07-11 15:21:55
256,2026-07-11T15:51:56.0000000+00:00,35.55651667,14.50535,2026-07-11 15:51:56
257,2026-07-11T16:21:56.0000000+00:00,35.55768333,14.50293333,2026-07-11 16:21:56
258,2026-07-11T16:51:56.0000000+00:00,35.55881667,14.50091667,2026-07-11 16:51:56
259,2026-07-11T17:21:57.0000000+00:00,35.55948333,14.4994,2026-07-11 17:21:57
260,2026-07-11T17:51:55.0000000+00:00,35.55995,14.49785,2026-07-11 17:51:55
261,2026-07-11T18:22:19.0000000+00:00,35.56,14.49595,2026-07-11 18:22:19
262,2026-07-11T18:52:01.0000000+00:00,35.56018333,14.4938,2026-07-11 18:52:01
263,2026-07-11T19:22:01.0000000+00:00,35.56038333,14.49156667,2026-07-11 19:22:01
264,2026-07-11T19:52:01.0000000+00:00,35.56058333,14.48911667,2026-07-11 19:52:01
265,2026-07-11T20:22:02.0000000+00:00,35.5607,14.48623333,2026-07-11 20:22:02
266,2026-07-11T20:52:16.0000000+00:00,35.56093333,14.48325,2026-07-11 20:52:16
267,2026-07-11T21:21:57.0000000+00:00,35.56086667,14.48015,2026-07-11 21:21:57
268,2026-07-11T21:52:07.0000000+00:00,35.56058333,14.47708333,2026-07-11 21:52:07
269,2026-07-11T22:22:01.0000000+00:00,35.56003333,14.47395,2026-07-11 22:22:01
270,2026-07-11T22:52:00.0000000+00:00,35.55956667,14.47056667,2026-07-11 22:52:00
271,2026-07-11T23:22:00.0000000+00:00,35.55933333,14.46695,2026-07-11 23:22:00
272,2026-07-11T23:51:54.0000000+00:00,35.55951667,14.46328333,2026-07-11 23:51:54
273,2026-07-12T00:22:04.0000000+00:00,35.5595,14.46008333,2026-07-12 00:22:04
274,2026-07-12T00:52:27.0000000+00:00,35.55936667,14.45751667,2026-07-12 00:52:27
275,2026-07-12T01:22:01.0000000+00:00,35.55916667,14.4552,2026-07-12 01:22:01
276,2026-07-12T01:52:01.0000000+00:00,35.55951667,14.45271667,2026-07-12 01:52:01
277,2026-07-12T02:22:00.0000000+00:00,35.55983333,14.45048333,2026-07-12 02:22:00
278,2026-07-12T02:52:01.0000000+00:00,35.55995,14.44865,2026-07-12 02:52:01
279,2026-07-12T03:22:25.0000000+00:00,35.56018333,14.44666667,2026-07-12 03:22:25
280,2026-07-12T03:52:01.0000000+00:00,35.56056667,14.44501667,2026-07-12 03:52:01
281,2026-07-12T04:22:00.0000000+00:00,35.5611,14.44328333,2026-07-12 04:22:00
282,2026-07-12T04:51:56.0000000+00:00,35.56175,14.44218333,2026-07-12 04:51:56
283,2026-07-12T05:22:01.0000000+00:00,35.5623,14.4412,2026-07-12 05:22:01
284,2026-07-12T05:51:59.0000000+00:00,35.56303333,14.44105,2026-07-12 05:51:59
285,2026-07-12T06:21:57.0000000+00:00,35.56376667,14.44171667,2026-07-12 06:21:57
286,2026-07-12T06:52:01.0000000+00:00,35.56426667,14.44313333,2026-07-12 06:52:01
287,2026-07-12T07:22:01.0000000+00:00,35.56471667,14.44495,2026-07-12 07:22:01
288,2026-07-12T07:52:01.0000000+00:00,35.5649,14.44658333,2026-07-12 07:52:01
289,2026-07-12T08:22:01.0000000+00:00,35.5647,14.44816667,2026-07-12 08:22:01
290,2026-07-12T08:52:01.0000000+00:00,35.56435,14.44976667,2026-07-12 08:52:01
291,2026-07-12T09:22:00.0000000+00:00,35.56381667,14.45135,2026-07-12 09:22:00
292,2026-07-12T09:52:00.0000000+00:00,35.56276667,14.45296667,2026-07-12 09:52:00
293,2026-07-12T10:22:00.0000000+00:00,35.56151667,14.45456667,2026-07-12 10:22:00
294,2026-07-12T10:51:58.0000000+00:00,35.56023333,14.45623333,2026-07-12 10:51:58
295,2026-07-12T11:22:00.0000000+00:00,35.55886667,14.45753333,2026-07-12 11:22:00
296,2026-07-12T11:52:00.0000000+00:00,35.5574,14.45851667,2026-07-12 11:52:00
297,2026-07-12T12:22:01.0000000+00:00,35.55575,14.45911667,2026-07-12 12:22:01
298,2026-07-12T12:52:00.0000000+00:00,35.5538,14.4594,2026-07-12 12:52:00
299,2026-07-12T13:22:00.0000000+00:00,35.55153333,14.4591,2026-07-12 13:22:00
300,2026-07-12T13:52:00.0000000+00:00,35.54911667,14.45773333,2026-07-12 13:52:00
301,2026-07-12T14:22:00.0000000+00:00,35.54675,14.45613333,2026-07-12 14:22:00
302,2026-07-12T14:52:01.0000000+00:00,35.54476667,14.4539,2026-07-12 14:52:01
303,2026-07-12T15:22:00.0000000+00:00,35.54336667,14.45143333,2026-07-12 15:22:00
304,2026-07-12T15:52:00.0000000+00:00,35.54241667,14.44845,2026-07-12 15:52:00
305,2026-07-12T16:22:00.0000000+00:00,35.5417,14.4454,2026-07-12 16:22:00
306,2026-07-12T16:52:04.0000000+00:00,35.54138333,14.44201667,2026-07-12 16:52:04
307,2026-07-12T17:22:01.0000000+00:00,35.54161667,14.43833333,2026-07-12 17:22:01
308,2026-07-12T17:52:01.0000000+00:00,35.54245,14.43491667,2026-07-12 17:52:01
309,2026-07-12T18:22:01.0000000+00:00,35.5439,14.43238333,2026-07-12 18:22:01
310,2026-07-12T18:52:01.0000000+00:00,35.54558333,14.42993333,2026-07-12 18:52:01
311,2026-07-12T19:21:57.0000000+00:00,35.54775,14.42773333,2026-07-12 19:21:57
312,2026-07-12T19:52:01.0000000+00:00,35.55013333,14.42548333,2026-07-12 19:52:01
313,2026-07-12T20:22:01.0000000+00:00,35.55241667,14.42335,2026-07-12 20:22:01
314,2026-07-12T20:52:01.0000000+00:00,35.55493333,14.42138333,2026-07-12 20:52:01
315,2026-07-12T21:22:25.0000000+00:00,35.55736667,14.41953333,2026-07-12 21:22:25
316,2026-07-12T21:52:25.0000000+00:00,35.55956667,14.41796667,2026-07-12 21:52:25
317,2026-07-12T22:21:57.0000000+00:00,35.5615,14.4167,2026-07-12 22:21:57
318,2026-07-12T22:52:01.0000000+00:00,35.56316667,14.41581667,2026-07-12 22:52:01
319,2026-07-12T23:22:17.0000000+00:00,35.56458333,14.41488333,2026-07-12 23:22:17
320,2026-07-12T23:52:00.0000000+00:00,35.56576667,14.414,2026-07-12 23:52:00
321,2026-07-13T00:22:01.0000000+00:00,35.56656667,14.41335,2026-07-13 00:22:01
322,2026-07-13T00:52:01.0000000+00:00,35.56693333,14.41265,2026-07-13 00:52:01
323,2026-07-13T01:22:00.0000000+00:00,35.567,14.41165,2026-07-13 01:22:00
324,2026-07-13T01:52:31.0000000+00:00,35.56695,14.411,2026-07-13 01:52:31
325,2026-07-13T02:22:00.0000000+00:00,35.56606667,14.41098333,2026-07-13 02:22:00
326,2026-07-13T02:52:01.0000000+00:00,35.56456667,14.41061667,2026-07-13 02:52:01
327,2026-07-13T03:22:00.0000000+00:00,35.5628,14.40998333,2026-07-13 03:22:00
328,2026-07-13T03:52:01.0000000+00:00,35.56048333,14.40936667,2026-07-13 03:52:01
329,2026-07-13T04:22:00.0000000+00:00,35.55643333,14.40828333,2026-07-13 04:22:00
330,2026-07-13T04:52:00.0000000+00:00,35.5511,14.40683333,2026-07-13 04:52:00
331,2026-07-13T05:22:02.0000000+00:00,35.5456,14.40508333,2026-07-13 05:22:02
332,2026-07-13T05:52:00.0000000+00:00,35.53976667,14.40293333,2026-07-13 05:52:00
333,2026-07-13T06:22:01.0000000+00:00,35.53321667,14.39998333,2026-07-13 06:22:01
334,2026-07-13T06:52:00.0000000+00:00,35.52656667,14.3964,2026-07-13 06:52:00
335,2026-07-13T07:22:01.0000000+00:00,35.5197,14.39155,2026-07-13 07:22:01
336,2026-07-13T07:52:01.0000000+00:00,35.5125,14.38571667,2026-07-13 07:52:01
337,2026-07-13T08:21:57.0000000+00:00,35.50433333,14.37925,2026-07-13 08:21:57
338,2026-07-13T08:52:01.0000000+00:00,35.49661667,14.37203333,2026-07-13 08:52:01
339,2026-07-13T09:22:00.0000000+00:00,35.48905,14.36425,2026-07-13 09:22:00
340,2026-07-13T09:52:01.0000000+00:00,35.48195,14.3562,2026-07-13 09:52:01
341,2026-07-13T10:22:03.0000000+00:00,35.47558333,14.34751667,2026-07-13 10:22:03
342,2026-07-13T10:52:00.0000000+00:00,35.46951667,14.33791667,2026-07-13 10:52:00
343,2026-07-13T11:22:00.0000000+00:00,35.46471667,14.3267,2026-07-13 11:22:00
344,2026-07-13T11:52:31.0000000+00:00,35.4603,14.3136,2026-07-13 11:52:31
345,2026-07-13T12:22:00.0000000+00:00,35.457,14.30051667,2026-07-13 12:22:00
346,2026-07-13T12:52:00.0000000+00:00,35.4544,14.28671667,2026-07-13 12:52:00
347,2026-07-13T13:22:01.0000000+00:00,35.45248333,14.27341667,2026-07-13 13:22:01
348,2026-07-13T13:52:00.0000000+00:00,35.45141667,14.26056667,2026-07-13 13:52:00
349,2026-07-13T14:22:00.0000000+00:00,35.45166667,14.24808333,2026-07-13 14:22:00
350,2026-07-13T14:52:29.0000000+00:00,35.45305,14.23603333,2026-07-13 14:52:29
351,2026-07-13T15:22:00.0000000+00:00,35.4552,14.2252,2026-07-13 15:22:00
352,2026-07-13T15:52:01.0000000+00:00,35.45823333,14.21563333,2026-07-13 15:52:01
353,2026-07-13T16:21:57.0000000+00:00,35.46188333,14.20748333,2026-07-13 16:21:57
354,2026-07-13T16:52:00.0000000+00:00,35.46545,14.20045,2026-07-13 16:52:00
355,2026-07-13T17:22:00.0000000+00:00,35.46866667,14.19416667,2026-07-13 17:22:00
356,2026-07-13T17:52:21.0000000+00:00,35.4717,14.18926667,2026-07-13 17:52:21
357,2026-07-13T18:22:25.0000000+00:00,35.47453333,14.18578333,2026-07-13 18:22:25
358,2026-07-13T18:52:31.0000000+00:00,35.4771,14.1835,2026-07-13 18:52:31
359,2026-07-13T19:22:00.0000000+00:00,35.4795,14.18155,2026-07-13 19:22:00
360,2026-07-13T19:52:01.0000000+00:00,35.48163333,14.18035,2026-07-13 19:52:01
361,2026-07-13T20:22:00.0000000+00:00,35.48326667,14.17936667,2026-07-13 20:22:00
362,2026-07-13T20:52:01.0000000+00:00,35.48428333,14.17881667,2026-07-13 20:52:01
363,2026-07-13T21:22:00.0000000+00:00,35.48486667,14.17848333,2026-07-13 21:22:00
364,2026-07-13T21:52:00.0000000+00:00,35.4849,14.17803333,2026-07-13 21:52:00
365,2026-07-13T22:22:00.0000000+00:00,35.48451667,14.17795,2026-07-13 22:22:00
366,2026-07-13T22:52:09.0000000+00:00,35.48351667,14.17808333,2026-07-13 22:52:09
367,2026-07-13T23:22:24.0000000+00:00,35.48181667,14.17818333,2026-07-13 23:22:24
368,2026-07-13T23:52:00.0000000+00:00,35.47918333,14.17826667,2026-07-13 23:52:00
369,2026-07-14T00:22:31.0000000+00:00,35.47606667,14.17845,2026-07-14 00:22:31
370,2026-07-14T00:52:00.0000000+00:00,35.47255,14.17905,2026-07-14 00:52:00
371,2026-07-14T01:22:00.0000000+00:00,35.46785,14.17971667,2026-07-14 01:22:00
372,2026-07-14T01:52:00.0000000+00:00,35.46261667,14.18018333,2026-07-14 01:52:00
373,2026-07-14T02:22:01.0000000+00:00,35.45726667,14.18033333,2026-07-14 02:22:01
374,2026-07-14T02:52:00.0000000+00:00,35.45211667,14.17995,2026-07-14 02:52:00
375,2026-07-14T03:22:00.0000000+00:00,35.44708333,14.17936667,2026-07-14 03:22:00
376,2026-07-14T03:52:01.0000000+00:00,35.44203333,14.17881667,2026-07-14 03:52:01
377,2026-07-14T04:21:57.0000000+00:00,35.43651667,14.17761667,2026-07-14 04:21:57
378,2026-07-14T04:52:01.0000000+00:00,35.43046667,14.17495,2026-07-14 04:52:01
379,2026-07-14T05:22:01.0000000+00:00,35.42403333,14.17208333,2026-07-14 05:22:01
380,2026-07-14T05:52:01.0000000+00:00,35.41753333,14.16936667,2026-07-14 05:52:01
381,2026-07-14T06:21:59.0000000+00:00,35.4111,14.16643333,2026-07-14 06:21:59
382,2026-07-14T06:51:59.0000000+00:00,35.40493333,14.16341667,2026-07-14 06:51:59
383,2026-07-14T07:21:57.0000000+00:00,35.39856667,14.16041667,2026-07-14 07:21:57
384,2026-07-14T07:52:00.0000000+00:00,35.3919,14.15718333,2026-07-14 07:52:00
385,2026-07-14T08:21:58.0000000+00:00,35.38501667,14.15413333,2026-07-14 08:21:58
386,2026-07-14T08:51:57.0000000+00:00,35.37778333,14.15088333,2026-07-14 08:51:57
387,2026-07-14T09:22:00.0000000+00:00,35.37023333,14.14666667,2026-07-14 09:22:00
388,2026-07-14T09:52:00.0000000+00:00,35.36286667,14.14168333,2026-07-14 09:52:00
389,2026-07-14T10:21:58.0000000+00:00,35.35571667,14.13546667,2026-07-14 10:21:58
390,2026-07-14T10:51:58.0000000+00:00,35.34891667,14.12838333,2026-07-14 10:51:58
391,2026-07-14T11:22:00.0000000+00:00,35.34256667,14.12168333,2026-07-14 11:22:00
392,2026-07-14T11:52:01.0000000+00:00,35.3368,14.11528333,2026-07-14 11:52:01
393,2026-07-14T12:22:01.0000000+00:00,35.33183333,14.10888333,2026-07-14 12:22:01
394,2026-07-14T12:52:01.0000000+00:00,35.32763333,14.10256667,2026-07-14 12:52:01
395,2026-07-14T13:21:59.0000000+00:00,35.32386667,14.09636667,2026-07-14 13:21:59
396,2026-07-14T13:51:58.0000000+00:00,35.32061667,14.09001667,2026-07-14 13:51:58
397,2026-07-14T14:22:01.0000000+00:00,35.31795,14.08391667,2026-07-14 14:22:01
398,2026-07-14T14:52:00.0000000+00:00,35.31588333,14.0792,2026-07-14 14:52:00
399,2026-07-14T15:21:58.0000000+00:00,35.31391667,14.07516667,2026-07-14 15:21:58
400,2026-07-14T15:51:58.0000000+00:00,35.31195,14.0715,2026-07-14 15:51:58
401,2026-07-14T16:22:01.0000000+00:00,35.31045,14.06855,2026-07-14 16:22:01
402,2026-07-14T16:52:01.0000000+00:00,35.30931667,14.06616667,2026-07-14 16:52:01
403,2026-07-14T17:22:00.0000000+00:00,35.30818333,14.06431667,2026-07-14 17:22:00
404,2026-07-14T17:52:01.0000000+00:00,35.30698333,14.06323333,2026-07-14 17:52:01
405,2026-07-14T18:22:00.0000000+00:00,35.30565,14.06261667,2026-07-14 18:22:00
406,2026-07-14T18:52:00.0000000+00:00,35.30426667,14.06255,2026-07-14 18:52:00
407,2026-07-14T19:22:00.0000000+00:00,35.30293333,14.0633,2026-07-14 19:22:00
408,2026-07-14T19:52:00.0000000+00:00,35.30138333,14.06441667,2026-07-14 19:52:00
409,2026-07-14T20:22:01.0000000+00:00,35.29911667,14.06563333,2026-07-14 20:22:01
410,2026-07-14T20:52:01.0000000+00:00,35.2963,14.06695,2026-07-14 20:52:01
411,2026-07-14T21:22:01.0000000+00:00,35.29345,14.06803333,2026-07-14 21:22:01
412,2026-07-14T21:52:00.0000000+00:00,35.29125,14.06986667,2026-07-14 21:52:00
413,2026-07-14T22:22:00.0000000+00:00,35.28896667,14.07193333,2026-07-14 22:22:00
414,2026-07-14T22:52:00.0000000+00:00,35.28648333,14.0742,2026-07-14 22:52:00
415,2026-07-14T23:22:00.0000000+00:00,35.2833,14.07628333,2026-07-14 23:22:00
416,2026-07-14T23:52:26.0000000+00:00,35.27961667,14.07826667,2026-07-14 23:52:26
417,2026-07-15T00:22:01.0000000+00:00,35.27586667,14.08036667,2026-07-15 00:22:01
418,2026-07-15T00:52:31.0000000+00:00,35.27181667,14.082,2026-07-15 00:52:31
419,2026-07-15T01:22:00.0000000+00:00,35.26791667,14.08316667,2026-07-15 01:22:00
420,2026-07-15T01:53:01.0000000+00:00,35.26396667,14.08441667,2026-07-15 01:53:01
421,2026-07-15T02:22:00.0000000+00:00,35.25996667,14.08533333,2026-07-15 02:22:00
422,2026-07-15T02:52:00.0000000+00:00,35.25563333,14.08516667,2026-07-15 02:52:00
423,2026-07-15T03:22:00.0000000+00:00,35.25133333,14.08441667,2026-07-15 03:22:00
424,2026-07-15T03:52:00.0000000+00:00,35.24735,14.08335,2026-07-15 03:52:00
425,2026-07-15T04:22:01.0000000+00:00,35.24345,14.08236667,2026-07-15 04:22:01
426,2026-07-15T04:52:00.0000000+00:00,35.2401,14.08105,2026-07-15 04:52:00
427,2026-07-15T05:22:06.0000000+00:00,35.23686667,14.0795,2026-07-15 05:22:06
428,2026-07-15T05:52:01.0000000+00:00,35.2336,14.07845,2026-07-15 05:52:01
429,2026-07-15T06:22:00.0000000+00:00,35.23058333,14.07761667,2026-07-15 06:22:00
430,2026-07-15T06:52:01.0000000+00:00,35.2278,14.07695,2026-07-15 06:52:01
431,2026-07-15T07:21:59.0000000+00:00,35.22536667,14.07671667,2026-07-15 07:21:59
432,2026-07-15T07:52:31.0000000+00:00,35.22298333,14.07771667,2026-07-15 07:52:31
433,2026-07-15T08:22:20.0000000+00:00,35.22063333,14.07895,2026-07-15 08:22:20
434,2026-07-15T08:52:00.0000000+00:00,35.2182,14.07961667,2026-07-15 08:52:00
435,2026-07-15T09:22:00.0000000+00:00,35.21631667,14.08061667,2026-07-15 09:22:00
436,2026-07-15T09:52:01.0000000+00:00,35.21428333,14.08165,2026-07-15 09:52:01
437,2026-07-15T10:22:01.0000000+00:00,35.21235,14.08308333,2026-07-15 10:22:01
438,2026-07-15T10:52:00.0000000+00:00,35.21096667,14.08468333,2026-07-15 10:52:00
439,2026-07-15T11:22:00.0000000+00:00,35.20978333,14.0868,2026-07-15 11:22:00
440,2026-07-15T11:52:19.0000000+00:00,35.20883333,14.08926667,2026-07-15 11:52:19
441,2026-07-15T12:22:00.0000000+00:00,35.20825,14.09143333,2026-07-15 12:22:00
442,2026-07-15T12:52:01.0000000+00:00,35.20791667,14.0939,2026-07-15 12:52:01
443,2026-07-15T13:22:01.0000000+00:00,35.20733333,14.09708333,2026-07-15 13:22:01
444,2026-07-15T13:52:00.0000000+00:00,35.2068,14.10138333,2026-07-15 13:52:00
445,2026-07-15T14:22:00.0000000+00:00,35.20621667,14.10586667,2026-07-15 14:22:00
446,2026-07-15T14:52:00.0000000+00:00,35.20515,14.11136667,2026-07-15 14:52:00
447,2026-07-15T15:23:01.0000000+00:00,35.203,14.11741667,2026-07-15 15:23:01
448,2026-07-15T15:52:01.0000000+00:00,35.20066667,14.12316667,2026-07-15 15:52:01
449,2026-07-15T16:22:02.0000000+00:00,35.19826667,14.12891667,2026-07-15 16:22:02
450,2026-07-15T16:52:01.0000000+00:00,35.1958,14.1349,2026-07-15 16:52:01
451,2026-07-15T17:22:00.0000000+00:00,35.19381667,14.1408,2026-07-15 17:22:00
452,2026-07-15T17:52:01.0000000+00:00,35.19158333,14.14668333,2026-07-15 17:52:01
453,2026-07-15T18:22:00.0000000+00:00,35.18935,14.15241667,2026-07-15 18:22:00
454,2026-07-15T18:52:00.0000000+00:00,35.1866,14.15796667,2026-07-15 18:52:00
455,2026-07-15T19:22:01.0000000+00:00,35.1835,14.16301667,2026-07-15 19:22:01
456,2026-07-15T19:52:01.0000000+00:00,35.18031667,14.1671,2026-07-15 19:52:01
457,2026-07-15T20:22:01.0000000+00:00,35.17716667,14.17041667,2026-07-15 20:22:01
458,2026-07-15T20:52:31.0000000+00:00,35.17375,14.17325,2026-07-15 20:52:31
459,2026-07-15T21:22:00.0000000+00:00,35.17011667,14.17531667,2026-07-15 21:22:00
460,2026-07-15T21:52:01.0000000+00:00,35.16665,14.17696667,2026-07-15 21:52:01
461,2026-07-15T22:22:00.0000000+00:00,35.16368333,14.17838333,2026-07-15 22:22:00
462,2026-07-15T22:52:00.0000000+00:00,35.16075,14.17983333,2026-07-15 22:52:00
463,2026-07-15T23:22:18.0000000+00:00,35.15825,14.18078333,2026-07-15 23:22:18
464,2026-07-15T23:52:01.0000000+00:00,35.15635,14.18158333,2026-07-15 23:52:01
465,2026-07-16T00:22:00.0000000+00:00,35.15495,14.18205,2026-07-16 00:22:00
466,2026-07-16T00:52:00.0000000+00:00,35.15401667,14.18246667,2026-07-16 00:52:00
467,2026-07-16T01:22:00.0000000+00:00,35.1531,14.1829,2026-07-16 01:22:00
468,2026-07-16T01:52:20.0000000+00:00,35.15166667,14.18303333,2026-07-16 01:52:20
469,2026-07-16T02:22:00.0000000+00:00,35.1501,14.18326667,2026-07-16 02:22:00
470,2026-07-16T02:52:01.0000000+00:00,35.14821667,14.18381667,2026-07-16 02:52:01
471,2026-07-16T03:22:01.0000000+00:00,35.14646667,14.18478333,2026-07-16 03:22:01
472,2026-07-16T03:52:00.0000000+00:00,35.14458333,14.1864,2026-07-16 03:52:00
473,2026-07-16T04:22:00.0000000+00:00,35.14256667,14.18785,2026-07-16 04:22:00
474,2026-07-16T04:51:59.0000000+00:00,35.13975,14.1887,2026-07-16 04:51:59
475,2026-07-16T05:22:01.0000000+00:00,35.13658333,14.18895,2026-07-16 05:22:01
476,2026-07-16T05:51:59.0000000+00:00,35.13325,14.18923333,2026-07-16 05:51:59
477,2026-07-16T06:22:00.0000000+00:00,35.13015,14.18931667,2026-07-16 06:22:00
478,2026-07-16T06:51:59.0000000+00:00,35.12716667,14.18928333,2026-07-16 06:51:59
479,2026-07-16T07:21:59.0000000+00:00,35.1244,14.18898333,2026-07-16 07:21:59
480,2026-07-16T07:51:59.0000000+00:00,35.12181667,14.18851667,2026-07-16 07:51:59
481,2026-07-16T08:21:59.0000000+00:00,35.1192,14.18776667,2026-07-16 08:21:59
482,2026-07-16T08:52:02.0000000+00:00,35.11671667,14.18635,2026-07-16 08:52:02
483,2026-07-16T09:21:59.0000000+00:00,35.11465,14.18446667,2026-07-16 09:21:59
484,2026-07-16T09:52:00.0000000+00:00,35.11273333,14.18256667,2026-07-16 09:52:00
485,2026-07-16T10:22:01.0000000+00:00,35.11145,14.18083333,2026-07-16 10:22:01
486,2026-07-16T10:52:01.0000000+00:00,35.11068333,14.17908333,2026-07-16 10:52:01
487,2026-07-16T11:22:00.0000000+00:00,35.11025,14.17713333,2026-07-16 11:22:00
488,2026-07-16T11:52:01.0000000+00:00,35.11055,14.17526667,2026-07-16 11:52:01
489,2026-07-16T12:22:00.0000000+00:00,35.11103333,14.17401667,2026-07-16 12:22:00
490,2026-07-16T12:52:01.0000000+00:00,35.11196667,14.17381667,2026-07-16 12:52:01
491,2026-07-16T13:22:02.0000000+00:00,35.11305,14.17473333,2026-07-16 13:22:02
492,2026-07-16T13:51:59.0000000+00:00,35.11433333,14.1774,2026-07-16 13:51:59
493,2026-07-16T14:22:00.0000000+00:00,35.1138,14.1813,2026-07-16 14:22:00
494,2026-07-16T14:52:01.0000000+00:00,35.11275,14.18545,2026-07-16 14:52:01
495,2026-07-16T15:21:59.0000000+00:00,35.11091667,14.18996667,2026-07-16 15:21:59
496,2026-07-16T15:51:59.0000000+00:00,35.10875,14.19515,2026-07-16 15:51:59
497,2026-07-16T16:22:01.0000000+00:00,35.10638333,14.201,2026-07-16 16:22:01
498,2026-07-16T16:52:00.0000000+00:00,35.10361667,14.20738333,2026-07-16 16:52:00
499,2026-07-16T17:21:59.0000000+00:00,35.10063333,14.21408333,2026-07-16 17:21:59
500,2026-07-16T17:52:19.0000000+00:00,35.0974,14.21983333,2026-07-16 17:52:19
501,2026-07-16T18:21:59.0000000+00:00,35.09436667,14.22505,2026-07-16 18:21:59
502,2026-07-16T18:51:59.0000000+00:00,35.09066667,14.23001667,2026-07-16 18:51:59
503,2026-07-16T19:22:01.0000000+00:00,35.0864,14.2347,2026-07-16 19:22:01
504,2026-07-16T19:52:01.0000000+00:00,35.08173333,14.23866667,2026-07-16 19:52:01
505,2026-07-16T20:22:00.0000000+00:00,35.07718333,14.242,2026-07-16 20:22:00
506,2026-07-16T20:52:01.0000000+00:00,35.07323333,14.24468333,2026-07-16 20:52:01
507,2026-07-16T21:22:00.0000000+00:00,35.0695,14.24678333,2026-07-16 21:22:00
508,2026-07-16T21:52:00.0000000+00:00,35.06581667,14.24853333,2026-07-16 21:52:00
509,2026-07-16T22:22:01.0000000+00:00,35.06225,14.2501,2026-07-16 22:22:01
510,2026-07-16T22:52:01.0000000+00:00,35.05903333,14.25168333,2026-07-16 22:52:01
511,2026-07-16T23:22:00.0000000+00:00,35.05635,14.25363333,2026-07-16 23:22:00
512,2026-07-16T23:52:00.0000000+00:00,35.0535,14.25636667,2026-07-16 23:52:00
513,2026-07-17T00:22:00.0000000+00:00,35.05071667,14.25926667,2026-07-17 00:22:00
514,2026-07-17T00:51:59.0000000+00:00,35.04823333,14.262,2026-07-17 00:51:59
515,2026-07-17T01:22:00.0000000+00:00,35.0458,14.26478333,2026-07-17 01:22:00
516,2026-07-17T01:52:31.0000000+00:00,35.04315,14.26781667,2026-07-17 01:52:31
517,2026-07-17T02:22:00.0000000+00:00,35.04066667,14.27138333,2026-07-17 02:22:00
518,2026-07-17T02:52:00.0000000+00:00,35.03803333,14.27521667,2026-07-17 02:52:00
519,2026-07-17T03:22:01.0000000+00:00,35.0356,14.27955,2026-07-17 03:22:01
520,2026-07-17T03:52:00.0000000+00:00,35.03256667,14.2839,2026-07-17 03:52:00
521,2026-07-17T04:22:00.0000000+00:00,35.02945,14.28811667,2026-07-17 04:22:00
522,2026-07-17T04:52:00.0000000+00:00,35.02623333,14.29121667,2026-07-17 04:52:00
523,2026-07-17T05:22:00.0000000+00:00,35.02265,14.29371667,2026-07-17 05:22:00
524,2026-07-17T05:52:00.0000000+00:00,35.01865,14.29655,2026-07-17 05:52:00
525,2026-07-17T06:22:01.0000000+00:00,35.01441667,14.29996667,2026-07-17 06:22:01
526,2026-07-17T06:52:00.0000000+00:00,35.01006667,14.30413333,2026-07-17 06:52:00
527,2026-07-17T07:22:01.0000000+00:00,35.0057,14.30878333,2026-07-17 07:22:01
528,2026-07-17T07:52:25.0000000+00:00,35.0009,14.31381667,2026-07-17 07:52:25
529,2026-07-17T08:22:00.0000000+00:00,34.99588333,14.31885,2026-07-17 08:22:00
530,2026-07-17T08:52:00.0000000+00:00,34.99091667,14.32355,2026-07-17 08:52:00
531,2026-07-17T09:22:00.0000000+00:00,34.98595,14.32656667,2026-07-17 09:22:00
532,2026-07-17T09:52:01.0000000+00:00,34.98086667,14.32853333,2026-07-17 09:52:01
533,2026-07-17T10:22:00.0000000+00:00,34.97548333,14.32996667,2026-07-17 10:22:00
534,2026-07-17T10:52:17.0000000+00:00,34.96975,14.33238333,2026-07-17 10:52:17
535,2026-07-17T11:22:00.0000000+00:00,34.96493333,14.33368333,2026-07-17 11:22:00
536,2026-07-17T11:52:01.0000000+00:00,34.96015,14.3338,2026-07-17 11:52:01
537,2026-07-17T12:22:00.0000000+00:00,34.95578333,14.33308333,2026-07-17 12:22:00
538,2026-07-17T12:52:00.0000000+00:00,34.95241667,14.33158333,2026-07-17 12:52:00
539,2026-07-17T13:22:00.0000000+00:00,34.94938333,14.32893333,2026-07-17 13:22:00
540,2026-07-17T13:52:00.0000000+00:00,34.94691667,14.32681667,2026-07-17 13:52:00
541,2026-07-17T14:22:12.0000000+00:00,34.9454,14.32453333,2026-07-17 14:22:12
542,2026-07-17T14:52:02.0000000+00:00,34.94481667,14.3222,2026-07-17 14:52:02
543,2026-07-17T15:22:00.0000000+00:00,34.94475,14.32056667,2026-07-17 15:22:00
544,2026-07-17T15:52:05.0000000+00:00,34.94541667,14.31956667,2026-07-17 15:52:05
545,2026-07-17T16:22:01.0000000+00:00,34.9466,14.31951667,2026-07-17 16:22:01
546,2026-07-17T16:52:01.0000000+00:00,34.94876667,14.32105,2026-07-17 16:52:01
547,2026-07-17T17:22:01.0000000+00:00,34.95073333,14.32345,2026-07-17 17:22:01
548,2026-07-17T17:52:00.0000000+00:00,34.95238333,14.32655,2026-07-17 17:52:00
549,2026-07-17T18:22:00.0000000+00:00,34.95398333,14.33033333,2026-07-17 18:22:00
550,2026-07-17T18:52:00.0000000+00:00,34.95495,14.33498333,2026-07-17 18:52:00
551,2026-07-17T19:21:59.0000000+00:00,34.95628333,14.34,2026-07-17 19:21:59
552,2026-07-17T19:52:00.0000000+00:00,34.95855,14.34556667,2026-07-17 19:52:00
553,2026-07-17T20:22:00.0000000+00:00,34.96063333,14.35183333,2026-07-17 20:22:00
554,2026-07-17T20:52:00.0000000+00:00,34.96213333,14.35866667,2026-07-17 20:52:00
555,2026-07-17T21:22:00.0000000+00:00,34.96288333,14.36626667,2026-07-17 21:22:00
556,2026-07-17T21:52:00.0000000+00:00,34.96291667,14.37416667,2026-07-17 21:52:00
557,2026-07-17T22:22:00.0000000+00:00,34.9625,14.38276667,2026-07-17 22:22:00
558,2026-07-17T22:52:00.0000000+00:00,34.96168333,14.39088333,2026-07-17 22:52:00
559,2026-07-17T23:22:01.0000000+00:00,34.96041667,14.39865,2026-07-17 23:22:01
560,2026-07-17T23:52:25.0000000+00:00,34.95878333,14.40678333,2026-07-17 23:52:25
561,2026-07-18T00:22:00.0000000+00:00,34.95683333,14.41468333,2026-07-18 00:22:00
562,2026-07-18T00:52:00.0000000+00:00,34.95423333,14.42261667,2026-07-18 00:52:00
563,2026-07-18T01:22:00.0000000+00:00,34.95123333,14.43073333,2026-07-18 01:22:00
564,2026-07-18T01:52:00.0000000+00:00,34.94826667,14.43793333,2026-07-18 01:52:00
565,2026-07-18T02:22:00.0000000+00:00,34.94558333,14.44516667,2026-07-18 02:22:00
566,2026-07-18T02:52:00.0000000+00:00,34.94285,14.45248333,2026-07-18 02:52:00
567,2026-07-18T03:22:00.0000000+00:00,34.94001667,14.45895,2026-07-18 03:22:00
568,2026-07-18T03:52:00.0000000+00:00,34.93683333,14.46538333,2026-07-18 03:52:00
569,2026-07-18T04:22:00.0000000+00:00,34.93365,14.47131667,2026-07-18 04:22:00
570,2026-07-18T04:52:00.0000000+00:00,34.93023333,14.47688333,2026-07-18 04:52:00
571,2026-07-18T05:22:00.0000000+00:00,34.92695,14.48223333,2026-07-18 05:22:00
572,2026-07-18T05:52:01.0000000+00:00,34.92326667,14.48813333,2026-07-18 05:52:01
573,2026-07-18T06:22:00.0000000+00:00,34.91936667,14.49418333,2026-07-18 06:22:00
574,2026-07-18T06:52:00.0000000+00:00,34.91545,14.50031667,2026-07-18 06:52:00
575,2026-07-18T07:22:00.0000000+00:00,34.91088333,14.50605,2026-07-18 07:22:00
576,2026-07-18T07:52:00.0000000+00:00,34.90591667,14.51176667,2026-07-18 07:52:00
577,2026-07-18T08:22:01.0000000+00:00,34.9006,14.51791667,2026-07-18 08:22:01
578,2026-07-18T08:52:00.0000000+00:00,34.89505,14.52398333,2026-07-18 08:52:00
579,2026-07-18T09:22:00.0000000+00:00,34.88975,14.52916667,2026-07-18 09:22:00
580,2026-07-18T09:52:01.0000000+00:00,34.885,14.53443333,2026-07-18 09:52:01
581,2026-07-18T10:22:01.0000000+00:00,34.8808,14.53991667,2026-07-18 10:22:01
582,2026-07-18T10:52:00.0000000+00:00,34.87695,14.54438333,2026-07-18 10:52:00
583,2026-07-18T11:22:00.0000000+00:00,34.87376667,14.54798333,2026-07-18 11:22:00
584,2026-07-18T11:52:00.0000000+00:00,34.8716,14.55115,2026-07-18 11:52:00
585,2026-07-18T12:22:00.0000000+00:00,34.87011667,14.55385,2026-07-18 12:22:00
586,2026-07-18T12:52:01.0000000+00:00,34.86861667,14.55681667,2026-07-18 12:52:01
587,2026-07-18T13:22:00.0000000+00:00,34.86701667,14.56026667,2026-07-18 13:22:00
588,2026-07-18T13:52:00.0000000+00:00,34.86616667,14.56475,2026-07-18 13:52:00
589,2026-07-18T14:22:00.0000000+00:00,34.8654,14.57063333,2026-07-18 14:22:00
590,2026-07-18T14:52:00.0000000+00:00,34.86486667,14.57653333,2026-07-18 14:52:00
591,2026-07-18T15:22:00.0000000+00:00,34.86475,14.58331667,2026-07-18 15:22:00
592,2026-07-18T15:52:01.0000000+00:00,34.86425,14.59058333,2026-07-18 15:52:01
593,2026-07-18T16:22:25.0000000+00:00,34.86323333,14.59763333,2026-07-18 16:22:25
594,2026-07-18T16:52:31.0000000+00:00,34.86205,14.60485,2026-07-18 16:52:31
595,2026-07-18T17:22:00.0000000+00:00,34.86066667,14.61198333,2026-07-18 17:22:00
596,2026-07-18T17:52:01.0000000+00:00,34.85926667,14.6197,2026-07-18 17:52:01
597,2026-07-18T18:22:19.0000000+00:00,34.85748333,14.62768333,2026-07-18 18:22:19
598,2026-07-18T18:52:01.0000000+00:00,34.85498333,14.63573333,2026-07-18 18:52:01
599,2026-07-18T19:22:00.0000000+00:00,34.85178333,14.6438,2026-07-18 19:22:00
600,2026-07-18T19:52:01.0000000+00:00,34.84803333,14.6525,2026-07-18 19:52:01
601,2026-07-18T20:22:00.0000000+00:00,34.84378333,14.66088333,2026-07-18 20:22:00
602,2026-07-18T20:52:00.0000000+00:00,34.83896667,14.66925,2026-07-18 20:52:00
603,2026-07-18T21:22:00.0000000+00:00,34.83376667,14.67681667,2026-07-18 21:22:00
604,2026-07-18T21:52:00.0000000+00:00,34.82805,14.68398333,2026-07-18 21:52:00
605,2026-07-18T22:22:00.0000000+00:00,34.82145,14.69083333,2026-07-18 22:22:00
606,2026-07-18T22:52:00.0000000+00:00,34.81365,14.69711667,2026-07-18 22:52:00
607,2026-07-18T23:22:02.0000000+00:00,34.80571667,14.70243333,2026-07-18 23:22:02
608,2026-07-18T23:52:20.0000000+00:00,34.79806667,14.70746667,2026-07-18 23:52:20
609,2026-07-19T00:22:20.0000000+00:00,34.79013333,14.71138333,2026-07-19 00:22:20
610,2026-07-19T00:52:00.0000000+00:00,34.78241667,14.7146,2026-07-19 00:52:00
611,2026-07-19T01:22:00.0000000+00:00,34.77493333,14.71723333,2026-07-19 01:22:00
612,2026-07-19T01:52:31.0000000+00:00,34.76703333,14.71975,2026-07-19 01:52:31
613,2026-07-19T02:22:04.0000000+00:00,34.75898333,14.72146667,2026-07-19 02:22:04
614,2026-07-19T02:52:00.0000000+00:00,34.75078333,14.7233,2026-07-19 02:52:00
615,2026-07-19T03:22:00.0000000+00:00,34.74306667,14.72483333,2026-07-19 03:22:00
616,2026-07-19T03:52:00.0000000+00:00,34.73548333,14.72608333,2026-07-19 03:52:00
617,2026-07-19T04:22:00.0000000+00:00,34.72801667,14.72643333,2026-07-19 04:22:00
618,2026-07-19T04:52:00.0000000+00:00,34.72108333,14.72611667,2026-07-19 04:52:00
619,2026-07-19T05:22:01.0000000+00:00,34.71465,14.72585,2026-07-19 05:22:01
620,2026-07-19T05:52:00.0000000+00:00,34.70846667,14.72541667,2026-07-19 05:52:00
621,2026-07-19T06:22:00.0000000+00:00,34.70248333,14.72428333,2026-07-19 06:22:00
622,2026-07-19T06:52:00.0000000+00:00,34.69716667,14.72296667,2026-07-19 06:52:00
623,2026-07-19T07:22:01.0000000+00:00,34.6926,14.72065,2026-07-19 07:22:01
624,2026-07-19T07:52:31.0000000+00:00,34.68846667,14.71815,2026-07-19 07:52:31
625,2026-07-19T08:22:00.0000000+00:00,34.68496667,14.71561667,2026-07-19 08:22:00
626,2026-07-19T08:52:01.0000000+00:00,34.682,14.71298333,2026-07-19 08:52:01
627,2026-07-19T09:22:00.0000000+00:00,34.6803,14.7101,2026-07-19 09:22:00
628,2026-07-19T09:52:00.0000000+00:00,34.67941667,14.70735,2026-07-19 09:52:00
629,2026-07-19T10:22:00.0000000+00:00,34.67906667,14.70546667,2026-07-19 10:22:00
630,2026-07-19T10:52:00.0000000+00:00,34.67951667,14.70428333,2026-07-19 10:52:00
631,2026-07-19T11:22:00.0000000+00:00,34.6806,14.70406667,2026-07-19 11:22:00
632,2026-07-19T11:52:00.0000000+00:00,34.68278333,14.70563333,2026-07-19 11:52:00
633,2026-07-19T12:22:00.0000000+00:00,34.68493333,14.70805,2026-07-19 12:22:00
634,2026-07-19T12:52:00.0000000+00:00,34.68706667,14.71225,2026-07-19 12:52:00
635,2026-07-19T13:22:00.0000000+00:00,34.68866667,14.71801667,2026-07-19 13:22:00
636,2026-07-19T13:52:00.0000000+00:00,34.68928333,14.72533333,2026-07-19 13:52:00
637,2026-07-19T14:22:00.0000000+00:00,34.68921667,14.73333333,2026-07-19 14:22:00
638,2026-07-19T14:52:01.0000000+00:00,34.68871667,14.74195,2026-07-19 14:52:01
639,2026-07-19T15:22:01.0000000+00:00,34.68746667,14.75178333,2026-07-19 15:22:01
640,2026-07-19T15:52:01.0000000+00:00,34.685,14.76205,2026-07-19 15:52:01
641,2026-07-19T16:22:00.0000000+00:00,34.68086667,14.7729,2026-07-19 16:22:00
642,2026-07-19T16:52:00.0000000+00:00,34.67478333,14.78408333,2026-07-19 16:52:00
643,2026-07-19T17:22:00.0000000+00:00,34.66783333,14.79455,2026-07-19 17:22:00
644,2026-07-19T17:52:00.0000000+00:00,34.66058333,14.80425,2026-07-19 17:52:00
645,2026-07-19T18:22:00.0000000+00:00,34.65288333,14.81345,2026-07-19 18:22:00
646,2026-07-19T18:52:00.0000000+00:00,34.64481667,14.8221,2026-07-19 18:52:00
647,2026-07-19T19:22:00.0000000+00:00,34.63623333,14.83013333,2026-07-19 19:22:00
648,2026-07-19T19:52:00.0000000+00:00,34.62701667,14.83723333,2026-07-19 19:52:00
649,2026-07-19T20:22:00.0000000+00:00,34.61773333,14.84375,2026-07-19 20:22:00
650,2026-07-19T20:52:00.0000000+00:00,34.60833333,14.84925,2026-07-19 20:52:00
651,2026-07-19T21:22:00.0000000+00:00,34.59903333,14.85358333,2026-07-19 21:22:00
652,2026-07-19T21:52:00.0000000+00:00,34.58985,14.85668333,2026-07-19 21:52:00
653,2026-07-19T22:22:00.0000000+00:00,34.5812,14.85925,2026-07-19 22:22:00
654,2026-07-19T22:52:01.0000000+00:00,34.57253333,14.86063333,2026-07-19 22:52:01
655,2026-07-19T23:22:01.0000000+00:00,34.56461667,14.86155,2026-07-19 23:22:01
656,2026-07-19T23:52:00.0000000+00:00,34.557,14.86216667,2026-07-19 23:52:00
657,2026-07-20T00:22:00.0000000+00:00,34.55023333,14.86331667,2026-07-20 00:22:00
658,2026-07-20T00:52:00.0000000+00:00,34.54443333,14.86478333,2026-07-20 00:52:00
659,2026-07-20T01:22:01.0000000+00:00,34.54006667,14.86676667,2026-07-20 01:22:01
660,2026-07-20T01:52:01.0000000+00:00,34.53633333,14.86928333,2026-07-20 01:52:01
661,2026-07-20T02:22:00.0000000+00:00,34.53316667,14.8728,2026-07-20 02:22:00
662,2026-07-20T02:52:00.0000000+00:00,34.53038333,14.8767,2026-07-20 02:52:00
663,2026-07-20T03:22:00.0000000+00:00,34.52793333,14.88133333,2026-07-20 03:22:00
664,2026-07-20T03:52:00.0000000+00:00,34.525,14.88715,2026-07-20 03:52:00
665,2026-07-20T04:22:00.0000000+00:00,34.52233333,14.89325,2026-07-20 04:22:00
666,2026-07-20T04:52:00.0000000+00:00,34.5192,14.90073333,2026-07-20 04:52:00
667,2026-07-20T05:22:00.0000000+00:00,34.51593333,14.90826667,2026-07-20 05:22:00
668,2026-07-20T05:52:00.0000000+00:00,34.51268333,14.91621667,2026-07-20 05:52:00
669,2026-07-20T06:22:00.0000000+00:00,34.50975,14.92515,2026-07-20 06:22:00
670,2026-07-20T06:52:00.0000000+00:00,34.50653333,14.93446667,2026-07-20 06:52:00
671,2026-07-20T07:22:00.0000000+00:00,34.50355,14.94418333,2026-07-20 07:22:00
672,2026-07-20T07:52:00.0000000+00:00,34.501,14.95423333,2026-07-20 07:52:00
673,2026-07-20T08:22:00.0000000+00:00,34.49915,14.96511667,2026-07-20 08:22:00
674,2026-07-20T08:52:00.0000000+00:00,34.49773333,14.97681667,2026-07-20 08:52:00
675,2026-07-20T09:22:00.0000000+00:00,34.4961,14.9891,2026-07-20 09:22:00
676,2026-07-20T09:52:00.0000000+00:00,34.49426667,15.00123333,2026-07-20 09:52:00
677,2026-07-20T10:22:00.0000000+00:00,34.49161667,15.01348333,2026-07-20 10:22:00
678,2026-07-20T10:52:00.0000000+00:00,34.4891,15.0254,2026-07-20 10:52:00
679,2026-07-20T11:22:00.0000000+00:00,34.4863,15.03821667,2026-07-20 11:22:00
680,2026-07-20T11:52:00.0000000+00:00,34.48326667,15.05108333,2026-07-20 11:52:00
681,2026-07-20T12:22:00.0000000+00:00,34.47938333,15.06381667,2026-07-20 12:22:00
682,2026-07-20T12:52:00.0000000+00:00,34.47478333,15.07618333,2026-07-20 12:52:00
683,2026-07-20T13:22:00.0000000+00:00,34.46931667,15.08801667,2026-07-20 13:22:00
684,2026-07-20T13:52:00.0000000+00:00,34.46271667,15.09873333,2026-07-20 13:52:00
685,2026-07-20T14:22:25.0000000+00:00,34.45535,15.10861667,2026-07-20 14:22:25
686,2026-07-20T14:52:00.0000000+00:00,34.44783333,15.11738333,2026-07-20 14:52:00
687,2026-07-20T15:22:00.0000000+00:00,34.43971667,15.12545,2026-07-20 15:22:00
688,2026-07-20T15:52:01.0000000+00:00,34.43196667,15.13293333,2026-07-20 15:52:01
689,2026-07-20T16:22:00.0000000+00:00,34.42496667,15.13963333,2026-07-20 16:22:00
690,2026-07-20T16:52:00.0000000+00:00,34.41836667,15.14538333,2026-07-20 16:52:00
691,2026-07-20T17:22:00.0000000+00:00,34.41253333,15.15,2026-07-20 17:22:00
692,2026-07-20T17:52:00.0000000+00:00,34.40751667,15.15368333,2026-07-20 17:52:00
693,2026-07-20T18:22:00.0000000+00:00,34.4034,15.15711667,2026-07-20 18:22:00
694,2026-07-20T18:52:00.0000000+00:00,34.40061667,15.1607,2026-07-20 18:52:00
695,2026-07-20T19:22:00.0000000+00:00,34.39846667,15.16405,2026-07-20 19:22:00
696,2026-07-20T19:52:00.0000000+00:00,34.39741667,15.16716667,2026-07-20 19:52:00
697,2026-07-20T20:22:00.0000000+00:00,34.39676667,15.17023333,2026-07-20 20:22:00
698,2026-07-20T20:52:00.0000000+00:00,34.39625,15.1734,2026-07-20 20:52:00
699,2026-07-20T21:22:00.0000000+00:00,34.39576667,15.17635,2026-07-20 21:22:00
700,2026-07-20T21:52:00.0000000+00:00,34.39543333,15.17905,2026-07-20 21:52:00
701,2026-07-20T22:22:00.0000000+00:00,34.39578333,15.18225,2026-07-20 22:22:00
702,2026-07-20T22:52:00.0000000+00:00,34.39666667,15.18586667,2026-07-20 22:52:00
703,2026-07-20T23:22:00.0000000+00:00,34.39781667,15.19018333,2026-07-20 23:22:00
704,2026-07-20T23:52:00.0000000+00:00,34.39908333,15.19465,2026-07-20 23:52:00
705,2026-07-21T00:22:00.0000000+00:00,34.40123333,15.20003333,2026-07-21 00:22:00
706,2026-07-21T00:52:00.0000000+00:00,34.40383333,15.20516667,2026-07-21 00:52:00
707,2026-07-21T01:22:00.0000000+00:00,34.40693333,15.21078333,2026-07-21 01:22:00
708,2026-07-21T01:52:30.0000000+00:00,34.41028333,15.21708333,2026-07-21 01:52:30
709,2026-07-21T02:22:01.0000000+00:00,34.4131,15.22363333,2026-07-21 02:22:01
710,2026-07-21T02:52:00.0000000+00:00,34.41611667,15.23093333,2026-07-21 02:52:00
711,2026-07-21T03:22:00.0000000+00:00,34.41925,15.23835,2026-07-21 03:22:00
712,2026-07-21T03:52:00.0000000+00:00,34.42216667,15.2453,2026-07-21 03:52:00
713,2026-07-21T04:22:00.0000000+00:00,34.42485,15.25238333,2026-07-21 04:22:00
714,2026-07-21T04:52:00.0000000+00:00,34.42716667,15.26005,2026-07-21 04:52:00
715,2026-07-21T05:22:00.0000000+00:00,34.42963333,15.26813333,2026-07-21 05:22:00
716,2026-07-21T05:52:00.0000000+00:00,34.43151667,15.27615,2026-07-21 05:52:00
717,2026-07-21T06:22:00.0000000+00:00,34.43286667,15.28498333,2026-07-21 06:22:00
718,2026-07-21T06:52:00.0000000+00:00,34.43448333,15.29405,2026-07-21 06:52:00
719,2026-07-21T07:22:00.0000000+00:00,34.4355,15.3032,2026-07-21 07:22:00
720,2026-07-21T07:52:00.0000000+00:00,34.43573333,15.31216667,2026-07-21 07:52:00
721,2026-07-21T08:22:00.0000000+00:00,34.43453333,15.32003333,2026-07-21 08:22:00
722,2026-07-21T08:52:00.0000000+00:00,34.43263333,15.32708333,2026-07-21 08:52:00
723,2026-07-21T09:22:00.0000000+00:00,34.43065,15.33351667,2026-07-21 09:22:00
724,2026-07-21T09:52:00.0000000+00:00,34.42856667,15.33863333,2026-07-21 09:52:00
725,2026-07-21T10:22:00.0000000+00:00,34.4265,15.3429,2026-07-21 10:22:00
726,2026-07-21T10:52:00.0000000+00:00,34.42391667,15.34633333,2026-07-21 10:52:00
727,2026-07-21T11:22:00.0000000+00:00,34.42171667,15.34803333,2026-07-21 11:22:00
728,2026-07-21T11:52:00.0000000+00:00,34.42076667,15.3493,2026-07-21 11:52:00
729,2026-07-21T12:22:00.0000000+00:00,34.42143333,15.35011667,2026-07-21 12:22:00
730,2026-07-21T12:52:00.0000000+00:00,34.42305,15.35021667,2026-07-21 12:52:00
731,2026-07-21T13:22:00.0000000+00:00,34.4251,15.35058333,2026-07-21 13:22:00
732,2026-07-21T13:52:00.0000000+00:00,34.42776667,15.35038333,2026-07-21 13:52:00
733,2026-07-21T14:22:03.0000000+00:00,34.43081667,15.35021667,2026-07-21 14:22:03
734,2026-07-21T14:52:00.0000000+00:00,34.43425,15.35028333,2026-07-21 14:52:00
735,2026-07-21T15:22:00.0000000+00:00,34.43846667,15.3511,2026-07-21 15:22:00
736,2026-07-21T15:52:00.0000000+00:00,34.44308333,15.35278333,2026-07-21 15:52:00
737,2026-07-21T16:22:00.0000000+00:00,34.44745,15.3554,2026-07-21 16:22:00
738,2026-07-21T16:52:00.0000000+00:00,34.45138333,15.35868333,2026-07-21 16:52:00
739,2026-07-21T17:22:00.0000000+00:00,34.4556,15.36206667,2026-07-21 17:22:00
740,2026-07-21T17:52:00.0000000+00:00,34.45948333,15.36511667,2026-07-21 17:52:00
741,2026-07-21T18:22:00.0000000+00:00,34.46308333,15.36761667,2026-07-21 18:22:00
742,2026-07-21T18:52:00.0000000+00:00,34.46666667,15.37038333,2026-07-21 18:52:00
743,2026-07-21T19:22:00.0000000+00:00,34.47066667,15.37356667,2026-07-21 19:22:00
744,2026-07-21T19:52:01.0000000+00:00,34.47491667,15.37678333,2026-07-21 19:52:01
745,2026-07-21T20:22:00.0000000+00:00,34.47955,15.37966667,2026-07-21 20:22:00
746,2026-07-21T20:52:00.0000000+00:00,34.48375,15.38221667,2026-07-21 20:52:00
747,2026-07-21T21:22:00.0000000+00:00,34.48768333,15.38461667,2026-07-21 21:22:00
748,2026-07-21T21:52:00.0000000+00:00,34.49148333,15.3873,2026-07-21 21:52:00
749,2026-07-21T22:22:00.0000000+00:00,34.49531667,15.39001667,2026-07-21 22:22:00
750,2026-07-21T22:52:00.0000000+00:00,34.49878333,15.3926,2026-07-21 22:52:00
751,2026-07-21T23:22:00.0000000+00:00,34.5018,15.39561667,2026-07-21 23:22:00
752,2026-07-21T23:52:00.0000000+00:00,34.50501667,15.3986,2026-07-21 23:52:00
753,2026-07-22T00:22:00.0000000+00:00,34.50843333,15.40116667,2026-07-22 00:22:00
754,2026-07-22T00:52:00.0000000+00:00,34.51235,15.40356667,2026-07-22 00:52:00
755,2026-07-22T01:22:00.0000000+00:00,34.51626667,15.40606667,2026-07-22 01:22:00
756,2026-07-22T01:52:00.0000000+00:00,34.51978333,15.40846667,2026-07-22 01:52:00
757,2026-07-22T02:22:00.0000000+00:00,34.5239,15.4111,2026-07-22 02:22:00
758,2026-07-22T02:52:00.0000000+00:00,34.5284,15.4141,2026-07-22 02:52:00
759,2026-07-22T03:22:00.0000000+00:00,34.5333,15.41773333,2026-07-22 03:22:00
760,2026-07-22T03:52:00.0000000+00:00,34.53821667,15.42203333,2026-07-22 03:52:00
761,2026-07-22T04:22:25.0000000+00:00,34.54261667,15.4279,2026-07-22 04:22:25
762,2026-07-22T04:52:00.0000000+00:00,34.54555,15.43351667,2026-07-22 04:52:00
763,2026-07-22T05:22:00.0000000+00:00,34.5482,15.43898333,2026-07-22 05:22:00
764,2026-07-22T05:52:21.0000000+00:00,34.54998333,15.444,2026-07-22 05:52:21
765,2026-07-22T06:22:00.0000000+00:00,34.55101667,15.44868333,2026-07-22 06:22:00
766,2026-07-22T06:52:25.0000000+00:00,34.55238333,15.45296667,2026-07-22 06:52:25
767,2026-07-22T07:22:00.0000000+00:00,34.55411667,15.45715,2026-07-22 07:22:00
768,2026-07-22T07:52:00.0000000+00:00,34.55603333,15.46161667,2026-07-22 07:52:00
769,2026-07-22T08:22:00.0000000+00:00,34.55763333,15.46655,2026-07-22 08:22:00
770,2026-07-22T08:52:00.0000000+00:00,34.55858333,15.47166667,2026-07-22 08:52:00
771,2026-07-22T09:22:00.0000000+00:00,34.55933333,15.4768,2026-07-22 09:22:00
772,2026-07-22T09:52:00.0000000+00:00,34.56018333,15.48198333,2026-07-22 09:52:00
773,2026-07-22T10:22:00.0000000+00:00,34.56081667,15.48696667,2026-07-22 10:22:00
774,2026-07-22T10:52:00.0000000+00:00,34.56131667,15.49186667,2026-07-22 10:52:00
775,2026-07-22T11:22:00.0000000+00:00,34.56176667,15.49595,2026-07-22 11:22:00
776,2026-07-22T11:52:00.0000000+00:00,34.56223333,15.50005,2026-07-22 11:52:00
777,2026-07-22T12:22:00.0000000+00:00,34.56255,15.50376667,2026-07-22 12:22:00
778,2026-07-22T12:52:00.0000000+00:00,34.56328333,15.50683333,2026-07-22 12:52:00
779,2026-07-22T13:22:01.0000000+00:00,34.56433333,15.50945,2026-07-22 13:22:01
780,2026-07-22T13:52:00.0000000+00:00,34.56543333,15.51116667,2026-07-22 13:52:00
781,2026-07-22T14:22:00.0000000+00:00,34.56635,15.51288333,2026-07-22 14:22:00
782,2026-07-22T14:52:00.0000000+00:00,34.56748333,15.51448333,2026-07-22 14:52:00
783,2026-07-22T15:22:00.0000000+00:00,34.56843333,15.51645,2026-07-22 15:22:00
784,2026-07-22T15:52:00.0000000+00:00,34.56953333,15.51826667,2026-07-22 15:52:00
785,2026-07-22T16:22:00.0000000+00:00,34.57086667,15.51981667,2026-07-22 16:22:00
786,2026-07-22T16:52:00.0000000+00:00,34.57333333,15.52165,2026-07-22 16:52:00
787,2026-07-22T17:22:00.0000000+00:00,34.57623333,15.52348333,2026-07-22 17:22:00
788,2026-07-22T17:52:00.0000000+00:00,34.57951667,15.52516667,2026-07-22 17:52:00
789,2026-07-22T18:22:01.0000000+00:00,34.58265,15.52711667,2026-07-22 18:22:01
790,2026-07-22T18:52:25.0000000+00:00,34.58583333,15.5296,2026-07-22 18:52:25
791,2026-07-22T19:22:19.0000000+00:00,34.58886667,15.53221667,2026-07-22 19:22:19
792,2026-07-22T19:52:00.0000000+00:00,34.59195,15.5351,2026-07-22 19:52:00
793,2026-07-22T20:22:01.0000000+00:00,34.59451667,15.53785,2026-07-22 20:22:01
794,2026-07-22T20:52:01.0000000+00:00,34.59616667,15.5402,2026-07-22 20:52:01
795,2026-07-22T21:22:00.0000000+00:00,34.59801667,15.54236667,2026-07-22 21:22:00
796,2026-07-22T21:52:03.0000000+00:00,34.59985,15.5448,2026-07-22 21:52:03
797,2026-07-22T22:22:00.0000000+00:00,34.60203333,15.5476,2026-07-22 22:22:00
798,2026-07-22T22:52:31.0000000+00:00,34.60398333,15.55145,2026-07-22 22:52:31
799,2026-07-22T23:22:00.0000000+00:00,34.60536667,15.55491667,2026-07-22 23:22:00
800,2026-07-22T23:52:00.0000000+00:00,34.60646667,15.5584,2026-07-22 23:52:00
801,2026-07-23T00:22:00.0000000+00:00,34.60731667,15.56211667,2026-07-23 00:22:00
802,2026-07-23T00:52:00.0000000+00:00,34.6077,15.56621667,2026-07-23 00:52:00
803,2026-07-23T01:23:25.0000000+00:00,34.60848333,15.57043333,2026-07-23 01:23:25
804,2026-07-23T01:52:00.0000000+00:00,34.60886667,15.57446667,2026-07-23 01:52:00
805,2026-07-23T02:22:00.0000000+00:00,34.60878333,15.57833333,2026-07-23 02:22:00
806,2026-07-23T02:52:00.0000000+00:00,34.60833333,15.58163333,2026-07-23 02:52:00
807,2026-07-23T03:22:00.0000000+00:00,34.60716667,15.58331667,2026-07-23 03:22:00
808,2026-07-23T03:52:00.0000000+00:00,34.6061,15.58501667,2026-07-23 03:52:00
809,2026-07-23T04:22:00.0000000+00:00,34.60518333,15.58548333,2026-07-23 04:22:00
810,2026-07-23T04:52:00.0000000+00:00,34.60431667,15.58488333,2026-07-23 04:52:00
811,2026-07-23T05:22:19.0000000+00:00,34.604,15.5838,2026-07-23 05:22:19
812,2026-07-23T05:52:00.0000000+00:00,34.6041,15.58116667,2026-07-23 05:52:00
813,2026-07-23T06:22:00.0000000+00:00,34.60493333,15.57716667,2026-07-23 06:22:00
814,2026-07-23T06:52:01.0000000+00:00,34.60673333,15.5721,2026-07-23 06:52:01
815,2026-07-23T07:23:49.0000000+00:00,34.6095,15.56588333,2026-07-23 07:23:49
816,2026-07-23T07:52:00.0000000+00:00,34.61296667,15.56006667,2026-07-23 07:52:00
817,2026-07-23T08:22:22.0000000+00:00,34.61711667,15.55433333,2026-07-23 08:22:22
818,2026-07-23T08:52:00.0000000+00:00,34.62171667,15.54901667,2026-07-23 08:52:00
819,2026-07-23T09:22:00.0000000+00:00,34.62735,15.54328333,2026-07-23 09:22:00
820,2026-07-23T09:52:00.0000000+00:00,34.63381667,15.53795,2026-07-23 09:52:00
821,2026-07-23T10:22:00.0000000+00:00,34.64073333,15.53215,2026-07-23 10:22:00
822,2026-07-23T10:52:00.0000000+00:00,34.6477,15.52648333,2026-07-23 10:52:00
823,2026-07-23T11:22:00.0000000+00:00,34.65493333,15.52178333,2026-07-23 11:22:00
824,2026-07-23T11:52:00.0000000+00:00,34.66318333,15.51771667,2026-07-23 11:52:00
825,2026-07-23T12:22:00.0000000+00:00,34.67245,15.51521667,2026-07-23 12:22:00
826,2026-07-23T12:52:00.0000000+00:00,34.68223333,15.51373333,2026-07-23 12:52:00
827,2026-07-23T13:22:00.0000000+00:00,34.69265,15.51321667,2026-07-23 13:22:00
828,2026-07-23T13:52:00.0000000+00:00,34.70336667,15.51396667,2026-07-23 13:52:00
829,2026-07-23T14:22:00.0000000+00:00,34.71385,15.51655,2026-07-23 14:22:00
830,2026-07-23T14:52:00.0000000+00:00,34.72335,15.52045,2026-07-23 14:52:00
831,2026-07-23T15:22:00.0000000+00:00,34.7329,15.52483333,2026-07-23 15:22:00
832,2026-07-23T15:52:01.0000000+00:00,34.74218333,15.53031667,2026-07-23 15:52:01
833,2026-07-23T16:22:00.0000000+00:00,34.75056667,15.53655,2026-07-23 16:22:00
834,2026-07-23T16:52:00.0000000+00:00,34.75818333,15.54343333,2026-07-23 16:52:00
835,2026-07-23T17:22:00.0000000+00:00,34.76475,15.55098333,2026-07-23 17:22:00
836,2026-07-23T17:52:00.0000000+00:00,34.77066667,15.5588,2026-07-23 17:52:00
837,2026-07-23T18:22:51.0000000+00:00,34.77633333,15.56765,2026-07-23 18:22:51
838,2026-07-23T18:52:00.0000000+00:00,34.78071667,15.57586667,2026-07-23 18:52:00
839,2026-07-23T19:22:00.0000000+00:00,34.78456667,15.58393333,2026-07-23 19:22:00
840,2026-07-23T19:52:24.0000000+00:00,34.78736667,15.59243333,2026-07-23 19:52:24
841,2026-07-23T20:22:01.0000000+00:00,34.78955,15.6007,2026-07-23 20:22:01
842,2026-07-23T20:52:00.0000000+00:00,34.79138333,15.60878333,2026-07-23 20:52:00
843,2026-07-23T21:22:00.0000000+00:00,34.79286667,15.61615,2026-07-23 21:22:00
844,2026-07-23T21:52:00.0000000+00:00,34.79398333,15.62346667,2026-07-23 21:52:00
845,2026-07-23T22:22:00.0000000+00:00,34.79513333,15.6306,2026-07-23 22:22:00
846,2026-07-23T22:52:00.0000000+00:00,34.79591667,15.63813333,2026-07-23 22:52:00
847,2026-07-23T23:22:32.0000000+00:00,34.79608333,15.64563333,2026-07-23 23:22:32
848,2026-07-23T23:52:01.0000000+00:00,34.79593333,15.65268333,2026-07-23 23:52:01
849,2026-07-24T00:22:00.0000000+00:00,34.79533333,15.65985,2026-07-24 00:22:00
850,2026-07-24T00:52:00.0000000+00:00,34.79458333,15.66621667,2026-07-24 00:52:00
851,2026-07-24T01:22:01.0000000+00:00,34.7939,15.6715,2026-07-24 01:22:01
852,2026-07-24T01:52:00.0000000+00:00,34.79281667,15.67638333,2026-07-24 01:52:00
853,2026-07-24T02:22:00.0000000+00:00,34.79176667,15.6808,2026-07-24 02:22:00
854,2026-07-24T02:52:00.0000000+00:00,34.791,15.68511667,2026-07-24 02:52:00
855,2026-07-24T03:22:00.0000000+00:00,34.79011667,15.68885,2026-07-24 03:22:00
856,2026-07-24T03:52:22.0000000+00:00,34.78928333,15.69235,2026-07-24 03:52:22
857,2026-07-24T04:22:00.0000000+00:00,34.78878333,15.69505,2026-07-24 04:22:00
858,2026-07-24T04:52:01.0000000+00:00,34.78866667,15.69771667,2026-07-24 04:52:01
859,2026-07-24T05:22:01.0000000+00:00,34.78838333,15.69981667,2026-07-24 05:22:01
860,2026-07-24T05:52:17.0000000+00:00,34.78866667,15.7019,2026-07-24 05:52:17
861,2026-07-24T06:22:31.0000000+00:00,34.78945,15.70418333,2026-07-24 06:22:31
862,2026-07-24T06:52:31.0000000+00:00,34.79033333,15.70568333,2026-07-24 06:52:31
863,2026-07-24T07:22:22.0000000+00:00,34.79165,15.70731667,2026-07-24 07:22:22
864,2026-07-24T07:52:00.0000000+00:00,34.79353333,15.70928333,2026-07-24 07:52:00
865,2026-07-24T08:22:00.0000000+00:00,34.79523333,15.71213333,2026-07-24 08:22:00
866,2026-07-24T08:52:31.0000000+00:00,34.79685,15.71546667,2026-07-24 08:52:31
867,2026-07-24T09:22:00.0000000+00:00,34.79826667,15.71855,2026-07-24 09:22:00
868,2026-07-24T09:52:00.0000000+00:00,34.80028333,15.72203333,2026-07-24 09:52:00
869,2026-07-24T10:22:01.0000000+00:00,34.80213333,15.7262,2026-07-24 10:22:01
870,2026-07-24T10:52:00.0000000+00:00,34.80398333,15.73025,2026-07-24 10:52:00
871,2026-07-24T11:22:00.0000000+00:00,34.80608333,15.73463333,2026-07-24 11:22:00
872,2026-07-24T11:52:01.0000000+00:00,34.8078,15.7397,2026-07-24 11:52:01
873,2026-07-24T12:22:00.0000000+00:00,34.80896667,15.74535,2026-07-24 12:22:00
874,2026-07-24T12:52:00.0000000+00:00,34.80956667,15.7519,2026-07-24 12:52:00
875,2026-07-24T13:22:01.0000000+00:00,34.8093,15.75875,2026-07-24 13:22:01
876,2026-07-24T13:52:31.0000000+00:00,34.80891667,15.76508333,2026-07-24 13:52:31
877,2026-07-24T14:22:00.0000000+00:00,34.80756667,15.77158333,2026-07-24 14:22:00
878,2026-07-24T14:52:00.0000000+00:00,34.80576667,15.77805,2026-07-24 14:52:00
879,2026-07-24T15:22:00.0000000+00:00,34.80328333,15.78325,2026-07-24 15:22:00
880,2026-07-24T15:52:00.0000000+00:00,34.80083333,15.7872,2026-07-24 15:52:00
881,2026-07-24T16:22:00.0000000+00:00,34.79881667,15.79,2026-07-24 16:22:00
882,2026-07-24T16:52:01.0000000+00:00,34.79663333,15.79188333,2026-07-24 16:52:01
883,2026-07-24T17:22:00.0000000+00:00,34.79431667,15.79318333,2026-07-24 17:22:00
884,2026-07-24T17:52:00.0000000+00:00,34.792,15.79373333,2026-07-24 17:52:00
885,2026-07-24T18:22:00.0000000+00:00,34.79005,15.79346667,2026-07-24 18:22:00
886,2026-07-24T18:52:00.0000000+00:00,34.78858333,15.79253333,2026-07-24 18:52:00
887,2026-07-24T19:22:01.0000000+00:00,34.78751667,15.78941667,2026-07-24 19:22:01
888,2026-07-24T19:52:00.0000000+00:00,34.78716667,15.78616667,2026-07-24 19:52:00
889,2026-07-24T20:22:00.0000000+00:00,34.78715,15.78268333,2026-07-24 20:22:00
890,2026-07-24T20:52:00.0000000+00:00,34.78758333,15.77848333,2026-07-24 20:52:00
891,2026-07-24T21:22:00.0000000+00:00,34.78838333,15.77393333,2026-07-24 21:22:00
892,2026-07-24T21:52:00.0000000+00:00,34.78993333,15.76926667,2026-07-24 21:52:00
893,2026-07-24T22:22:00.0000000+00:00,34.79231667,15.76371667,2026-07-24 22:22:00
894,2026-07-24T22:52:31.0000000+00:00,34.79578333,15.75835,2026-07-24 22:52:31
895,2026-07-24T23:22:01.0000000+00:00,34.80046667,15.75343333,2026-07-24 23:22:01
896,2026-07-24T23:52:19.0000000+00:00,34.80576667,15.7481,2026-07-24 23:52:19
897,2026-07-25T00:22:26.0000000+00:00,34.81136667,15.7434,2026-07-25 00:22:26
898,2026-07-25T00:52:31.0000000+00:00,34.81766667,15.73933333,2026-07-25 00:52:31
899,2026-07-25T01:22:25.0000000+00:00,34.82431667,15.73608333,2026-07-25 01:22:25
900,2026-07-25T01:52:00.0000000+00:00,34.83176667,15.73348333,2026-07-25 01:52:00
901,2026-07-25T02:22:00.0000000+00:00,34.83946667,15.73198333,2026-07-25 02:22:00
902,2026-07-25T02:52:00.0000000+00:00,34.8472,15.7313,2026-07-25 02:52:00
903,2026-07-25T03:22:00.0000000+00:00,34.85458333,15.73123333,2026-07-25 03:22:00
904,2026-07-25T03:52:00.0000000+00:00,34.86176667,15.73186667,2026-07-25 03:52:00
905,2026-07-25T04:22:00.0000000+00:00,34.86873333,15.73276667,2026-07-25 04:22:00
906,2026-07-25T04:52:00.0000000+00:00,34.876,15.73501667,2026-07-25 04:52:00
907,2026-07-25T05:22:00.0000000+00:00,34.88276667,15.73865,2026-07-25 05:22:00
908,2026-07-25T05:52:00.0000000+00:00,34.88876667,15.743,2026-07-25 05:52:00
909,2026-07-25T06:22:01.0000000+00:00,34.89368333,15.74798333,2026-07-25 06:22:01
910,2026-07-25T06:52:01.0000000+00:00,34.89773333,15.75315,2026-07-25 06:52:01
911,2026-07-25T07:22:00.0000000+00:00,34.90121667,15.75891667,2026-07-25 07:22:00
912,2026-07-25T07:52:00.0000000+00:00,34.90423333,15.76473333,2026-07-25 07:52:00
913,2026-07-25T08:22:00.0000000+00:00,34.9069,15.77035,2026-07-25 08:22:00
914,2026-07-25T08:52:00.0000000+00:00,34.90963333,15.77695,2026-07-25 08:52:00
915,2026-07-25T09:22:25.0000000+00:00,34.91186667,15.78285,2026-07-25 09:22:25
916,2026-07-25T09:52:00.0000000+00:00,34.91355,15.78863333,2026-07-25 09:52:00
917,2026-07-25T10:22:00.0000000+00:00,34.91456667,15.7939,2026-07-25 10:22:00
918,2026-07-25T10:52:00.0000000+00:00,34.91488333,15.7988,2026-07-25 10:52:00
919,2026-07-25T11:22:00.0000000+00:00,34.91481667,15.80335,2026-07-25 11:22:00
920,2026-07-25T11:52:00.0000000+00:00,34.91421667,15.80728333,2026-07-25 11:52:00
921,2026-07-25T12:22:00.0000000+00:00,34.91328333,15.8109,2026-07-25 12:22:00
922,2026-07-25T12:52:00.0000000+00:00,34.91236667,15.81398333,2026-07-25 12:52:00
923,2026-07-25T13:22:00.0000000+00:00,34.91111667,15.81595,2026-07-25 13:22:00
924,2026-07-25T13:52:00.0000000+00:00,34.91011667,15.81786667,2026-07-25 13:52:00
925,2026-07-25T14:22:19.0000000+00:00,34.90873333,15.81905,2026-07-25 14:22:19
926,2026-07-25T14:52:20.0000000+00:00,34.90723333,15.81951667,2026-07-25 14:52:20
927,2026-07-25T15:22:00.0000000+00:00,34.90595,15.81928333,2026-07-25 15:22:00
928,2026-07-25T15:52:00.0000000+00:00,34.90508333,15.81831667,2026-07-25 15:52:00
929,2026-07-25T16:22:01.0000000+00:00,34.90463333,15.81681667,2026-07-25 16:22:01
930,2026-07-25T16:52:00.0000000+00:00,34.90456667,15.81525,2026-07-25 16:52:00
931,2026-07-25T17:22:00.0000000+00:00,34.9051,15.81345,2026-07-25 17:22:00
932,2026-07-25T17:52:00.0000000+00:00,34.90636667,15.81173333,2026-07-25 17:52:00
933,2026-07-25T18:22:00.0000000+00:00,34.90856667,15.80976667,2026-07-25 18:22:00
934,2026-07-25T18:52:00.0000000+00:00,34.91118333,15.808,2026-07-25 18:52:00
935,2026-07-25T19:22:00.0000000+00:00,34.91441667,15.80603333,2026-07-25 19:22:00
936,2026-07-25T19:52:00.0000000+00:00,34.9181,15.80383333,2026-07-25 19:52:00
937,2026-07-25T20:22:00.0000000+00:00,34.92255,15.80128333,2026-07-25 20:22:00
938,2026-07-25T20:52:00.0000000+00:00,34.9276,15.79856667,2026-07-25 20:52:00
939,2026-07-25T21:22:00.0000000+00:00,34.93366667,15.79606667,2026-07-25 21:22:00
940,2026-07-25T21:52:00.0000000+00:00,34.94023333,15.79368333,2026-07-25 21:52:00
941,2026-07-25T22:22:25.0000000+00:00,34.94703333,15.79171667,2026-07-25 22:22:25
942,2026-07-25T22:52:00.0000000+00:00,34.95328333,15.79091667,2026-07-25 22:52:00
943,2026-07-25T23:22:00.0000000+00:00,34.9598,15.79125,2026-07-25 23:22:00
944,2026-07-25T23:52:00.0000000+00:00,34.96648333,15.79258333,2026-07-25 23:52:00
945,2026-07-26T00:22:00.0000000+00:00,34.97321667,15.79453333,2026-07-26 00:22:00
946,2026-07-26T00:52:00.0000000+00:00,34.98036667,15.79733333,2026-07-26 00:52:00
947,2026-07-26T01:22:00.0000000+00:00,34.98771667,15.8001,2026-07-26 01:22:00
948,2026-07-26T01:52:01.0000000+00:00,34.99535,15.80301667,2026-07-26 01:52:01
949,2026-07-26T02:22:01.0000000+00:00,35.00321667,15.80678333,2026-07-26 02:22:01
950,2026-07-26T02:52:00.0000000+00:00,35.01071667,15.81111667,2026-07-26 02:52:00
951,2026-07-26T03:22:01.0000000+00:00,35.01783333,15.81596667,2026-07-26 03:22:01
952,2026-07-26T03:52:01.0000000+00:00,35.02456667,15.82186667,2026-07-26 03:52:01
953,2026-07-26T04:22:00.0000000+00:00,35.03068333,15.82856667,2026-07-26 04:22:00
954,2026-07-26T04:52:00.0000000+00:00,35.03656667,15.83555,2026-07-26 04:52:00
955,2026-07-26T05:22:00.0000000+00:00,35.0418,15.84278333,2026-07-26 05:22:00
956,2026-07-26T05:52:01.0000000+00:00,35.04661667,15.84986667,2026-07-26 05:52:01
957,2026-07-26T06:22:00.0000000+00:00,35.05061667,15.85735,2026-07-26 06:22:00
958,2026-07-26T06:52:01.0000000+00:00,35.05411667,15.86485,2026-07-26 06:52:01
959,2026-07-26T07:22:00.0000000+00:00,35.05728333,15.8724,2026-07-26 07:22:00
960,2026-07-26T07:52:06.0000000+00:00,35.05983333,15.87985,2026-07-26 07:52:06
961,2026-07-26T08:22:24.0000000+00:00,35.0621,15.88675,2026-07-26 08:22:24
962,2026-07-26T08:52:00.0000000+00:00,35.06408333,15.89316667,2026-07-26 08:52:00
963,2026-07-26T09:22:00.0000000+00:00,35.06611667,15.8992,2026-07-26 09:22:00
964,2026-07-26T09:52:00.0000000+00:00,35.06808333,15.90478333,2026-07-26 09:52:00
965,2026-07-26T10:22:00.0000000+00:00,35.07021667,15.90978333,2026-07-26 10:22:00
966,2026-07-26T10:52:00.0000000+00:00,35.07246667,15.91491667,2026-07-26 10:52:00
967,2026-07-26T11:22:00.0000000+00:00,35.07468333,15.92016667,2026-07-26 11:22:00
968,2026-07-26T11:52:19.0000000+00:00,35.07688333,15.92566667,2026-07-26 11:52:19
969,2026-07-26T12:22:00.0000000+00:00,35.07895,15.93061667,2026-07-26 12:22:00
970,2026-07-26T12:52:00.0000000+00:00,35.08138333,15.93475,2026-07-26 12:52:00
971,2026-07-26T13:22:00.0000000+00:00,35.084,15.93823333,2026-07-26 13:22:00
972,2026-07-26T13:52:01.0000000+00:00,35.0871,15.94053333,2026-07-26 13:52:01
973,2026-07-26T14:22:00.0000000+00:00,35.09078333,15.9424,2026-07-26 14:22:00
974,2026-07-26T14:52:00.0000000+00:00,35.09493333,15.9439,2026-07-26 14:52:00
975,2026-07-26T15:22:00.0000000+00:00,35.09966667,15.94506667,2026-07-26 15:22:00
976,2026-07-26T15:52:00.0000000+00:00,35.10518333,15.94648333,2026-07-26 15:52:00
977,2026-07-26T16:22:00.0000000+00:00,35.11118333,15.94888333,2026-07-26 16:22:00
978,2026-07-26T16:52:00.0000000+00:00,35.11753333,15.95145,2026-07-26 16:52:00
979,2026-07-26T17:22:00.0000000+00:00,35.12375,15.95403333,2026-07-26 17:22:00
980,2026-07-26T17:52:00.0000000+00:00,35.13056667,15.95708333,2026-07-26 17:52:00
981,2026-07-26T18:22:00.0000000+00:00,35.13763333,15.96065,2026-07-26 18:22:00
982,2026-07-26T18:52:00.0000000+00:00,35.14426667,15.96443333,2026-07-26 18:52:00
983,2026-07-26T19:22:00.0000000+00:00,35.15108333,15.9693,2026-07-26 19:22:00
984,2026-07-26T19:52:01.0000000+00:00,35.15838333,15.9751,2026-07-26 19:52:01
985,2026-07-26T20:22:00.0000000+00:00,35.16548333,15.98118333,2026-07-26 20:22:00
986,2026-07-26T20:52:00.0000000+00:00,35.17265,15.98735,2026-07-26 20:52:00
987,2026-07-26T21:22:01.0000000+00:00,35.17948333,15.99361667,2026-07-26 21:22:01
988,2026-07-26T21:52:00.0000000+00:00,35.18578333,16.00046667,2026-07-26 21:52:00
989,2026-07-26T22:22:00.0000000+00:00,35.19173333,16.00785,2026-07-26 22:22:00
990,2026-07-26T22:52:00.0000000+00:00,35.19776667,16.01481667,2026-07-26 22:52:00
991,2026-07-26T23:22:00.0000000+00:00,35.20368333,16.02178333,2026-07-26 23:22:00
992,2026-07-26T23:52:32.0000000+00:00,35.20976667,16.02918333,2026-07-26 23:52:32
993,2026-07-27T00:22:00.0000000+00:00,35.21593333,16.03668333,2026-07-27 00:22:00
994,2026-07-27T00:52:00.0000000+00:00,35.22251667,16.04418333,2026-07-27 00:52:00
995,2026-07-27T01:22:00.0000000+00:00,35.22943333,16.05203333,2026-07-27 01:22:00
996,2026-07-27T01:52:00.0000000+00:00,35.2357,16.05948333,2026-07-27 01:52:00
997,2026-07-27T02:22:00.0000000+00:00,35.2413,16.06723333,2026-07-27 02:22:00
998,2026-07-27T02:52:00.0000000+00:00,35.24665,16.0743,2026-07-27 02:52:00
999,2026-07-27T03:22:00.0000000+00:00,35.25196667,16.08031667,2026-07-27 03:22:00
1000,2026-07-27T03:52:00.0000000+00:00,35.2572,16.08605,2026-07-27 03:52:00
1001,2026-07-27T04:22:31.0000000+00:00,35.26276667,16.09163333,2026-07-27 04:22:31
1002,2026-07-27T04:52:26.0000000+00:00,35.26773333,16.0966,2026-07-27 04:52:26
1003,2026-07-27T05:22:18.0000000+00:00,35.27205,16.10206667,2026-07-27 05:22:18
1004,2026-07-27T05:52:00.0000000+00:00,35.27643333,16.1073,2026-07-27 05:52:00
1005,2026-07-27T06:22:00.0000000+00:00,35.28026667,16.11241667,2026-07-27 06:22:00
1006,2026-07-27T06:52:23.0000000+00:00,35.28418333,16.11698333,2026-07-27 06:52:23
1007,2026-07-27T07:22:00.0000000+00:00,35.28768333,16.12105,2026-07-27 07:22:00
1008,2026-07-27T07:52:32.0000000+00:00,35.29115,16.12561667,2026-07-27 07:52:32
1009,2026-07-27T08:22:00.0000000+00:00,35.2948,16.12981667,2026-07-27 08:22:00
1010,2026-07-27T08:52:00.0000000+00:00,35.29956667,16.13378333,2026-07-27 08:52:00
1011,2026-07-27T09:22:00.0000000+00:00,35.30416667,16.13796667,2026-07-27 09:22:00
1012,2026-07-27T09:52:00.0000000+00:00,35.3083,16.14216667,2026-07-27 09:52:00
1013,2026-07-27T10:22:01.0000000+00:00,35.31273333,16.14713333,2026-07-27 10:22:01
1014,2026-07-27T10:52:00.0000000+00:00,35.31726667,16.15263333,2026-07-27 10:52:00
1015,2026-07-27T11:22:00.0000000+00:00,35.3216,16.15793333,2026-07-27 11:22:00
1016,2026-07-27T11:52:00.0000000+00:00,35.32586667,16.16328333,2026-07-27 11:52:00
1017,2026-07-27T12:22:19.0000000+00:00,35.33,16.16893333,2026-07-27 12:22:19
1018,2026-07-27T12:52:00.0000000+00:00,35.33413333,16.17416667,2026-07-27 12:52:00
1019,2026-07-27T13:22:00.0000000+00:00,35.33838333,16.1795,2026-07-27 13:22:00
1020,2026-07-27T13:52:00.0000000+00:00,35.3431,16.18475,2026-07-27 13:52:00
1021,2026-07-27T14:22:00.0000000+00:00,35.34798333,16.18946667,2026-07-27 14:22:00
1022,2026-07-27T14:52:19.0000000+00:00,35.35286667,16.19388333,2026-07-27 14:52:19
1023,2026-07-27T15:22:30.0000000+00:00,35.35736667,16.19908333,2026-07-27 15:22:30
1024,2026-07-27T15:52:00.0000000+00:00,35.36201667,16.20368333,2026-07-27 15:52:00
1025,2026-07-27T16:22:19.0000000+00:00,35.3671,16.20833333,2026-07-27 16:22:19
1026,2026-07-27T16:52:00.0000000+00:00,35.37205,16.21285,2026-07-27 16:52:00
1027,2026-07-27T17:22:00.0000000+00:00,35.3771,16.21738333,2026-07-27 17:22:00
1028,2026-07-27T17:52:00.0000000+00:00,35.38186667,16.2221,2026-07-27 17:52:00
1029,2026-07-27T18:22:00.0000000+00:00,35.38705,16.22681667,2026-07-27 18:22:00
1030,2026-07-27T18:52:00.0000000+00:00,35.39246667,16.23133333,2026-07-27 18:52:00
1031,2026-07-27T19:22:00.0000000+00:00,35.39771667,16.23556667,2026-07-27 19:22:00
1032,2026-07-27T19:52:04.0000000+00:00,35.39928333,16.24111667,2026-07-27 19:52:04
1033,2026-07-27T20:22:25.0000000+00:00,35.39825,16.24716667,2026-07-27 20:22:25
1034,2026-07-27T20:52:01.0000000+00:00,35.39653333,16.25293333,2026-07-27 20:52:01
1035,2026-07-27T21:22:00.0000000+00:00,35.39425,16.25811667,2026-07-27 21:22:00
1036,2026-07-27T21:52:00.0000000+00:00,35.39205,16.26288333,2026-07-27 21:52:00
1037,2026-07-27T22:22:00.0000000+00:00,35.38971667,16.26703333,2026-07-27 22:22:00
1038,2026-07-27T22:52:31.0000000+00:00,35.38796667,16.27025,2026-07-27 22:52:31
1039,2026-07-27T23:22:00.0000000+00:00,35.38678333,16.27236667,2026-07-27 23:22:00
1040,2026-07-27T23:52:00.0000000+00:00,35.38538333,16.2745,2026-07-27 23:52:00
1041,2026-07-28T00:22:00.0000000+00:00,35.38446667,16.27603333,2026-07-28 00:22:00
1042,2026-07-28T00:52:00.0000000+00:00,35.38416667,16.27728333,2026-07-28 00:52:00
1043,2026-07-28T01:22:25.0000000+00:00,35.38418333,16.27771667,2026-07-28 01:22:25
1044,2026-07-28T01:52:01.0000000+00:00,35.38495,16.27771667,2026-07-28 01:52:01
1045,2026-07-28T02:22:00.0000000+00:00,35.38603333,16.27811667,2026-07-28 02:22:00
1046,2026-07-28T02:52:00.0000000+00:00,35.38775,16.27831667,2026-07-28 02:52:00
1047,2026-07-28T03:22:00.0000000+00:00,35.38926667,16.27816667,2026-07-28 03:22:00
1048,2026-07-28T03:52:50.0000000+00:00,35.39091667,16.27715,2026-07-28 03:52:50
1049,2026-07-28T04:22:01.0000000+00:00,35.39286667,16.27566667,2026-07-28 04:22:01
1050,2026-07-28T04:52:00.0000000+00:00,35.39508333,16.27386667,2026-07-28 04:52:00
1051,2026-07-28T05:22:01.0000000+00:00,35.39733333,16.27225,2026-07-28 05:22:01
1052,2026-07-28T05:52:19.0000000+00:00,35.39961667,16.27126667,2026-07-28 05:52:19
1053,2026-07-28T06:22:00.0000000+00:00,35.40183333,16.27001667,2026-07-28 06:22:00
1054,2026-07-28T06:52:00.0000000+00:00,35.40486667,16.26843333,2026-07-28 06:52:00
1055,2026-07-28T07:22:01.0000000+00:00,35.40858333,16.26713333,2026-07-28 07:22:01
1056,2026-07-28T07:52:00.0000000+00:00,35.4126,16.26583333,2026-07-28 07:52:00
1057,2026-07-28T08:22:01.0000000+00:00,35.41766667,16.26441667,2026-07-28 08:22:01
1058,2026-07-28T08:52:00.0000000+00:00,35.42335,16.26358333,2026-07-28 08:52:00
1059,2026-07-28T09:22:00.0000000+00:00,35.4292,16.26351667,2026-07-28 09:22:00
1060,2026-07-28T09:52:00.0000000+00:00,35.43508333,16.26353333,2026-07-28 09:52:00
1061,2026-07-28T10:22:00.0000000+00:00,35.44085,16.26391667,2026-07-28 10:22:00
1062,2026-07-28T10:52:00.0000000+00:00,35.4465,16.26446667,2026-07-28 10:52:00
1063,2026-07-28T11:22:00.0000000+00:00,35.4522,16.26561667,2026-07-28 11:22:00
1064,2026-07-28T11:52:00.0000000+00:00,35.45766667,16.26751667,2026-07-28 11:52:00
1065,2026-07-28T12:22:00.0000000+00:00,35.46285,16.27063333,2026-07-28 12:22:00
1066,2026-07-28T12:52:03.0000000+00:00,35.46695,16.27498333,2026-07-28 12:52:03
1067,2026-07-28T13:22:00.0000000+00:00,35.46903333,16.2799,2026-07-28 13:22:00
1068,2026-07-28T13:52:00.0000000+00:00,35.4709,16.28305,2026-07-28 13:52:00
1069,2026-07-28T14:22:24.0000000+00:00,35.47246667,16.28756667,2026-07-28 14:22:24
1070,2026-07-28T14:52:00.0000000+00:00,35.47288333,16.292,2026-07-28 14:52:00
1071,2026-07-28T15:22:24.0000000+00:00,35.47211667,16.29628333,2026-07-28 15:22:24
1072,2026-07-28T15:52:19.0000000+00:00,35.47085,16.29881667,2026-07-28 15:52:19
1073,2026-07-28T16:22:55.0000000+00:00,35.4698,16.30033333,2026-07-28 16:22:55
1074,2026-07-28T16:52:25.0000000+00:00,35.46856667,16.3018,2026-07-28 16:52:25
1075,2026-07-28T17:22:00.0000000+00:00,35.46646667,16.30311667,2026-07-28 17:22:00
1076,2026-07-28T17:52:19.0000000+00:00,35.46365,16.30408333,2026-07-28 17:52:19
1077,2026-07-28T18:22:25.0000000+00:00,35.46095,16.30481667,2026-07-28 18:22:25
1078,2026-07-28T18:52:00.0000000+00:00,35.45851667,16.30496667,2026-07-28 18:52:00
1079,2026-07-28T19:22:00.0000000+00:00,35.45605,16.30423333,2026-07-28 19:22:00
1080,2026-07-28T19:52:00.0000000+00:00,35.45376667,16.30251667,2026-07-28 19:52:00
1081,2026-07-28T20:22:19.0000000+00:00,35.45161667,16.30003333,2026-07-28 20:22:19
1082,2026-07-28T20:52:00.0000000+00:00,35.44975,16.29648333,2026-07-28 20:52:00
1083,2026-07-28T21:22:00.0000000+00:00,35.4478,16.29241667,2026-07-28 21:22:00
1084,2026-07-28T21:52:00.0000000+00:00,35.44656667,16.28771667,2026-07-28 21:52:00
1085,2026-07-28T22:22:01.0000000+00:00,35.44563333,16.28241667,2026-07-28 22:22:01
1086,2026-07-28T22:52:00.0000000+00:00,35.4452,16.27695,2026-07-28 22:52:00
1087,2026-07-28T23:22:02.0000000+00:00,35.44505,16.27135,2026-07-28 23:22:02
1088,2026-07-28T23:52:00.0000000+00:00,35.44523333,16.26613333,2026-07-28 23:52:00
1089,2026-07-29T00:22:01.0000000+00:00,35.44578333,16.26103333,2026-07-29 00:22:01
1090,2026-07-29T00:52:00.0000000+00:00,35.44711667,16.2553,2026-07-29 00:52:00
1091,2026-07-29T01:22:00.0000000+00:00,35.44926667,16.2497,2026-07-29 01:22:00
1092,2026-07-29T01:52:00.0000000+00:00,35.4525,16.24401667,2026-07-29 01:52:00
1093,2026-07-29T02:22:00.0000000+00:00,35.45625,16.23856667,2026-07-29 02:22:00
1094,2026-07-29T02:52:00.0000000+00:00,35.46038333,16.23351667,2026-07-29 02:52:00
1095,2026-07-29T03:22:00.0000000+00:00,35.46488333,16.2289,2026-07-29 03:22:00
1096,2026-07-29T03:52:00.0000000+00:00,35.46896667,16.22511667,2026-07-29 03:52:00
1097,2026-07-29T04:22:01.0000000+00:00,35.47338333,16.22208333,2026-07-29 04:22:01
1098,2026-07-29T04:52:03.0000000+00:00,35.47868333,16.21918333,2026-07-29 04:52:03
1099,2026-07-29T05:22:01.0000000+00:00,35.48471667,16.21666667,2026-07-29 05:22:01
1100,2026-07-29T05:52:00.0000000+00:00,35.4906,16.21473333,2026-07-29 05:52:00
1101,2026-07-29T06:22:00.0000000+00:00,35.49611667,16.21333333,2026-07-29 06:22:00
1102,2026-07-29T06:52:23.0000000+00:00,35.50151667,16.21255,2026-07-29 06:52:23
1103,2026-07-29T07:22:31.0000000+00:00,35.50735,16.2124,2026-07-29 07:22:31
1104,2026-07-29T07:52:19.0000000+00:00,35.5129,16.21298333,2026-07-29 07:52:19
1105,2026-07-29T08:22:00.0000000+00:00,35.51803333,16.21335,2026-07-29 08:22:00
1106,2026-07-29T08:52:01.0000000+00:00,35.52296667,16.21375,2026-07-29 08:52:01
1107,2026-07-29T09:22:00.0000000+00:00,35.52758333,16.2141,2026-07-29 09:22:00
1108,2026-07-29T09:52:00.0000000+00:00,35.53206667,16.21471667,2026-07-29 09:52:00
1109,2026-07-29T10:22:00.0000000+00:00,35.53606667,16.21591667,2026-07-29 10:22:00
1110,2026-07-29T10:52:00.0000000+00:00,35.53983333,16.21675,2026-07-29 10:52:00
1111,2026-07-29T11:22:00.0000000+00:00,35.54355,16.21793333,2026-07-29 11:22:00
1112,2026-07-29T11:52:00.0000000+00:00,35.54645,16.21926667,2026-07-29 11:52:00
1113,2026-07-29T12:22:01.0000000+00:00,35.54935,16.22056667,2026-07-29 12:22:01
1114,2026-07-29T12:52:00.0000000+00:00,35.55178333,16.22146667,2026-07-29 12:52:00
1115,2026-07-29T13:22:00.0000000+00:00,35.55381667,16.22218333,2026-07-29 13:22:00
1116,2026-07-29T13:52:00.0000000+00:00,35.55565,16.22295,2026-07-29 13:52:00
1117,2026-07-29T14:22:03.0000000+00:00,35.55661667,16.22355,2026-07-29 14:22:03
1118,2026-07-29T14:52:00.0000000+00:00,35.55706667,16.22365,2026-07-29 14:52:00
1119,2026-07-29T15:22:08.0000000+00:00,35.55725,16.22298333,2026-07-29 15:22:08
1120,2026-07-29T15:52:22.0000000+00:00,35.55718333,16.22116667,2026-07-29 15:52:22
1121,2026-07-29T16:22:31.0000000+00:00,35.55611667,16.21908333,2026-07-29 16:22:31
1122,2026-07-29T16:52:01.0000000+00:00,35.55515,16.21701667,2026-07-29 16:52:01
1123,2026-07-29T17:22:01.0000000+00:00,35.55438333,16.21466667,2026-07-29 17:22:01
1124,2026-07-29T17:52:00.0000000+00:00,35.55341667,16.21178333,2026-07-29 17:52:00
1125,2026-07-29T18:22:00.0000000+00:00,35.5531,16.20848333,2026-07-29 18:22:00
1126,2026-07-29T18:52:00.0000000+00:00,35.55273333,16.20508333,2026-07-29 18:52:00
1127,2026-07-29T19:22:00.0000000+00:00,35.5526,16.20116667,2026-07-29 19:22:00
1128,2026-07-29T19:52:00.0000000+00:00,35.55318333,16.19688333,2026-07-29 19:52:00
1129,2026-07-29T20:22:00.0000000+00:00,35.55393333,16.19268333,2026-07-29 20:22:00
1130,2026-07-29T20:52:19.0000000+00:00,35.5553,16.18768333,2026-07-29 20:52:19
1131,2026-07-29T21:22:00.0000000+00:00,35.55648333,16.18275,2026-07-29 21:22:00
1132,2026-07-29T21:52:00.0000000+00:00,35.55705,16.17721667,2026-07-29 21:52:00
1133,2026-07-29T22:22:00.0000000+00:00,35.55778333,16.17165,2026-07-29 22:22:00
1134,2026-07-29T22:52:00.0000000+00:00,35.55883333,16.16588333,2026-07-29 22:52:00
1135,2026-07-29T23:22:25.0000000+00:00,35.55958333,16.1605,2026-07-29 23:22:25
1136,2026-07-29T23:52:00.0000000+00:00,35.56025,16.15476667,2026-07-29 23:52:00
1137,2026-07-30T00:22:00.0000000+00:00,35.56146667,16.14848333,2026-07-30 00:22:00
1138,2026-07-30T00:52:00.0000000+00:00,35.56285,16.14241667,2026-07-30 00:52:00
1139,2026-07-30T01:22:00.0000000+00:00,35.56441667,16.13646667,2026-07-30 01:22:00
1140,2026-07-30T01:52:01.0000000+00:00,35.56673333,16.1306,2026-07-30 01:52:01
1141,2026-07-30T02:22:01.0000000+00:00,35.56966667,16.12496667,2026-07-30 02:22:01
1142,2026-07-30T02:52:00.0000000+00:00,35.57281667,16.12005,2026-07-30 02:52:00
1143,2026-07-30T03:22:01.0000000+00:00,35.57638333,16.11563333,2026-07-30 03:22:01
1144,2026-07-30T03:52:00.0000000+00:00,35.58043333,16.11206667,2026-07-30 03:52:00
1145,2026-07-30T04:22:00.0000000+00:00,35.58408333,16.10958333,2026-07-30 04:22:00
1146,2026-07-30T04:52:00.0000000+00:00,35.58728333,16.10753333,2026-07-30 04:52:00
1147,2026-07-30T05:22:17.0000000+00:00,35.58986667,16.10548333,2026-07-30 05:22:17
1148,2026-07-30T05:52:00.0000000+00:00,35.5925,16.10373333,2026-07-30 05:52:00
1149,2026-07-30T06:22:00.0000000+00:00,35.59491667,16.10263333,2026-07-30 06:22:00
1150,2026-07-30T06:53:01.0000000+00:00,35.59713333,16.10226667,2026-07-30 06:53:01
1151,2026-07-30T07:22:01.0000000+00:00,35.59905,16.10203333,2026-07-30 07:22:01
1152,2026-07-30T07:52:00.0000000+00:00,35.60095,16.10236667,2026-07-30 07:52:00
1153,2026-07-30T08:22:00.0000000+00:00,35.6021,16.10288333,2026-07-30 08:22:00
1154,2026-07-30T08:52:00.0000000+00:00,35.6029,16.10388333,2026-07-30 08:52:00
1155,2026-07-30T09:22:00.0000000+00:00,35.60336667,16.10468333,2026-07-30 09:22:00
1156,2026-07-30T09:52:00.0000000+00:00,35.6031,16.10505,2026-07-30 09:52:00
1157,2026-07-30T10:22:00.0000000+00:00,35.60185,16.10521667,2026-07-30 10:22:00
1158,2026-07-30T10:52:00.0000000+00:00,35.5996,16.10418333,2026-07-30 10:52:00
1159,2026-07-30T11:22:00.0000000+00:00,35.59691667,16.10295,2026-07-30 11:22:00
1160,2026-07-30T11:52:00.0000000+00:00,35.59418333,16.10068333,2026-07-30 11:52:00
1161,2026-07-30T12:22:00.0000000+00:00,35.59165,16.09746667,2026-07-30 12:22:00
1162,2026-07-30T12:52:00.0000000+00:00,35.58903333,16.09373333,2026-07-30 12:52:00
1163,2026-07-30T13:22:03.0000000+00:00,35.5864,16.08946667,2026-07-30 13:22:03
1164,2026-07-30T13:52:19.0000000+00:00,35.58391667,16.08393333,2026-07-30 13:52:19
1165,2026-07-30T14:22:55.0000000+00:00,35.5819,16.07806667,2026-07-30 14:22:55
1166,2026-07-30T14:52:00.0000000+00:00,35.57908333,16.07228333,2026-07-30 14:52:00
1167,2026-07-30T15:22:32.0000000+00:00,35.57608333,16.06536667,2026-07-30 15:22:32
1168,2026-07-30T15:52:00.0000000+00:00,35.5742,16.05905,2026-07-30 15:52:00
1169,2026-07-30T16:22:00.0000000+00:00,35.57196667,16.05248333,2026-07-30 16:22:00
1170,2026-07-30T16:52:17.0000000+00:00,35.57053333,16.04648333,2026-07-30 16:52:17
1171,2026-07-30T17:22:00.0000000+00:00,35.57021667,16.04083333,2026-07-30 17:22:00
1172,2026-07-30T17:52:00.0000000+00:00,35.57075,16.0359,2026-07-30 17:52:00
1173,2026-07-30T18:22:01.0000000+00:00,35.57121667,16.03213333,2026-07-30 18:22:01
1174,2026-07-30T18:52:00.0000000+00:00,35.57181667,16.02858333,2026-07-30 18:52:00
1175,2026-07-30T19:22:00.0000000+00:00,35.57206667,16.02563333,2026-07-30 19:22:00
1176,2026-07-30T19:52:01.0000000+00:00,35.57266667,16.02303333,2026-07-30 19:52:01
1177,2026-07-30T20:22:01.0000000+00:00,35.57268333,16.02075,2026-07-30 20:22:01
1178,2026-07-30T20:52:00.0000000+00:00,35.57223333,16.01893333,2026-07-30 20:52:00
1179,2026-07-30T21:22:00.0000000+00:00,35.5713,16.01751667,2026-07-30 21:22:00
1180,2026-07-30T21:52:01.0000000+00:00,35.57015,16.01656667,2026-07-30 21:52:01
1181,2026-07-30T22:22:00.0000000+00:00,35.56906667,16.01641667,2026-07-30 22:22:00
1182,2026-07-30T22:52:00.0000000+00:00,35.5682,16.01706667,2026-07-30 22:52:00
1183,2026-07-30T23:22:00.0000000+00:00,35.56733333,16.01806667,2026-07-30 23:22:00
1184,2026-07-30T23:52:00.0000000+00:00,35.5658,16.01948333,2026-07-30 23:52:00
1185,2026-07-31T00:22:00.0000000+00:00,35.56413333,16.02093333,2026-07-31 00:22:00
1186,2026-07-31T00:52:00.0000000+00:00,35.56198333,16.023,2026-07-31 00:52:00
1187,2026-07-31T01:22:02.0000000+00:00,35.55938333,16.0256,2026-07-31 01:22:02
1188,2026-07-31T01:52:01.0000000+00:00,35.55608333,16.02826667,2026-07-31 01:52:01
1189,2026-07-31T02:22:19.0000000+00:00,35.55253333,16.03061667,2026-07-31 02:22:19
1190,2026-07-31T02:52:00.0000000+00:00,35.54883333,16.03283333,2026-07-31 02:52:00
1191,2026-07-31T03:22:00.0000000+00:00,35.54451667,16.0346,2026-07-31 03:22:00
1192,2026-07-31T03:52:00.0000000+00:00,35.53985,16.03613333,2026-07-31 03:52:00
1193,2026-07-31T04:22:00.0000000+00:00,35.53458333,16.03706667,2026-07-31 04:22:00
1194,2026-07-31T04:52:00.0000000+00:00,35.52926667,16.03781667,2026-07-31 04:52:00
1195,2026-07-31T05:22:00.0000000+00:00,35.52453333,16.03848333,2026-07-31 05:22:00
1196,2026-07-31T05:52:00.0000000+00:00,35.51951667,16.03865,2026-07-31 05:52:00
1197,2026-07-31T06:22:00.0000000+00:00,35.51443333,16.03881667,2026-07-31 06:22:00
1198,2026-07-31T06:52:00.0000000+00:00,35.5094,16.03851667,2026-07-31 06:52:00
1199,2026-07-31T07:22:00.0000000+00:00,35.50426667,16.03798333,2026-07-31 07:22:00
1200,2026-07-31T07:52:00.0000000+00:00,35.4996,16.03731667,2026-07-31 07:52:00
1201,2026-07-31T08:22:00.0000000+00:00,35.4956,16.03633333,2026-07-31 08:22:00
1202,2026-07-31T08:52:00.0000000+00:00,35.4916,16.03591667,2026-07-31 08:52:00
1203,2026-07-31T09:22:00.0000000+00:00,35.48768333,16.0359,2026-07-31 09:22:00
1204,2026-07-31T09:52:00.0000000+00:00,35.48368333,16.0363,2026-07-31 09:52:00
1205,2026-07-31T10:22:01.0000000+00:00,35.47923333,16.03706667,2026-07-31 10:22:01
1206,2026-07-31T10:52:00.0000000+00:00,35.47433333,16.0382,2026-07-31 10:52:00
1207,2026-07-31T11:22:00.0000000+00:00,35.4691,16.0388,2026-07-31 11:22:00
1208,2026-07-31T11:52:00.0000000+00:00,35.46353333,16.03871667,2026-07-31 11:52:00
1209,2026-07-31T12:22:00.0000000+00:00,35.45798333,16.03835,2026-07-31 12:22:00
1210,2026-07-31T12:52:00.0000000+00:00,35.45225,16.03733333,2026-07-31 12:52:00
1211,2026-07-31T13:22:00.0000000+00:00,35.44638333,16.03621667,2026-07-31 13:22:00
1212,2026-07-31T13:52:00.0000000+00:00,35.44011667,16.03496667,2026-07-31 13:52:00
1213,2026-07-31T14:22:00.0000000+00:00,35.43435,16.03313333,2026-07-31 14:22:00
1214,2026-07-31T14:52:00.0000000+00:00,35.42891667,16.03083333,2026-07-31 14:52:00
1215,2026-07-31T15:22:17.0000000+00:00,35.42385,16.028,2026-07-31 15:22:17
1216,2026-07-31T15:52:01.0000000+00:00,35.41895,16.0253,2026-07-31 15:52:01
1217,2026-07-31T16:22:01.0000000+00:00,35.41426667,16.02251667,2026-07-31 16:22:01
1218,2026-07-31T16:52:00.0000000+00:00,35.41016667,16.0195,2026-07-31 16:52:00
1219,2026-07-31T17:22:00.0000000+00:00,35.40635,16.01665,2026-07-31 17:22:00
1220,2026-07-31T17:52:00.0000000+00:00,35.40298333,16.0143,2026-07-31 17:52:00
1221,2026-07-31T18:22:00.0000000+00:00,35.39946667,16.01235,2026-07-31 18:22:00
1222,2026-07-31T18:52:00.0000000+00:00,35.39656667,16.00998333,2026-07-31 18:52:00
1223,2026-07-31T19:22:00.0000000+00:00,35.39411667,16.00808333,2026-07-31 19:22:00
1224,2026-07-31T19:52:00.0000000+00:00,35.39168333,16.00635,2026-07-31 19:52:00
1225,2026-07-31T20:22:00.0000000+00:00,35.38951667,16.00496667,2026-07-31 20:22:00
1226,2026-07-31T20:52:00.0000000+00:00,35.38721667,16.00386667,2026-07-31 20:52:00
1227,2026-07-31T21:22:25.0000000+00:00,35.38455,16.00321667,2026-07-31 21:22:25
1228,2026-07-31T21:52:20.0000000+00:00,35.38188333,16.00265,2026-07-31 21:52:20
1229,2026-07-31T22:22:00.0000000+00:00,35.37945,16.00281667,2026-07-31 22:22:00
1230,2026-07-31T22:52:00.0000000+00:00,35.37755,16.00293333,2026-07-31 22:52:00
1231,2026-07-31T23:22:00.0000000+00:00,35.37568333,16.00378333,2026-07-31 23:22:00
1232,2026-07-31T23:52:17.0000000+00:00,35.37408333,16.00495,2026-07-31 23:52:17
1233,2026-08-01T00:22:00.0000000+00:00,35.37255,16.00601667,2026-08-01 00:22:00
1234,2026-08-01T00:52:00.0000000+00:00,35.3709,16.00728333,2026-08-01 00:52:00
1235,2026-08-01T01:22:00.0000000+00:00,35.36908333,16.00841667,2026-08-01 01:22:00
1236,2026-08-01T01:52:00.0000000+00:00,35.36673333,16.00945,2026-08-01 01:52:00
1237,2026-08-01T02:22:01.0000000+00:00,35.3643,16.0107,2026-08-01 02:22:01
1238,2026-08-01T02:52:00.0000000+00:00,35.36188333,16.0123,2026-08-01 02:52:00
1239,2026-08-01T03:22:00.0000000+00:00,35.35963333,16.01325,2026-08-01 03:22:00
1240,2026-08-01T03:52:01.0000000+00:00,35.35755,16.01411667,2026-08-01 03:52:01
1241,2026-08-01T04:22:00.0000000+00:00,35.35578333,16.01598333,2026-08-01 04:22:00
1242,2026-08-01T04:52:00.0000000+00:00,35.35411667,16.0186,2026-08-01 04:52:00
1243,2026-08-01T05:22:00.0000000+00:00,35.35246667,16.0214,2026-08-01 05:22:00
1244,2026-08-01T05:52:17.0000000+00:00,35.3501,16.02515,2026-08-01 05:52:17
1245,2026-08-01T06:22:00.0000000+00:00,35.34691667,16.02893333,2026-08-01 06:22:00
1246,2026-08-01T06:52:31.0000000+00:00,35.34295,16.03311667,2026-08-01 06:52:31
1247,2026-08-01T07:22:00.0000000+00:00,35.33868333,16.03766667,2026-08-01 07:22:00
1248,2026-08-01T07:52:00.0000000+00:00,35.33381667,16.04208333,2026-08-01 07:52:00
1249,2026-08-01T08:22:00.0000000+00:00,35.32893333,16.0461,2026-08-01 08:22:00
1250,2026-08-01T08:52:00.0000000+00:00,35.3241,16.04961667,2026-08-01 08:52:00
1251,2026-08-01T09:22:00.0000000+00:00,35.3189,16.05261667,2026-08-01 09:22:00
1252,2026-08-01T09:52:00.0000000+00:00,35.3129,16.05475,2026-08-01 09:52:00
1253,2026-08-01T10:22:01.0000000+00:00,35.30655,16.05573333,2026-08-01 10:22:01
1254,2026-08-01T10:52:19.0000000+00:00,35.29983333,16.0562,2026-08-01 10:52:19
1255,2026-08-01T11:22:25.0000000+00:00,35.29323333,16.05645,2026-08-01 11:22:25
1256,2026-08-01T11:52:00.0000000+00:00,35.28715,16.05533333,2026-08-01 11:52:00
1257,2026-08-01T12:22:00.0000000+00:00,35.2817,16.05318333,2026-08-01 12:22:00
1258,2026-08-01T12:52:00.0000000+00:00,35.27708333,16.05098333,2026-08-01 12:52:00
1259,2026-08-01T13:22:01.0000000+00:00,35.27351667,16.04906667,2026-08-01 13:22:01
1260,2026-08-01T13:52:19.0000000+00:00,35.27068333,16.04798333,2026-08-01 13:52:19
1261,2026-08-01T14:22:00.0000000+00:00,35.26863333,16.04728333,2026-08-01 14:22:00
1262,2026-08-01T14:52:00.0000000+00:00,35.26658333,16.0472,2026-08-01 14:52:00
1263,2026-08-01T15:22:00.0000000+00:00,35.26515,16.04721667,2026-08-01 15:22:00
1264,2026-08-01T15:52:00.0000000+00:00,35.26408333,16.04778333,2026-08-01 15:52:00
1265,2026-08-01T16:22:00.0000000+00:00,35.26343333,16.04901667,2026-08-01 16:22:00
1266,2026-08-01T16:52:00.0000000+00:00,35.26298333,16.05076667,2026-08-01 16:52:00
1267,2026-08-01T17:22:00.0000000+00:00,35.26283333,16.05293333,2026-08-01 17:22:00
1268,2026-08-01T17:52:00.0000000+00:00,35.26278333,16.05573333,2026-08-01 17:52:00
1269,2026-08-01T18:22:00.0000000+00:00,35.26215,16.05975,2026-08-01 18:22:00
1270,2026-08-01T18:52:01.0000000+00:00,35.2621,16.06396667,2026-08-01 18:52:01
1271,2026-08-01T19:22:00.0000000+00:00,35.26123333,16.06916667,2026-08-01 19:22:00
1272,2026-08-01T19:52:01.0000000+00:00,35.26065,16.07478333,2026-08-01 19:52:01
1273,2026-08-01T20:22:00.0000000+00:00,35.25968333,16.08133333,2026-08-01 20:22:00
1274,2026-08-01T20:52:00.0000000+00:00,35.25853333,16.08801667,2026-08-01 20:52:00
1275,2026-08-01T21:22:20.0000000+00:00,35.2575,16.09468333,2026-08-01 21:22:20
1276,2026-08-01T21:52:00.0000000+00:00,35.25648333,16.10168333,2026-08-01 21:52:00
1277,2026-08-01T22:22:00.0000000+00:00,35.25563333,16.11008333,2026-08-01 22:22:00
1278,2026-08-01T22:52:00.0000000+00:00,35.2546,16.11885,2026-08-01 22:52:00
1279,2026-08-01T23:22:00.0000000+00:00,35.25308333,16.12773333,2026-08-01 23:22:00
1280,2026-08-01T23:52:00.0000000+00:00,35.25105,16.13678333,2026-08-01 23:52:00
1281,2026-08-02T00:22:01.0000000+00:00,35.24935,16.14596667,2026-08-02 00:22:01
1282,2026-08-02T00:52:00.0000000+00:00,35.24768333,16.1548,2026-08-02 00:52:00
1283,2026-08-02T01:22:00.0000000+00:00,35.24628333,16.16383333,2026-08-02 01:22:00
1284,2026-08-02T01:52:01.0000000+00:00,35.24548333,16.17371667,2026-08-02 01:52:01
1285,2026-08-02T02:22:00.0000000+00:00,35.24481667,16.1831,2026-08-02 02:22:00
1286,2026-08-02T02:52:00.0000000+00:00,35.24431667,16.19173333,2026-08-02 02:52:00
1287,2026-08-02T03:22:00.0000000+00:00,35.24411667,16.19956667,2026-08-02 03:22:00
1288,2026-08-02T03:52:00.0000000+00:00,35.24396667,16.20733333,2026-08-02 03:52:00
1289,2026-08-02T04:22:00.0000000+00:00,35.2443,16.215,2026-08-02 04:22:00
1290,2026-08-02T04:52:00.0000000+00:00,35.24503333,16.22265,2026-08-02 04:52:00
1291,2026-08-02T05:22:00.0000000+00:00,35.24633333,16.2306,2026-08-02 05:22:00
1292,2026-08-02T05:52:00.0000000+00:00,35.24841667,16.23775,2026-08-02 05:52:00
1293,2026-08-02T06:22:01.0000000+00:00,35.25131667,16.24451667,2026-08-02 06:22:01
1294,2026-08-02T06:52:00.0000000+00:00,35.25491667,16.2514,2026-08-02 06:52:00
1295,2026-08-02T07:22:00.0000000+00:00,35.25811667,16.25908333,2026-08-02 07:22:00
1296,2026-08-02T07:52:00.0000000+00:00,35.26148333,16.2676,2026-08-02 07:52:00
1297,2026-08-02T08:22:00.0000000+00:00,35.26523333,16.27621667,2026-08-02 08:22:00
1298,2026-08-02T08:52:00.0000000+00:00,35.26905,16.28538333,2026-08-02 08:52:00
1299,2026-08-02T09:22:00.0000000+00:00,35.27416667,16.29568333,2026-08-02 09:22:00
1300,2026-08-02T09:52:00.0000000+00:00,35.27943333,16.30781667,2026-08-02 09:52:00
1301,2026-08-02T10:22:00.0000000+00:00,35.28506667,16.32006667,2026-08-02 10:22:00
1302,2026-08-02T10:52:00.0000000+00:00,35.29095,16.33303333,2026-08-02 10:52:00
1303,2026-08-02T11:22:31.0000000+00:00,35.29653333,16.34645,2026-08-02 11:22:31
1304,2026-08-02T11:52:00.0000000+00:00,35.30113333,16.36003333,2026-08-02 11:52:00
1305,2026-08-02T12:22:00.0000000+00:00,35.30543333,16.37308333,2026-08-02 12:22:00
1306,2026-08-02T12:52:00.0000000+00:00,35.30913333,16.38516667,2026-08-02 12:52:00
1307,2026-08-02T13:22:00.0000000+00:00,35.31243333,16.39663333,2026-08-02 13:22:00
1308,2026-08-02T13:52:00.0000000+00:00,35.31553333,16.40731667,2026-08-02 13:52:00
1309,2026-08-02T14:22:00.0000000+00:00,35.31815,16.41846667,2026-08-02 14:22:00
1310,2026-08-02T14:52:00.0000000+00:00,35.3207,16.42975,2026-08-02 14:52:00
1311,2026-08-02T15:22:00.0000000+00:00,35.32338333,16.44075,2026-08-02 15:22:00
1312,2026-08-02T15:52:00.0000000+00:00,35.3259,16.45238333,2026-08-02 15:52:00
1313,2026-08-02T16:22:00.0000000+00:00,35.32875,16.46406667,2026-08-02 16:22:00
1314,2026-08-02T16:52:00.0000000+00:00,35.33116667,16.4757,2026-08-02 16:52:00
1315,2026-08-02T17:22:17.0000000+00:00,35.33351667,16.48666667,2026-08-02 17:22:17
1316,2026-08-02T17:52:00.0000000+00:00,35.33595,16.4968,2026-08-02 17:52:00
1317,2026-08-02T18:22:00.0000000+00:00,35.3376,16.50605,2026-08-02 18:22:00
1318,2026-08-02T18:52:00.0000000+00:00,35.33928333,16.51481667,2026-08-02 18:52:00
1319,2026-08-02T19:22:02.0000000+00:00,35.34115,16.5242,2026-08-02 19:22:02
1320,2026-08-02T19:52:00.0000000+00:00,35.34288333,16.5332,2026-08-02 19:52:00
1321,2026-08-02T20:22:00.0000000+00:00,35.34496667,16.54115,2026-08-02 20:22:00
1322,2026-08-02T20:52:00.0000000+00:00,35.34716667,16.54896667,2026-08-02 20:52:00
1323,2026-08-02T21:22:00.0000000+00:00,35.34915,16.55651667,2026-08-02 21:22:00
1324,2026-08-02T21:52:19.0000000+00:00,35.35123333,16.56388333,2026-08-02 21:52:19
1325,2026-08-02T22:22:00.0000000+00:00,35.35351667,16.57028333,2026-08-02 22:22:00
1326,2026-08-02T22:52:00.0000000+00:00,35.35601667,16.57671667,2026-08-02 22:52:00
1327,2026-08-02T23:22:00.0000000+00:00,35.35866667,16.58285,2026-08-02 23:22:00
1328,2026-08-02T23:52:00.0000000+00:00,35.3613,16.58813333,2026-08-02 23:52:00
1329,2026-08-03T00:22:00.0000000+00:00,35.36426667,16.59308333,2026-08-03 00:22:00
1330,2026-08-03T00:53:20.0000000+00:00,35.36778333,16.59858333,2026-08-03 00:53:20
1331,2026-08-03T01:22:00.0000000+00:00,35.37143333,16.60366667,2026-08-03 01:22:00
1332,2026-08-03T01:52:00.0000000+00:00,35.37535,16.60843333,2026-08-03 01:52:00
1333,2026-08-03T02:22:00.0000000+00:00,35.37946667,16.61263333,2026-08-03 02:22:00
1334,2026-08-03T02:52:00.0000000+00:00,35.38366667,16.61691667,2026-08-03 02:52:00
1335,2026-08-03T03:22:00.0000000+00:00,35.38835,16.62226667,2026-08-03 03:22:00
1336,2026-08-03T03:52:01.0000000+00:00,35.39323333,16.62788333,2026-08-03 03:52:01
1337,2026-08-03T04:22:01.0000000+00:00,35.3978,16.63283333,2026-08-03 04:22:01
1338,2026-08-03T04:52:00.0000000+00:00,35.4023,16.63835,2026-08-03 04:52:00
1339,2026-08-03T05:22:00.0000000+00:00,35.40645,16.64385,2026-08-03 05:22:00
1340,2026-08-03T05:53:19.0000000+00:00,35.41013333,16.6498,2026-08-03 05:53:19
1341,2026-08-03T06:22:01.0000000+00:00,35.41311667,16.65571667,2026-08-03 06:22:01
1342,2026-08-03T06:52:01.0000000+00:00,35.41618333,16.66191667,2026-08-03 06:52:01
1343,2026-08-03T07:22:00.0000000+00:00,35.41926667,16.66813333,2026-08-03 07:22:00
1344,2026-08-03T07:52:00.0000000+00:00,35.42235,16.67426667,2026-08-03 07:52:00
1345,2026-08-03T08:22:00.0000000+00:00,35.42516667,16.6805,2026-08-03 08:22:00
1346,2026-08-03T08:52:00.0000000+00:00,35.42731667,16.68698333,2026-08-03 08:52:00
1347,2026-08-03T09:22:00.0000000+00:00,35.42961667,16.69388333,2026-08-03 09:22:00
1348,2026-08-03T09:52:00.0000000+00:00,35.43196667,16.70168333,2026-08-03 09:52:00
1349,2026-08-03T10:22:00.0000000+00:00,35.43388333,16.71028333,2026-08-03 10:22:00
1350,2026-08-03T10:52:00.0000000+00:00,35.4356,16.71925,2026-08-03 10:52:00
1351,2026-08-03T11:22:00.0000000+00:00,35.43681667,16.72826667,2026-08-03 11:22:00
1352,2026-08-03T11:52:00.0000000+00:00,35.43813333,16.73726667,2026-08-03 11:52:00
1353,2026-08-03T12:22:00.0000000+00:00,35.43895,16.74573333,2026-08-03 12:22:00
1354,2026-08-03T12:52:00.0000000+00:00,35.44005,16.75393333,2026-08-03 12:52:00
1355,2026-08-03T13:22:31.0000000+00:00,35.44063333,16.76226667,2026-08-03 13:22:31
1356,2026-08-03T13:52:22.0000000+00:00,35.44066667,16.7701,2026-08-03 13:52:22
1357,2026-08-03T14:22:00.0000000+00:00,35.44008333,16.77756667,2026-08-03 14:22:00
1358,2026-08-03T14:52:00.0000000+00:00,35.43923333,16.78481667,2026-08-03 14:52:00
1359,2026-08-03T15:22:00.0000000+00:00,35.43811667,16.79191667,2026-08-03 15:22:00
1360,2026-08-03T15:52:00.0000000+00:00,35.4365,16.79906667,2026-08-03 15:52:00
1361,2026-08-03T16:22:00.0000000+00:00,35.43446667,16.806,2026-08-03 16:22:00
1362,2026-08-03T16:52:00.0000000+00:00,35.43203333,16.81291667,2026-08-03 16:52:00
1363,2026-08-03T17:22:19.0000000+00:00,35.42916667,16.81956667,2026-08-03 17:22:19
1364,2026-08-03T17:52:00.0000000+00:00,35.42553333,16.82536667,2026-08-03 17:52:00
1365,2026-08-03T18:22:01.0000000+00:00,35.42168333,16.83065,2026-08-03 18:22:01
1366,2026-08-03T18:52:00.0000000+00:00,35.41785,16.83525,2026-08-03 18:52:00
1367,2026-08-03T19:22:00.0000000+00:00,35.4146,16.83931667,2026-08-03 19:22:00
1368,2026-08-03T19:52:00.0000000+00:00,35.41145,16.84311667,2026-08-03 19:52:00
1369,2026-08-03T20:22:01.0000000+00:00,35.40861667,16.84628333,2026-08-03 20:22:01
1370,2026-08-03T20:52:00.0000000+00:00,35.40595,16.84923333,2026-08-03 20:52:00
1371,2026-08-03T21:22:00.0000000+00:00,35.40308333,16.85221667,2026-08-03 21:22:00
1372,2026-08-03T21:52:00.0000000+00:00,35.4006,16.85451667,2026-08-03 21:52:00
1373,2026-08-03T22:22:00.0000000+00:00,35.39845,16.85688333,2026-08-03 22:22:00
1374,2026-08-03T22:52:00.0000000+00:00,35.39675,16.85985,2026-08-03 22:52:00
1375,2026-08-03T23:22:00.0000000+00:00,35.39503333,16.86248333,2026-08-03 23:22:00
1376,2026-08-03T23:52:00.0000000+00:00,35.39388333,16.86538333,2026-08-03 23:52:00
1377,2026-08-04T00:22:00.0000000+00:00,35.39261667,16.8687,2026-08-04 00:22:00
1378,2026-08-04T00:52:00.0000000+00:00,35.39161667,16.87173333,2026-08-04 00:52:00
1379,2026-08-04T01:22:00.0000000+00:00,35.39018333,16.87496667,2026-08-04 01:22:00
1380,2026-08-04T01:52:00.0000000+00:00,35.38868333,16.87716667,2026-08-04 01:52:00
1381,2026-08-04T02:22:00.0000000+00:00,35.3879,16.87935,2026-08-04 02:22:00
1382,2026-08-04T02:52:00.0000000+00:00,35.38756667,16.88088333,2026-08-04 02:52:00
1383,2026-08-04T03:22:00.0000000+00:00,35.38731667,16.8827,2026-08-04 03:22:00
1384,2026-08-04T03:52:00.0000000+00:00,35.38741667,16.88495,2026-08-04 03:52:00
1385,2026-08-04T04:22:00.0000000+00:00,35.3873,16.88785,2026-08-04 04:22:00
1386,2026-08-04T04:52:00.0000000+00:00,35.38676667,16.89116667,2026-08-04 04:52:00
1387,2026-08-04T05:22:00.0000000+00:00,35.3857,16.89446667,2026-08-04 05:22:00
1388,2026-08-04T05:52:00.0000000+00:00,35.38428333,16.89826667,2026-08-04 05:52:00
1389,2026-08-04T06:22:17.0000000+00:00,35.38311667,16.90195,2026-08-04 06:22:17
1390,2026-08-04T06:52:00.0000000+00:00,35.38261667,16.90595,2026-08-04 06:52:00
1391,2026-08-04T07:22:00.0000000+00:00,35.38226667,16.90983333,2026-08-04 07:22:00
1392,2026-08-04T07:52:00.0000000+00:00,35.38265,16.91445,2026-08-04 07:52:00
1393,2026-08-04T08:22:00.0000000+00:00,35.38321667,16.91956667,2026-08-04 08:22:00
1394,2026-08-04T08:52:00.0000000+00:00,35.38361667,16.92616667,2026-08-04 08:52:00
1395,2026-08-04T09:22:00.0000000+00:00,35.38361667,16.93351667,2026-08-04 09:22:00
1396,2026-08-04T09:52:00.0000000+00:00,35.383,16.9418,2026-08-04 09:52:00
1397,2026-08-04T10:22:00.0000000+00:00,35.38171667,16.9512,2026-08-04 10:22:00
1398,2026-08-04T10:52:00.0000000+00:00,35.3796,16.96103333,2026-08-04 10:52:00
1399,2026-08-04T11:22:00.0000000+00:00,35.37661667,16.97236667,2026-08-04 11:22:00
1400,2026-08-04T11:52:00.0000000+00:00,35.3728,16.98513333,2026-08-04 11:52:00
1401,2026-08-04T12:22:00.0000000+00:00,35.36821667,16.99841667,2026-08-04 12:22:00
1402,2026-08-04T12:52:00.0000000+00:00,35.36216667,17.01141667,2026-08-04 12:52:00
1403,2026-08-04T13:22:01.0000000+00:00,35.3554,17.0241,2026-08-04 13:22:01
1404,2026-08-04T13:52:00.0000000+00:00,35.34786667,17.0356,2026-08-04 13:52:00
1405,2026-08-04T14:22:00.0000000+00:00,35.33901667,17.04636667,2026-08-04 14:22:00
1406,2026-08-04T14:52:00.0000000+00:00,35.32966667,17.05716667,2026-08-04 14:52:00
1407,2026-08-04T15:22:00.0000000+00:00,35.3201,17.06705,2026-08-04 15:22:00
1408,2026-08-04T15:52:00.0000000+00:00,35.31016667,17.07663333,2026-08-04 15:52:00
1409,2026-08-04T16:22:00.0000000+00:00,35.29998333,17.08601667,2026-08-04 16:22:00
1410,2026-08-04T16:52:00.0000000+00:00,35.28961667,17.09498333,2026-08-04 16:52:00
1411,2026-08-04T17:22:00.0000000+00:00,35.27893333,17.10213333,2026-08-04 17:22:00
1412,2026-08-04T17:52:00.0000000+00:00,35.26906667,17.1077,2026-08-04 17:52:00
1413,2026-08-04T18:22:00.0000000+00:00,35.26001667,17.11291667,2026-08-04 18:22:00
1414,2026-08-04T18:52:04.0000000+00:00,35.25193333,17.11786667,2026-08-04 18:52:04
1415,2026-08-04T19:22:01.0000000+00:00,35.24501667,17.12361667,2026-08-04 19:22:01
1416,2026-08-04T19:52:00.0000000+00:00,35.23921667,17.12981667,2026-08-04 19:52:00
1417,2026-08-04T20:22:00.0000000+00:00,35.23321667,17.13661667,2026-08-04 20:22:00
1418,2026-08-04T20:52:00.0000000+00:00,35.22756667,17.14345,2026-08-04 20:52:00
1419,2026-08-04T21:22:00.0000000+00:00,35.22223333,17.14998333,2026-08-04 21:22:00
1420,2026-08-04T21:52:00.0000000+00:00,35.21663333,17.15666667,2026-08-04 21:52:00
1421,2026-08-04T22:22:00.0000000+00:00,35.21115,17.16323333,2026-08-04 22:22:00
1422,2026-08-04T22:52:00.0000000+00:00,35.2062,17.16946667,2026-08-04 22:52:00
1423,2026-08-04T23:22:00.0000000+00:00,35.20138333,17.1756,2026-08-04 23:22:00
1424,2026-08-04T23:52:00.0000000+00:00,35.19645,17.1819,2026-08-04 23:52:00
1425,2026-08-05T00:22:00.0000000+00:00,35.19193333,17.18843333,2026-08-05 00:22:00
1426,2026-08-05T00:52:01.0000000+00:00,35.18778333,17.19398333,2026-08-05 00:52:01
1427,2026-08-05T01:22:00.0000000+00:00,35.18368333,17.19956667,2026-08-05 01:22:00
1428,2026-08-05T01:52:00.0000000+00:00,35.17965,17.20528333,2026-08-05 01:52:00
1429,2026-08-05T02:22:00.0000000+00:00,35.17571667,17.21113333,2026-08-05 02:22:00
1430,2026-08-05T02:52:00.0000000+00:00,35.17228333,17.21733333,2026-08-05 02:52:00
1431,2026-08-05T03:22:00.0000000+00:00,35.16941667,17.22466667,2026-08-05 03:22:00
1432,2026-08-05T03:52:00.0000000+00:00,35.16678333,17.2336,2026-08-05 03:52:00
1433,2026-08-05T04:22:00.0000000+00:00,35.16385,17.24293333,2026-08-05 04:22:00
1434,2026-08-05T04:52:00.0000000+00:00,35.16071667,17.25243333,2026-08-05 04:52:00
1435,2026-08-05T05:22:00.0000000+00:00,35.1577,17.26128333,2026-08-05 05:22:00
1436,2026-08-05T05:52:19.0000000+00:00,35.15453333,17.27085,2026-08-05 05:52:19
1437,2026-08-05T06:22:01.0000000+00:00,35.15111667,17.28068333,2026-08-05 06:22:01
1438,2026-08-05T06:52:00.0000000+00:00,35.14656667,17.29068333,2026-08-05 06:52:00
1439,2026-08-05T07:22:00.0000000+00:00,35.14135,17.3007,2026-08-05 07:22:00
1440,2026-08-05T07:52:00.0000000+00:00,35.13571667,17.31098333,2026-08-05 07:52:00
1441,2026-08-05T08:22:00.0000000+00:00,35.13005,17.32133333,2026-08-05 08:22:00
1442,2026-08-05T08:52:00.0000000+00:00,35.12425,17.33123333,2026-08-05 08:52:00
1443,2026-08-05T09:22:00.0000000+00:00,35.11876667,17.34086667,2026-08-05 09:22:00
1444,2026-08-05T09:52:00.0000000+00:00,35.11311667,17.34986667,2026-08-05 09:52:00
1445,2026-08-05T10:22:25.0000000+00:00,35.10635,17.35956667,2026-08-05 10:22:25
1446,2026-08-05T10:52:01.0000000+00:00,35.09946667,17.36818333,2026-08-05 10:52:01
1447,2026-08-05T11:22:00.0000000+00:00,35.0922,17.37673333,2026-08-05 11:22:00
1448,2026-08-05T11:52:01.0000000+00:00,35.08508333,17.38455,2026-08-05 11:52:01
1449,2026-08-05T12:22:00.0000000+00:00,35.07778333,17.39195,2026-08-05 12:22:00
1450,2026-08-05T12:52:00.0000000+00:00,35.0695,17.39935,2026-08-05 12:52:00
1451,2026-08-05T13:22:25.0000000+00:00,35.06073333,17.40575,2026-08-05 13:22:25
1452,2026-08-05T13:52:25.0000000+00:00,35.05183333,17.41155,2026-08-05 13:52:25
1453,2026-08-05T14:22:00.0000000+00:00,35.04295,17.41613333,2026-08-05 14:22:00
1454,2026-08-05T14:52:29.0000000+00:00,35.03423333,17.42011667,2026-08-05 14:52:29
1455,2026-08-05T15:22:00.0000000+00:00,35.02613333,17.42318333,2026-08-05 15:22:00
1456,2026-08-05T15:52:01.0000000+00:00,35.01836667,17.42625,2026-08-05 15:52:01
1457,2026-08-05T16:22:01.0000000+00:00,35.01075,17.42911667,2026-08-05 16:22:01
1458,2026-08-05T16:52:00.0000000+00:00,35.00343333,17.43128333,2026-08-05 16:52:00
1460,2026-08-05T17:22:01.0000000+00:00,34.99641667,17.43311667,2026-08-05 17:22:01
1461,2026-08-05T17:52:01.0000000+00:00,34.98956667,17.43481667,2026-08-05 17:52:01
1462,2026-08-05T18:22:00.0000000+00:00,34.9832,17.43628333,2026-08-05 18:22:00
1463,2026-08-05T18:52:00.0000000+00:00,34.97728333,17.43765,2026-08-05 18:52:00
1464,2026-08-05T19:22:19.0000000+00:00,34.97156667,17.43868333,2026-08-05 19:22:19
1465,2026-08-05T19:52:00.0000000+00:00,34.96646667,17.43981667,2026-08-05 19:52:00
1466,2026-08-05T20:22:00.0000000+00:00,34.96183333,17.441,2026-08-05 20:22:00
1467,2026-08-05T20:52:01.0000000+00:00,34.9575,17.44241667,2026-08-05 20:52:01
1468,2026-08-05T21:22:00.0000000+00:00,34.95373333,17.44423333,2026-08-05 21:22:00
1469,2026-08-05T21:52:00.0000000+00:00,34.95036667,17.44636667,2026-08-05 21:52:00
1470,2026-08-05T22:22:49.0000000+00:00,34.94721667,17.4494,2026-08-05 22:22:49
1471,2026-08-05T22:52:19.0000000+00:00,34.944,17.45278333,2026-08-05 22:52:19
1472,2026-08-05T23:22:00.0000000+00:00,34.94045,17.45658333,2026-08-05 23:22:00
1473,2026-08-05T23:52:00.0000000+00:00,34.93575,17.46176667,2026-08-05 23:52:00
1474,2026-08-06T00:22:00.0000000+00:00,34.9305,17.46646667,2026-08-06 00:22:00
1475,2026-08-06T00:52:00.0000000+00:00,34.92531667,17.47146667,2026-08-06 00:52:00
1476,2026-08-06T01:22:00.0000000+00:00,34.92025,17.47666667,2026-08-06 01:22:00
1477,2026-08-06T01:52:00.0000000+00:00,34.91483333,17.4817,2026-08-06 01:52:00
1478,2026-08-06T02:22:00.0000000+00:00,34.90915,17.48656667,2026-08-06 02:22:00
1479,2026-08-06T02:52:30.0000000+00:00,34.90385,17.49148333,2026-08-06 02:52:30
1480,2026-08-06T03:22:28.0000000+00:00,34.89878333,17.4965,2026-08-06 03:22:28
1481,2026-08-06T03:52:26.0000000+00:00,34.89391667,17.50171667,2026-08-06 03:52:26
1482,2026-08-06T04:22:00.0000000+00:00,34.88911667,17.50713333,2026-08-06 04:22:00
1483,2026-08-06T04:52:00.0000000+00:00,34.8843,17.51213333,2026-08-06 04:52:00
1484,2026-08-06T05:22:31.0000000+00:00,34.87988333,17.51721667,2026-08-06 05:22:31
1485,2026-08-06T05:52:03.0000000+00:00,34.87576667,17.52263333,2026-08-06 05:52:03
1486,2026-08-06T06:24:01.0000000+00:00,34.87118333,17.5291,2026-08-06 06:24:01
1487,2026-08-06T06:52:01.0000000+00:00,34.86703333,17.5351,2026-08-06 06:52:01
1488,2026-08-06T07:22:29.0000000+00:00,34.86216667,17.54206667,2026-08-06 07:22:29
1489,2026-08-06T07:52:00.0000000+00:00,34.85751667,17.5488,2026-08-06 07:52:00
1490,2026-08-06T08:22:00.0000000+00:00,34.85236667,17.55558333,2026-08-06 08:22:00
1491,2026-08-06T08:52:00.0000000+00:00,34.84768333,17.56231667,2026-08-06 08:52:00
1492,2026-08-06T09:22:00.0000000+00:00,34.84343333,17.56886667,2026-08-06 09:22:00
1493,2026-08-06T09:52:00.0000000+00:00,34.83858333,17.57588333,2026-08-06 09:52:00
1494,2026-08-06T10:22:00.0000000+00:00,34.833,17.58321667,2026-08-06 10:22:00
1495,2026-08-06T10:52:04.0000000+00:00,34.82696667,17.59028333,2026-08-06 10:52:04
1496,2026-08-06T11:22:00.0000000+00:00,34.82095,17.59693333,2026-08-06 11:22:00
1497,2026-08-06T11:52:31.0000000+00:00,34.81436667,17.60311667,2026-08-06 11:52:31
1498,2026-08-06T12:22:02.0000000+00:00,34.80753333,17.60921667,2026-08-06 12:22:02
1499,2026-08-06T12:52:00.0000000+00:00,34.80045,17.61453333,2026-08-06 12:52:00
1500,2026-08-06T13:22:19.0000000+00:00,34.79313333,17.61891667,2026-08-06 13:22:19
1501,2026-08-06T13:52:00.0000000+00:00,34.7862,17.62291667,2026-08-06 13:52:00
1502,2026-08-06T14:22:03.0000000+00:00,34.77891667,17.6268,2026-08-06 14:22:03
1503,2026-08-06T14:52:01.0000000+00:00,34.77125,17.62988333,2026-08-06 14:52:01
1504,2026-08-06T15:22:00.0000000+00:00,34.7641,17.63191667,2026-08-06 15:22:00
1505,2026-08-06T15:52:00.0000000+00:00,34.75681667,17.63398333,2026-08-06 15:52:00
1506,2026-08-06T16:22:00.0000000+00:00,34.7501,17.63543333,2026-08-06 16:22:00
1507,2026-08-06T16:52:00.0000000+00:00,34.74376667,17.63631667,2026-08-06 16:52:00
1508,2026-08-06T17:22:01.0000000+00:00,34.73816667,17.63676667,2026-08-06 17:22:01
1509,2026-08-06T17:52:29.0000000+00:00,34.73285,17.637,2026-08-06 17:52:29
1510,2026-08-06T18:22:00.0000000+00:00,34.7282,17.63683333,2026-08-06 18:22:00
1511,2026-08-06T18:52:00.0000000+00:00,34.72405,17.63678333,2026-08-06 18:52:00
1512,2026-08-06T19:22:00.0000000+00:00,34.7204,17.63678333,2026-08-06 19:22:00
1513,2026-08-06T19:52:19.0000000+00:00,34.7168,17.637,2026-08-06 19:52:19
1514,2026-08-06T20:22:24.0000000+00:00,34.71303333,17.63723333,2026-08-06 20:22:24
1515,2026-08-06T20:52:19.0000000+00:00,34.70915,17.63783333,2026-08-06 20:52:19
1516,2026-08-06T21:22:01.0000000+00:00,34.70521667,17.63935,2026-08-06 21:22:01
1517,2026-08-06T21:52:00.0000000+00:00,34.70131667,17.6412,2026-08-06 21:52:00
