FID,UtcTimestamp,lat,lon,time_utc,pred_lat,pred_lon,separation_km
0,2026-07-06T07:51:54.0000000+00:00,36.17141667,14.52626667,2026-07-06 07:51:54,36.171417,14.526267,0.0001797323178584275
1,2026-07-06T08:21:54.0000000+00:00,36.16743333,14.52871667,2026-07-06 08:21:54,36.169846,14.530839,0.32880512171879006
2,2026-07-06T08:51:54.0000000+00:00,36.16313333,14.53085,2026-07-06 08:51:54,36.16795,14.535523,0.6802224579990872
3,2026-07-06T09:21:54.0000000+00:00,36.15881667,14.53266667,2026-07-06 09:21:54,36.165737,14.540273,1.0286320694850235
4,2026-07-06T09:51:54.0000000+00:00,36.15411667,14.53395,2026-07-06 09:51:54,36.16346,14.545306,1.455699633778551
5,2026-07-06T10:21:54.0000000+00:00,36.14945,14.5347,2026-07-06 10:21:54,36.16119,14.550633,1.9366531130528823
6,2026-07-06T10:51:54.0000000+00:00,36.14481667,14.53526667,2026-07-06 10:51:54,36.159157,14.556365,2.47612672308537
7,2026-07-06T11:21:54.0000000+00:00,36.14016667,14.53585,2026-07-06 11:21:54,36.15729,14.562548,3.0612868218219003
8,2026-07-06T11:51:54.0000000+00:00,36.13561667,14.53598333,2026-07-06 11:51:54,36.15499,14.569315,3.6876450656426476
9,2026-07-06T12:21:55.0000000+00:00,36.13095,14.5359,2026-07-06 12:21:55,36.152172,14.576654,4.354438185251885
10,2026-07-06T12:51:54.0000000+00:00,36.12608333,14.53571667,2026-07-06 12:51:54,36.150562,14.581511,4.9314666036320975
11,2026-07-06T13:21:54.0000000+00:00,36.12026667,14.53618333,2026-07-06 13:21:54,36.14866,14.586284,5.49649363226869
12,2026-07-06T13:51:54.0000000+00:00,36.1147,14.53713333,2026-07-06 13:51:54,36.146465,14.590918,5.983957290941658
13,2026-07-06T14:21:54.0000000+00:00,36.10891667,14.53868333,2026-07-06 14:21:54,36.143997,14.595362,6.4132747274390045
14,2026-07-06T14:51:55.0000000+00:00,36.10316667,14.54038333,2026-07-06 14:51:55,36.141285,14.599538,6.796622960870037
15,2026-07-06T15:21:54.0000000+00:00,36.09768333,14.54193333,2026-07-06 15:21:54,36.13836,14.603396,7.137106484284325
16,2026-07-06T15:51:55.0000000+00:00,36.0928,14.54376667,2026-07-06 15:51:55,36.135258,14.606897,7.378758296487435
17,2026-07-06T16:21:54.0000000+00:00,36.08773333,14.54515,2026-07-06 16:21:54,36.13202,14.610013,7.628971799608915
18,2026-07-06T16:51:55.0000000+00:00,36.08268333,14.54551667,2026-07-06 16:51:55,36.12869,14.612731,7.9139371082030365
19,2026-07-06T17:21:54.0000000+00:00,36.07753333,14.54503333,2026-07-06 17:21:54,36.1253,14.615068,8.2342399763624
20,2026-07-06T17:51:54.0000000+00:00,36.07298333,14.54446667,2026-07-06 17:51:54,36.12185,14.617113,8.492743660781548
21,2026-07-06T18:22:01.0000000+00:00,36.06845,14.54343333,2026-07-06 18:22:01,36.118362,14.618907,8.762926540627122
22,2026-07-06T18:51:54.0000000+00:00,36.06411667,14.54186667,2026-07-06 18:51:54,36.114914,14.620475,9.043972156378743
23,2026-07-06T19:21:55.0000000+00:00,36.06045,14.54046667,2026-07-06 19:21:55,36.111584,14.621858,9.263811680197012
24,2026-07-06T19:51:54.0000000+00:00,36.05705,14.53943333,2026-07-06 19:51:54,36.108406,14.62312,9.442907979423667
25,2026-07-06T20:21:54.0000000+00:00,36.0539,14.53871667,2026-07-06 20:21:54,36.10541,14.624328,9.591691712257276
26,2026-07-06T20:51:56.0000000+00:00,36.051,14.5383,2026-07-06 20:51:56,36.102615,14.625547,9.717001043688294
27,2026-07-06T21:21:54.0000000+00:00,36.04856667,14.53861667,2026-07-06 21:21:54,36.100025,14.626867,9.779993446430495
28,2026-07-06T21:51:55.0000000+00:00,36.04635,14.53931667,2026-07-06 21:51:55,36.097664,14.628307,9.824681984555513
29,2026-07-06T22:21:54.0000000+00:00,36.04455,14.5411,2026-07-06 22:21:54,36.09554,14.62991,9.790763734350097
30,2026-07-06T22:52:19.0000000+00:00,36.04321667,14.54351667,2026-07-06 22:52:19,36.093636,14.63171,9.709081389764979
31,2026-07-06T23:21:54.0000000+00:00,36.0426,14.54633333,2026-07-06 23:21:54,36.09194,14.633746,9.58285060728648
32,2026-07-06T23:52:01.0000000+00:00,36.0422,14.54968333,2026-07-06 23:52:01,36.090435,14.636053,9.43588809466748
33,2026-07-07T00:21:54.0000000+00:00,36.04221667,14.5535,2026-07-07 00:21:54,36.089096,14.638658,9.260804433571174
34,2026-07-07T00:52:25.0000000+00:00,36.04236667,14.55828333,2026-07-07 00:52:25,36.087864,14.641603,9.037823719071225
35,2026-07-07T01:21:55.0000000+00:00,36.04195,14.56328333,2026-07-07 01:21:55,36.086708,14.644939,8.867874698001298
36,2026-07-07T01:51:55.0000000+00:00,36.041,14.56903333,2026-07-07 01:51:55,36.085583,14.648682,8.708096342631256
37,2026-07-07T02:21:54.0000000+00:00,36.04016667,14.57506667,2026-07-07 02:21:54,36.08446,14.652815,8.549725554749983
38,2026-07-07T02:51:55.0000000+00:00,36.0392,14.58105,2026-07-07 02:51:55,36.083305,14.657318,8.429211693295436
39,2026-07-07T03:21:54.0000000+00:00,36.03788333,14.58736667,2026-07-07 03:21:54,36.08205,14.662222,8.330282273621314
40,2026-07-07T03:52:00.0000000+00:00,36.03526667,14.59391667,2026-07-07 03:52:00,36.08067,14.667521,8.322647644271688
41,2026-07-07T04:21:54.0000000+00:00,36.0324,14.60066667,2026-07-07 04:21:54,36.079044,14.673216,8.332644742524524
42,2026-07-07T04:51:55.0000000+00:00,36.02906667,14.60751667,2026-07-07 04:51:55,36.077103,14.679369,8.381823338396876
43,2026-07-07T05:21:54.0000000+00:00,36.02545,14.61431667,2026-07-07 05:21:54,36.07481,14.68591,8.458734693407372
44,2026-07-07T05:52:01.0000000+00:00,36.0208,14.62125,2026-07-07 05:52:01,36.07214,14.692784,8.59933391995641
45,2026-07-07T06:22:00.0000000+00:00,36.01581667,14.62805,2026-07-07 06:22:00,36.069077,14.699894,8.763297281505915
46,2026-07-07T06:51:55.0000000+00:00,36.00983333,14.6348,2026-07-07 06:51:55,36.06558,14.7070875,8.981565885477242
47,2026-07-07T07:21:55.0000000+00:00,36.00305,14.64131667,2026-07-07 07:21:55,36.06164,14.7142,9.240991584583448
48,2026-07-07T07:51:55.0000000+00:00,35.99591667,14.64721667,2026-07-07 07:51:55,36.05734,14.721082,9.527151199545479
49,2026-07-07T08:21:54.0000000+00:00,35.98846667,14.65233333,2026-07-07 08:21:54,36.052727,14.727758,9.852385735087823
50,2026-07-07T08:51:57.0000000+00:00,35.98088333,14.65663333,2026-07-07 08:51:57,36.047802,14.734341,10.208661765985124
51,2026-07-07T09:21:54.0000000+00:00,35.97313333,14.66035,2026-07-07 09:21:54,36.042614,14.740724,10.580945393792756
52,2026-07-07T09:52:25.0000000+00:00,35.96548333,14.66318333,2026-07-07 09:52:25,36.037216,14.74675,10.960395628949653
53,2026-07-07T10:21:54.0000000+00:00,35.95838333,14.66553333,2026-07-07 10:21:54,36.031662,14.752356,11.28729952699299
54,2026-07-07T10:51:54.0000000+00:00,35.95105,14.66756667,2026-07-07 10:51:54,36.02606,14.757498,11.620368790779235
55,2026-07-07T11:21:55.0000000+00:00,35.94378333,14.66883333,2026-07-07 11:21:55,36.02049,14.762175,11.970234874136143
56,2026-07-07T11:51:54.0000000+00:00,35.93675,14.66968333,2026-07-07 11:51:54,36.01499,14.766417,12.306848965414405
57,2026-07-07T12:21:54.0000000+00:00,35.92951667,14.6699,2026-07-07 12:21:54,36.00956,14.770284,12.681809455081808
58,2026-07-07T12:51:55.0000000+00:00,35.92285,14.66943333,2026-07-07 12:51:55,36.004173,14.773829,13.040350884217329
59,2026-07-07T13:21:54.0000000+00:00,35.91641667,14.66851667,2026-07-07 13:21:54,35.99883,14.777113,13.398341363925892
60,2026-07-07T13:52:01.0000000+00:00,35.91013333,14.6676,2026-07-07 13:52:01,35.993515,14.7801895,13.735869771114906
61,2026-07-07T14:22:02.0000000+00:00,35.90418333,14.66626667,2026-07-07 14:22:02,35.988216,14.783111,14.069282198384972
62,2026-07-07T14:51:55.0000000+00:00,35.89815,14.66426667,2026-07-07 14:51:55,35.982925,14.785922,14.450290322296228
63,2026-07-07T15:22:31.0000000+00:00,35.89233333,14.66216667,2026-07-07 15:22:31,35.977654,14.78865,14.82160922286578
64,2026-07-07T15:51:54.0000000+00:00,35.88783333,14.6609,2026-07-07 15:51:54,35.97246,14.791199,15.039545022981098
65,2026-07-07T16:21:54.0000000+00:00,35.8837,14.66033333,2026-07-07 16:21:54,35.96742,14.793512,15.1809523759122
66,2026-07-07T16:51:55.0000000+00:00,35.88001667,14.66003333,2026-07-07 16:51:55,35.96259,14.795594,15.27451836994824
67,2026-07-07T17:21:54.0000000+00:00,35.87761667,14.65943333,2026-07-07 17:21:54,35.95805,14.797459,15.31279545919009
68,2026-07-07T17:51:55.0000000+00:00,35.87635,14.66086667,2026-07-07 17:51:55,35.953888,14.7991295,15.144942200051537
69,2026-07-07T18:21:54.0000000+00:00,35.87546667,14.6635,2026-07-07 18:21:54,35.95018,14.800651,14.885422576536842
70,2026-07-07T18:51:59.0000000+00:00,35.8742,14.6661,2026-07-07 18:51:59,35.94697,14.802077,14.678058188406181
71,2026-07-07T19:21:54.0000000+00:00,35.8726,14.66788333,2026-07-07 19:21:54,35.94432,14.803471,14.584867311566889
72,2026-07-07T19:51:54.0000000+00:00,35.87186667,14.66975,2026-07-07 19:51:54,35.942204,14.80485,14.464560002618228
73,2026-07-07T20:21:54.0000000+00:00,35.87096667,14.67131667,2026-07-07 20:21:54,35.940548,14.806392,14.417544894125209
74,2026-07-07T20:51:54.0000000+00:00,35.86988333,14.67401667,2026-07-07 20:51:54,35.939274,14.808181,14.33715755244904
75,2026-07-07T21:21:54.0000000+00:00,35.86853333,14.67761667,2026-07-07 21:21:54,35.93831,14.810274,14.246307325882293
76,2026-07-07T21:51:54.0000000+00:00,35.8675,14.68108333,2026-07-07 21:51:54,35.93756,14.812709,14.185850249183458
77,2026-07-07T22:21:54.0000000+00:00,35.86638333,14.68416667,2026-07-07 22:21:54,35.93693,14.815518,14.195369578198145
78,2026-07-07T22:51:54.0000000+00:00,35.86481667,14.68756667,2026-07-07 22:51:54,35.936295,14.818725,14.238431955711103
79,2026-07-07T23:21:54.0000000+00:00,35.86291667,14.69103333,2026-07-07 23:21:54,35.93555,14.822334,14.321357281260125
80,2026-07-07T23:52:04.0000000+00:00,35.86053333,14.69501667,2026-07-07 23:52:04,35.93461,14.82633,14.413554734593465
81,2026-07-08T00:22:01.0000000+00:00,35.8574,14.6998,2026-07-08 00:22:01,35.9334,14.83067,14.504605216071429
82,2026-07-08T00:51:54.0000000+00:00,35.85391667,14.70506667,2026-07-08 00:51:54,35.931847,14.835312,14.585704620353228
83,2026-07-08T01:22:31.0000000+00:00,35.85018333,14.71095,2026-07-08 01:22:31,35.929893,14.840181,14.631622117666723
84,2026-07-08T01:52:01.0000000+00:00,35.84653333,14.7165,2026-07-08 01:52:01,35.92751,14.845211,14.680694861289368
85,2026-07-08T02:21:54.0000000+00:00,35.84235,14.72185,2026-07-08 02:21:54,35.924686,14.850344,14.758917994212108
86,2026-07-08T02:51:54.0000000+00:00,35.83708333,14.7271,2026-07-08 02:51:54,35.92144,14.855518,14.89460832826009
87,2026-07-08T03:21:55.0000000+00:00,35.83133333,14.73263333,2026-07-08 03:21:55,35.917805,14.860673,15.018007089406364
88,2026-07-08T03:51:55.0000000+00:00,35.82541667,14.73856667,2026-07-08 03:51:55,35.913815,14.865758,15.098592907558286
89,2026-07-08T04:21:54.0000000+00:00,35.81916667,14.74498333,2026-07-08 04:21:54,35.909515,14.870708,15.142116173078826
90,2026-07-08T04:52:01.0000000+00:00,35.8122,14.75091667,2026-07-08 04:52:01,35.904964,14.875545,15.249416450333499
91,2026-07-08T05:22:19.0000000+00:00,35.80401667,14.75583333,2026-07-08 05:22:19,35.900204,14.880276,15.497977204513804
92,2026-07-08T05:51:55.0000000+00:00,35.7956,14.75945,2026-07-08 05:51:55,35.895206,14.884947,15.830973253758707
93,2026-07-08T06:21:54.0000000+00:00,35.78768333,14.76223333,2026-07-08 06:21:54,35.89,14.889558,16.160716454772448
94,2026-07-08T06:51:54.0000000+00:00,35.7799,14.7645,2026-07-08 06:51:54,35.88459,14.89411,16.493609632463045
95,2026-07-08T07:21:54.0000000+00:00,35.77158333,14.76611667,2026-07-08 07:21:54,35.878998,14.898548,16.88824303429544
96,2026-07-08T07:51:55.0000000+00:00,35.76346667,14.7668,2026-07-08 07:51:55,35.873234,14.902824,17.30299666565004
97,2026-07-08T08:22:07.0000000+00:00,35.75525,14.76645,2026-07-08 08:22:07,35.8673,14.90689,17.765227710279728
98,2026-07-08T08:52:01.0000000+00:00,35.74701667,14.76478333,2026-07-08 08:52:01,35.86115,14.910763,18.28577733623946
99,2026-07-08T09:21:54.0000000+00:00,35.73921667,14.7625,2026-07-08 09:21:54,35.85466,14.914551,18.78414037463703
100,2026-07-08T09:51:54.0000000+00:00,35.73205,14.75938333,2026-07-08 09:51:54,35.84786,14.918066,19.253048796292266
101,2026-07-08T10:22:01.0000000+00:00,35.7253,14.75666667,2026-07-08 10:22:01,35.84073,14.92108,19.61358568760999
102,2026-07-08T10:51:55.0000000+00:00,35.71873333,14.75341667,2026-07-08 10:51:55,35.833347,14.923519,19.947651619597263
103,2026-07-08T11:21:54.0000000+00:00,35.71318333,14.75045,2026-07-08 11:21:54,35.825798,14.925313,20.14177370421065
104,2026-07-08T11:51:54.0000000+00:00,35.70913333,14.74855,2026-07-08 11:51:54,35.818188,14.926388,20.11263124972589
105,2026-07-08T12:21:55.0000000+00:00,35.70578333,14.74688333,2026-07-08 12:21:55,35.810646,14.926671,19.978462459104787
106,2026-07-08T12:52:02.0000000+00:00,35.70291667,14.74548333,2026-07-08 12:52:02,35.803337,14.926085,19.755730095025708
107,2026-07-08T13:22:01.0000000+00:00,35.70095,14.74546667,2026-07-08 13:22:01,35.796383,14.924608,19.33817433087636
108,2026-07-08T13:51:54.0000000+00:00,35.69916667,14.74633333,2026-07-08 13:51:54,35.78986,14.922322,18.813954803962
109,2026-07-08T14:21:55.0000000+00:00,35.6972,14.74715,2026-07-08 14:21:55,35.783817,14.91934,18.283341842524788
110,2026-07-08T14:51:54.0000000+00:00,35.6953,14.7481,2026-07-08 14:51:54,35.77829,14.915802,17.72754194495352
111,2026-07-08T15:23:01.0000000+00:00,35.69376667,14.74995,2026-07-08 15:23:01,35.773308,14.911873,17.08312790192982
112,2026-07-08T15:52:01.0000000+00:00,35.6918,14.75146667,2026-07-08 15:52:01,35.76886,14.907752,16.50557539551006
113,2026-07-08T16:21:54.0000000+00:00,35.68965,14.75298333,2026-07-08 16:21:54,35.764896,14.903665,15.969124931546638
114,2026-07-08T16:52:03.0000000+00:00,35.6876,14.75421667,2026-07-08 16:52:03,35.761364,14.899747,15.4875642399833
115,2026-07-08T17:21:55.0000000+00:00,35.68576667,14.75568333,2026-07-08 17:21:55,35.758224,14.8960705,15.017523680965825
116,2026-07-08T17:51:54.0000000+00:00,35.68441667,14.75763333,2026-07-08 17:51:54,35.755432,14.89271,14.527823234994893
117,2026-07-08T18:21:54.0000000+00:00,35.68346667,14.76018333,2026-07-08 18:21:54,35.75297,14.889714,14.01692972998418
118,2026-07-08T18:52:01.0000000+00:00,35.68236667,14.76321667,2026-07-08 18:52:01,35.750847,14.887152,13.534198291530295
119,2026-07-08T19:22:19.0000000+00:00,35.68085,14.76628333,2026-07-08 19:22:19,35.749027,14.885073,13.133351460225585
120,2026-07-08T19:51:54.0000000+00:00,35.6794,14.76978333,2026-07-08 19:51:54,35.747494,14.883481,12.755398460518897
121,2026-07-08T20:22:19.0000000+00:00,35.67741667,14.77325,2026-07-08 20:22:19,35.746265,14.882378,12.477432406403473
122,2026-07-08T20:51:54.0000000+00:00,35.67541667,14.77705,2026-07-08 20:51:54,35.74532,14.881851,12.245572957998121
123,2026-07-08T21:21:54.0000000+00:00,35.67308333,14.78111667,2026-07-08 21:21:54,35.74462,14.881989,12.092319945777348
124,2026-07-08T21:51:54.0000000+00:00,35.67021667,14.78518333,2026-07-08 21:51:54,35.74416,14.882793,12.053041361749163
125,2026-07-08T22:21:55.0000000+00:00,35.66696667,14.78861667,2026-07-08 22:21:55,35.7439,14.884251,12.15508455072976
126,2026-07-08T22:52:02.0000000+00:00,35.66381667,14.79211667,2026-07-08 22:52:02,35.74377,14.8863325,12.30496101030722
127,2026-07-08T23:22:22.0000000+00:00,35.66011667,14.79631667,2026-07-08 23:22:22,35.743683,14.889003,12.505434338487959
128,2026-07-08T23:51:54.0000000+00:00,35.65608333,14.8005,2026-07-08 23:51:54,35.743523,14.892214,12.771927337144321
129,2026-07-09T00:22:01.0000000+00:00,35.65111667,14.8048,2026-07-09 00:22:01,35.743168,14.895891,13.13140787854066
130,2026-07-09T00:52:04.0000000+00:00,35.6461,14.8088,2026-07-09 00:52:04,35.742462,14.899952,13.511799975414636
131,2026-07-09T01:22:08.0000000+00:00,35.64025,14.81255,2026-07-09 01:22:08,35.741245,14.904306,13.956523850089491
132,2026-07-09T01:51:54.0000000+00:00,35.63415,14.81565,2026-07-09 01:51:54,35.73937,14.908836,14.412245873451793
133,2026-07-09T02:22:49.0000000+00:00,35.6279,14.81835,2026-07-09 02:22:49,35.73671,14.91342,14.836473400564795
134,2026-07-09T02:52:02.0000000+00:00,35.62271667,14.82011667,2026-07-09 02:52:02,35.733166,14.917932,15.129201081773388
135,2026-07-09T03:22:01.0000000+00:00,35.61786667,14.82146667,2026-07-09 03:22:01,35.728638,14.922266,15.31721145646244
136,2026-07-09T03:52:01.0000000+00:00,35.61268333,14.8227,2026-07-09 03:52:01,35.72307,14.926242,15.431879475284193
137,2026-07-09T04:21:54.0000000+00:00,35.60778333,14.82336667,2026-07-09 04:21:54,35.716583,14.929613,15.443189348277416
138,2026-07-09T04:51:54.0000000+00:00,35.60291667,14.82411667,2026-07-09 04:51:54,35.70933,14.932219,15.342991985306236
139,2026-07-09T05:21:54.0000000+00:00,35.59773333,14.82441667,2026-07-09 05:21:54,35.701473,14.93393,15.198110514567087
140,2026-07-09T05:51:55.0000000+00:00,35.5923,14.82516667,2026-07-09 05:51:55,35.69318,14.934657,14.957218175077202
141,2026-07-09T06:22:01.0000000+00:00,35.58648333,14.8254,2026-07-09 06:22:01,35.68462,14.934335,14.696866905961738
142,2026-07-09T06:52:01.0000000+00:00,35.58058333,14.82545,2026-07-09 06:52:01,35.676136,14.933096,14.406510249072912
143,2026-07-09T07:21:55.0000000+00:00,35.5746,14.825,2026-07-09 07:21:55,35.667953,14.931044,14.129041476298243
144,2026-07-09T07:52:03.0000000+00:00,35.56878333,14.82358333,2026-07-09 07:52:03,35.660194,14.928162,13.881220936538604
145,2026-07-09T08:22:52.0000000+00:00,35.5631,14.8215,2026-07-09 08:22:52,35.65296,14.92448,13.657159787347048
146,2026-07-09T08:52:19.0000000+00:00,35.55768333,14.81983333,2026-07-09 08:52:19,35.646347,14.920092,13.392693543206068
147,2026-07-09T09:21:54.0000000+00:00,35.55253333,14.81826667,2026-07-09 09:21:54,35.640396,14.915089,13.118206440095657
148,2026-07-09T09:51:54.0000000+00:00,35.54728333,14.81643333,2026-07-09 09:51:54,35.635143,14.909647,12.902912114450709
149,2026-07-09T10:21:55.0000000+00:00,35.542,14.81415,2026-07-09 10:21:55,35.630634,14.903872,12.765590680200889
150,2026-07-09T10:51:54.0000000+00:00,35.53678333,14.81123333,2026-07-09 10:51:54,35.626907,14.897866,12.720470406974904
151,2026-07-09T11:21:54.0000000+00:00,35.53191667,14.80778333,2026-07-09 11:21:54,35.623974,14.891758,12.745964149506607
152,2026-07-09T11:51:54.0000000+00:00,35.52736667,14.80473333,2026-07-09 11:51:54,35.621838,14.885688,12.804413447904876
153,2026-07-09T12:22:01.0000000+00:00,35.52308333,14.80173333,2026-07-09 12:22:01,35.620476,14.879797,12.927760258981492
154,2026-07-09T12:51:54.0000000+00:00,35.51951667,14.7988,2026-07-09 12:51:54,35.619827,14.874244,13.075554528848222
155,2026-07-09T13:22:01.0000000+00:00,35.51625,14.79616667,2026-07-09 13:22:01,35.6198,14.86915,13.272464524946997
156,2026-07-09T13:52:02.0000000+00:00,35.51361667,14.7941,2026-07-09 13:52:02,35.62026,14.864567,13.462519233981592
157,2026-07-09T14:21:54.0000000+00:00,35.51168333,14.79156667,2026-07-09 14:21:54,35.6211,14.860544,13.672951779149964
158,2026-07-09T14:51:54.0000000+00:00,35.51036667,14.78971667,2026-07-09 14:51:54,35.62223,14.857115,13.852195569241708
159,2026-07-09T15:21:56.0000000+00:00,35.50905,14.78838333,2026-07-09 15:21:56,35.623547,14.854298,14.058077600016816
160,2026-07-09T15:51:54.0000000+00:00,35.508,14.78753333,2026-07-09 15:51:54,35.624935,14.852101,14.253927448621349
161,2026-07-09T16:21:54.0000000+00:00,35.50683333,14.78713333,2026-07-09 16:21:54,35.626316,14.850521,14.470071376369857
162,2026-07-09T16:51:54.0000000+00:00,35.50578333,14.78658333,2026-07-09 16:51:54,35.62761,14.849557,14.695188879343949
163,2026-07-09T17:22:01.0000000+00:00,35.50496667,14.78606667,2026-07-09 17:22:01,35.628746,14.849188,14.900818267185832
164,2026-07-09T17:51:54.0000000+00:00,35.50413333,14.78545,2026-07-09 17:51:54,35.629673,14.849408,15.11047100550018
165,2026-07-09T18:22:01.0000000+00:00,35.50313333,14.78458333,2026-07-09 18:22:01,35.630352,14.85018,15.339887610016365
166,2026-07-09T18:51:54.0000000+00:00,35.50271667,14.78345,2026-07-09 18:51:54,35.630756,14.85142,15.508155485118868
167,2026-07-09T19:21:54.0000000+00:00,35.50288333,14.78231667,2026-07-09 19:21:54,35.63087,14.853032,15.602779567736384
168,2026-07-09T19:51:54.0000000+00:00,35.50363333,14.78175,2026-07-09 19:51:54,35.63068,14.854938,15.600930049799159
169,2026-07-09T20:21:54.0000000+00:00,35.50466667,14.78211667,2026-07-09 20:21:54,35.630184,14.857086,15.51691714634497
170,2026-07-09T20:51:55.0000000+00:00,35.50605,14.7824,2026-07-09 20:51:55,35.629387,14.859425,15.382659071928563
171,2026-07-09T21:22:02.0000000+00:00,35.5076,14.78256667,2026-07-09 21:22:02,35.628307,14.861909,15.219964379965933
172,2026-07-09T21:51:54.0000000+00:00,35.50906667,14.78283333,2026-07-09 21:51:54,35.62697,14.86449,15.047189015580308
173,2026-07-09T22:21:54.0000000+00:00,35.51058333,14.78323333,2026-07-09 22:21:54,35.625404,14.867115,14.851536811849781
174,2026-07-09T22:52:17.0000000+00:00,35.51226667,14.78443333,2026-07-09 22:52:17,35.623653,14.869729,14.591937731546686
175,2026-07-09T23:21:55.0000000+00:00,35.51381667,14.7858,2026-07-09 23:21:55,35.621758,14.8722725,14.326070385453326
176,2026-07-09T23:52:19.0000000+00:00,35.51533333,14.78723333,2026-07-09 23:52:19,35.619766,14.874679,14.049945289886303
177,2026-07-10T00:22:19.0000000+00:00,35.51623333,14.78875,2026-07-10 00:22:19,35.617706,14.876884,13.815149194089345
178,2026-07-10T00:51:54.0000000+00:00,35.51655,14.79,2026-07-10 00:51:54,35.615562,14.878882,13.632679522907576
179,2026-07-10T01:21:58.0000000+00:00,35.5165,14.79156667,2026-07-10 01:21:58,35.613373,14.880621,13.450372232256434
180,2026-07-10T01:51:54.0000000+00:00,35.51591667,14.793,2026-07-10 01:51:54,35.61114,14.882075,13.305447583998209
181,2026-07-10T02:21:54.0000000+00:00,35.51475,14.79501667,2026-07-10 02:21:54,35.608833,14.883225,13.156994865937357
182,2026-07-10T02:51:55.0000000+00:00,35.51275,14.7963,2026-07-10 02:51:55,35.606457,14.884051,13.09874214160871
183,2026-07-10T03:21:54.0000000+00:00,35.51055,14.79731667,2026-07-10 03:21:54,35.60401,14.884529,13.047687742290204
184,2026-07-10T03:51:54.0000000+00:00,35.50788333,14.79791667,2026-07-10 03:51:54,35.60149,14.884648,13.034595646930681
185,2026-07-10T04:21:54.0000000+00:00,35.50476667,14.79796667,2026-07-10 04:21:54,35.598885,14.884417,13.064876579109335
186,2026-07-10T04:51:54.0000000+00:00,35.5013,14.7975,2026-07-10 04:51:54,35.596222,14.88382,13.129626965121723
187,2026-07-10T05:21:55.0000000+00:00,35.49806667,14.79575,2026-07-10 05:21:55,35.593548,14.882845,13.221604511303847
188,2026-07-10T05:52:01.0000000+00:00,35.49513333,14.7927,2026-07-10 05:52:01,35.590893,14.881485,13.338241021507505
189,2026-07-10T06:21:55.0000000+00:00,35.4923,14.78866667,2026-07-10 06:21:55,35.588306,14.879746,13.486015757222226
190,2026-07-10T06:51:55.0000000+00:00,35.48983333,14.78345,2026-07-10 06:51:55,35.585827,14.877648,13.659301136943988
191,2026-07-10T07:21:54.0000000+00:00,35.48718333,14.77711667,2026-07-10 07:21:54,35.583485,14.875224,13.909586019858644
192,2026-07-10T07:51:54.0000000+00:00,35.48473333,14.77023333,2026-07-10 07:51:54,35.581318,14.8725195,14.177754757835542
193,2026-07-10T08:21:54.0000000+00:00,35.48243333,14.76291667,2026-07-10 08:21:54,35.579357,14.869577,14.46758157141002
194,2026-07-10T08:51:56.0000000+00:00,35.4805,14.75481667,2026-07-10 08:51:56,35.57764,14.866446,14.788863530447166
195,2026-07-10T09:21:54.0000000+00:00,35.47895,14.74623333,2026-07-10 09:21:54,35.576225,14.863164,15.131673569881444
196,2026-07-10T09:51:54.0000000+00:00,35.47826667,14.73685,2026-07-10 09:51:54,35.57515,14.859754,15.484083564454272
197,2026-07-10T10:21:54.0000000+00:00,35.47838333,14.72796667,2026-07-10 10:21:54,35.57445,14.856246,15.775549076367016
198,2026-07-10T10:51:54.0000000+00:00,35.4799,14.71965,2026-07-10 10:51:54,35.574173,14.852668,15.962049678672912
199,2026-07-10T11:21:54.0000000+00:00,35.48221667,14.7113,2026-07-10 11:21:54,35.57435,14.849044,16.134467167102123
200,2026-07-10T11:51:54.0000000+00:00,35.48478333,14.70365,2026-07-10 11:51:54,35.575,14.845406,16.284447857845933
201,2026-07-10T12:21:54.0000000+00:00,35.48788333,14.69645,2026-07-10 12:21:54,35.576153,14.841799,16.411123261377984
202,2026-07-10T12:51:54.0000000+00:00,35.49145,14.68963333,2026-07-10 12:51:54,35.577805,14.838322,16.529236617928852
203,2026-07-10T13:21:54.0000000+00:00,35.49568333,14.68296667,2026-07-10 13:21:54,35.579945,14.835077,16.649807462725832
204,2026-07-10T13:51:55.0000000+00:00,35.50023333,14.67691667,2026-07-10 13:51:55,35.582535,14.832188,16.76644737587177
205,2026-07-10T14:21:54.0000000+00:00,35.50516667,14.67138333,2026-07-10 14:21:54,35.585514,14.829818,16.890580086303775
206,2026-07-10T14:51:54.0000000+00:00,35.51016667,14.66658333,2026-07-10 14:51:54,35.588783,14.828071,17.02531924841319
207,2026-07-10T15:22:01.0000000+00:00,35.51471667,14.66308333,2026-07-10 15:22:01,35.592243,14.8269825,17.151054592183645
208,2026-07-10T15:51:54.0000000+00:00,35.51891667,14.65968333,2026-07-10 15:51:54,35.595806,14.826511,17.345085318499695
209,2026-07-10T16:22:19.0000000+00:00,35.52298333,14.65631667,2026-07-10 16:22:19,35.599373,14.826633,17.592671754903392
210,2026-07-10T16:51:54.0000000+00:00,35.52623333,14.65413333,2026-07-10 16:51:54,35.60285,14.827321,17.832201337524687
211,2026-07-10T17:22:25.0000000+00:00,35.52888333,14.65196667,2026-07-10 17:22:25,35.606144,14.828506,18.132310875006016
212,2026-07-10T17:51:54.0000000+00:00,35.53111667,14.64965,2026-07-10 17:51:54,35.609108,14.830044,18.477528413193482
213,2026-07-10T18:21:54.0000000+00:00,35.53306667,14.64748333,2026-07-10 18:21:54,35.611668,14.831773,18.820324745051515
214,2026-07-10T18:51:55.0000000+00:00,35.53498333,14.64553333,2026-07-10 18:51:55,35.613834,14.833471,19.125664661390534
215,2026-07-10T19:21:54.0000000+00:00,35.53633333,14.6437,2026-07-10 19:21:54,35.6156,14.834971,19.414656676935028
216,2026-07-10T19:51:56.0000000+00:00,35.53746667,14.64183333,2026-07-10 19:51:56,35.616993,14.836125,19.671046798782616
217,2026-07-10T20:21:54.0000000+00:00,35.53868333,14.6405,2026-07-10 20:21:54,35.61806,14.836841,19.82918997562129
218,2026-07-10T20:51:54.0000000+00:00,35.54,14.6399,2026-07-10 20:51:54,35.618862,14.837054,19.869584978956638
219,2026-07-10T21:21:54.0000000+00:00,35.54083333,14.63948333,2026-07-10 21:21:54,35.61947,14.836761,19.868208981738782
220,2026-07-10T21:51:54.0000000+00:00,35.5411,14.63891667,2026-07-10 21:51:54,35.619884,14.8361,19.867841939007178
221,2026-07-10T22:21:54.0000000+00:00,35.54078333,14.63835,2026-07-10 22:21:54,35.620182,14.835139,19.86605066676899
222,2026-07-10T22:52:01.0000000+00:00,35.54,14.63743333,2026-07-10 22:52:01,35.620407,14.833952,19.894384954129954
223,2026-07-10T23:21:54.0000000+00:00,35.53855,14.63603333,2026-07-10 23:21:54,35.620564,14.832636,19.982177850718337
224,2026-07-10T23:51:54.0000000+00:00,35.53665,14.63365,2026-07-10 23:51:54,35.62066,14.831272,20.166361331919166
225,2026-07-11T00:22:25.0000000+00:00,35.53435,14.63063333,2026-07-11 00:22:25,35.62078,14.829919,20.425331432576417
226,2026-07-11T00:51:54.0000000+00:00,35.53216667,14.62745,2026-07-11 00:51:54,35.620937,14.828594,20.696645419883342
227,2026-07-11T01:21:54.0000000+00:00,35.5297,14.62391667,2026-07-11 01:21:54,35.62119,14.827374,21.025688811865972
228,2026-07-11T01:52:03.0000000+00:00,35.52696667,14.61983333,2026-07-11 01:52:03,35.621513,14.826347,21.433036020787636
229,2026-07-11T02:21:54.0000000+00:00,35.52453333,14.61505,2026-07-11 02:21:54,35.621876,14.825597,21.903685799296618
230,2026-07-11T02:51:56.0000000+00:00,35.52258333,14.60933333,2026-07-11 02:51:56,35.622246,14.825132,22.44443169478515
231,2026-07-11T03:21:58.0000000+00:00,35.52101667,14.6027,2026-07-11 03:21:58,35.622585,14.824919,23.05429399315396
232,2026-07-11T03:51:54.0000000+00:00,35.51978333,14.59611667,2026-07-11 03:51:54,35.622852,14.824947,23.657930928643754
233,2026-07-11T04:21:54.0000000+00:00,35.51916667,14.58893333,2026-07-11 04:21:54,35.623016,14.825188,24.28859908741915
234,2026-07-11T04:51:54.0000000+00:00,35.51896667,14.58218333,2026-07-11 04:51:54,35.623043,14.825584,24.871024019585803
235,2026-07-11T05:22:01.0000000+00:00,35.51906667,14.57571667,2026-07-11 05:22:01,35.622906,14.826074,25.417552653371345
236,2026-07-11T05:51:54.0000000+00:00,35.5198,14.56968333,2026-07-11 05:51:54,35.622585,14.826584,25.894203006147134
237,2026-07-11T06:21:54.0000000+00:00,35.52101667,14.564,2026-07-11 06:21:54,35.62199,14.827131,26.3144806956454
238,2026-07-11T06:51:54.0000000+00:00,35.52218333,14.55965,2026-07-11 06:51:54,35.62112,14.827616,26.61600100476475
239,2026-07-11T07:21:57.0000000+00:00,35.5233,14.55623333,2026-07-11 07:21:57,35.620068,14.827852,26.81962476339171
240,2026-07-11T07:51:56.0000000+00:00,35.52468333,14.55345,2026-07-11 07:51:56,35.618862,14.827772,26.93047575538778
241,2026-07-11T08:21:54.0000000+00:00,35.5263,14.55046667,2026-07-11 08:21:54,35.617546,14.827316,27.01693729510449
242,2026-07-11T08:51:55.0000000+00:00,35.52778333,14.54721667,2026-07-11 08:51:55,35.61623,14.826431,27.100861590784458
243,2026-07-11T09:21:56.0000000+00:00,35.52946667,14.54448333,2026-07-11 09:21:56,35.61509,14.825004,27.098958114712268
244,2026-07-11T09:51:57.0000000+00:00,35.53145,14.54146667,2026-07-11 09:51:57,35.614185,14.823061,27.078929265897326
245,2026-07-11T10:21:55.0000000+00:00,35.53365,14.53823333,2026-07-11 10:21:55,35.613495,14.820747,27.049777617744052
246,2026-07-11T10:51:57.0000000+00:00,35.53585,14.53515,2026-07-11 10:51:57,35.61307,14.818125,26.994656436295305
247,2026-07-11T11:21:54.0000000+00:00,35.53791667,14.53225,2026-07-11 11:21:54,35.61297,14.815262,26.921742437173595
248,2026-07-11T11:51:55.0000000+00:00,35.5399,14.52926667,2026-07-11 11:51:55,35.61322,14.812237,26.858862740970125
249,2026-07-11T12:21:54.0000000+00:00,35.54171667,14.52593333,2026-07-11 12:21:54,35.61384,14.809134,26.83825086373497
250,2026-07-11T12:51:57.0000000+00:00,35.54366667,14.52285,2026-07-11 12:51:57,35.614826,14.80604,26.805069456363928
251,2026-07-11T13:21:54.0000000+00:00,35.54556667,14.51956667,2026-07-11 13:21:54,35.616158,14.803041,26.81062876395808
252,2026-07-11T13:51:54.0000000+00:00,35.54753333,14.51603333,2026-07-11 13:51:54,35.617794,14.80022,26.860820793624157
253,2026-07-11T14:22:01.0000000+00:00,35.55,14.51276667,2026-07-11 14:22:01,35.619686,14.797646,26.90167367485809
254,2026-07-11T14:51:56.0000000+00:00,35.5524,14.51005,2026-07-11 14:51:56,35.62178,14.795382,26.930380483163262
255,2026-07-11T15:21:55.0000000+00:00,35.5548,14.50755,2026-07-11 15:21:55,35.624023,14.793476,26.976197750688886
256,2026-07-11T15:51:56.0000000+00:00,35.55651667,14.50535,2026-07-11 15:51:56,35.62638,14.7919655,27.05560764197501
257,2026-07-11T16:21:56.0000000+00:00,35.55768333,14.50293333,2026-07-11 16:21:56,35.62879,14.790871,27.209474382335195
258,2026-07-11T16:51:56.0000000+00:00,35.55881667,14.50091667,2026-07-11 16:51:56,35.631203,14.790197,27.36666245525189
259,2026-07-11T17:21:57.0000000+00:00,35.55948333,14.4994,2026-07-11 17:21:57,35.633564,14.789937,27.53055546505363
260,2026-07-11T17:51:55.0000000+00:00,35.55995,14.49785,2026-07-11 17:51:55,35.635822,14.790068,27.73515035257865
261,2026-07-11T18:22:19.0000000+00:00,35.56,14.49595,2026-07-11 18:22:19,35.637936,14.790554,28.010599749777803
262,2026-07-11T18:52:01.0000000+00:00,35.56018333,14.4938,2026-07-11 18:52:01,35.63985,14.791352,28.32345939164822
263,2026-07-11T19:22:01.0000000+00:00,35.56038333,14.49156667,2026-07-11 19:22:01,35.64152,14.792408,28.656761606326373
264,2026-07-11T19:52:01.0000000+00:00,35.56058333,14.48911667,2026-07-11 19:52:01,35.642906,14.793642,29.014113992509497
265,2026-07-11T20:22:02.0000000+00:00,35.5607,14.48623333,2026-07-11 20:22:02,35.64399,14.794974,29.40944372570641
266,2026-07-11T20:52:16.0000000+00:00,35.56093333,14.48325,2026-07-11 20:52:16,35.644768,14.796321,29.80004868047254
267,2026-07-11T21:21:57.0000000+00:00,35.56086667,14.48015,2026-07-11 21:21:57,35.645264,14.797606,30.196321816966634
268,2026-07-11T21:52:07.0000000+00:00,35.56058333,14.47708333,2026-07-11 21:52:07,35.645504,14.7987795,30.57877941380353
269,2026-07-11T22:22:01.0000000+00:00,35.56003333,14.47395,2026-07-11 22:22:01,35.64553,14.799783,30.95437043017468
270,2026-07-11T22:52:00.0000000+00:00,35.55956667,14.47056667,2026-07-11 22:52:00,35.6454,14.800569,31.324913305989675
271,2026-07-11T23:22:00.0000000+00:00,35.55933333,14.46695,2026-07-11 23:22:00,35.645172,14.801101,31.682517732247874
272,2026-07-11T23:51:54.0000000+00:00,35.55951667,14.46328333,2026-07-11 23:51:54,35.64491,14.801359,32.006430645912715
273,2026-07-12T00:22:04.0000000+00:00,35.5595,14.46008333,2026-07-12 00:22:04,35.644672,14.801336,32.27354882343793
274,2026-07-12T00:52:27.0000000+00:00,35.55936667,14.45751667,2026-07-12 00:52:27,35.644592,14.801076,32.474826052728496
275,2026-07-12T01:22:01.0000000+00:00,35.55916667,14.4552,2026-07-12 01:22:01,35.644695,14.800595,32.64335594711274
276,2026-07-12T01:52:01.0000000+00:00,35.55951667,14.45271667,2026-07-12 01:52:01,35.64498,14.799932,32.79871594019522
277,2026-07-12T02:22:00.0000000+00:00,35.55983333,14.45048333,2026-07-12 02:22:00,35.64545,14.799151,32.929176626247234
278,2026-07-12T02:52:01.0000000+00:00,35.55995,14.44865,2026-07-12 02:52:01,35.646015,14.798334,33.03141067012699
279,2026-07-12T03:22:25.0000000+00:00,35.56018333,14.44666667,2026-07-12 03:22:25,35.64672,14.797596,33.15417446932778
280,2026-07-12T03:52:01.0000000+00:00,35.56056667,14.44501667,2026-07-12 03:52:01,35.647533,14.7970495,33.263289065863695
281,2026-07-12T04:22:00.0000000+00:00,35.5611,14.44328333,2026-07-12 04:22:00,35.64837,14.796801,33.401208356205416
282,2026-07-12T04:51:56.0000000+00:00,35.56175,14.44218333,2026-07-12 04:51:56,35.64915,14.796936,33.512033293020615
283,2026-07-12T05:22:01.0000000+00:00,35.5623,14.4412,2026-07-12 05:22:01,35.649803,14.797515,33.65027614916187
284,2026-07-12T05:51:59.0000000+00:00,35.56303333,14.44105,2026-07-12 05:51:59,35.650257,14.798558,33.74440038813889
285,2026-07-12T06:21:57.0000000+00:00,35.56376667,14.44171667,2026-07-12 06:21:57,35.650467,14.800057,33.79961789545866
286,2026-07-12T06:52:01.0000000+00:00,35.56426667,14.44313333,2026-07-12 06:52:01,35.650402,14.801966,33.824361323202695
287,2026-07-12T07:22:01.0000000+00:00,35.56471667,14.44495,2026-07-12 07:22:01,35.650036,14.804204,33.835394262912686
288,2026-07-12T07:52:01.0000000+00:00,35.5649,14.44658333,2026-07-12 07:52:01,35.64936,14.806671,33.881111374983874
289,2026-07-12T08:22:01.0000000+00:00,35.5647,14.44816667,2026-07-12 08:22:01,35.64839,14.809249,33.94431686769416
290,2026-07-12T08:52:01.0000000+00:00,35.56435,14.44976667,2026-07-12 08:52:01,35.64719,14.811835,34.00464697850612
291,2026-07-12T09:22:00.0000000+00:00,35.56381667,14.45135,2026-07-12 09:22:00,35.645874,14.814355,34.06293505914529
292,2026-07-12T09:52:00.0000000+00:00,35.56276667,14.45296667,2026-07-12 09:52:00,35.64443,14.816737,34.11854416953361
293,2026-07-12T10:22:00.0000000+00:00,35.56151667,14.45456667,2026-07-12 10:22:00,35.642838,14.81894,34.16156867062396
294,2026-07-12T10:51:58.0000000+00:00,35.56023333,14.45623333,2026-07-12 10:51:58,35.641113,14.820899,34.17467149923758
295,2026-07-12T11:22:00.0000000+00:00,35.55886667,14.45753333,2026-07-12 11:22:00,35.639267,14.822568,34.193512906239576
296,2026-07-12T11:52:00.0000000+00:00,35.5574,14.45851667,2026-07-12 11:52:00,35.637318,14.823916,34.21210275927093
297,2026-07-12T12:22:01.0000000+00:00,35.55575,14.45911667,2026-07-12 12:22:01,35.635307,14.824933,34.23874822282671
298,2026-07-12T12:52:00.0000000+00:00,35.5538,14.4594,2026-07-12 12:52:00,35.633316,14.825637,34.27506289451137
299,2026-07-12T13:22:00.0000000+00:00,35.55153333,14.4591,2026-07-12 13:22:00,35.63141,14.826031,34.346927972614054
300,2026-07-12T13:52:00.0000000+00:00,35.54911667,14.45773333,2026-07-12 13:52:00,35.629658,14.82612,34.49417791100641
301,2026-07-12T14:22:00.0000000+00:00,35.54675,14.45613333,2026-07-12 14:22:00,35.628136,14.825919,34.641485809373066
302,2026-07-12T14:52:01.0000000+00:00,35.54476667,14.4539,2026-07-12 14:52:01,35.62692,14.825448,34.818255920674176
303,2026-07-12T15:22:00.0000000+00:00,35.54336667,14.45143333,2026-07-12 15:22:00,35.626083,14.824731,34.98781219808882
304,2026-07-12T15:52:00.0000000+00:00,35.54241667,14.44845,2026-07-12 15:52:00,35.625687,14.823777,35.18129008577178
305,2026-07-12T16:22:00.0000000+00:00,35.5417,14.4454,2026-07-12 16:22:00,35.625774,14.82263,35.371144761695376
306,2026-07-12T16:52:04.0000000+00:00,35.54138333,14.44201667,2026-07-12 16:52:04,35.62636,14.821357,35.58166935332545
307,2026-07-12T17:22:01.0000000+00:00,35.54161667,14.43833333,2026-07-12 17:22:01,35.62744,14.82004,35.812737509421716
308,2026-07-12T17:52:01.0000000+00:00,35.54245,14.43491667,2026-07-12 17:52:01,35.628986,14.8187685,36.02021433132588
309,2026-07-12T18:22:01.0000000+00:00,35.5439,14.43238333,2026-07-12 18:22:01,35.63095,14.81763,36.156375613807704
310,2026-07-12T18:52:01.0000000+00:00,35.54558333,14.42993333,2026-07-12 18:52:01,35.63322,14.8167,36.3054736209235
311,2026-07-12T19:21:57.0000000+00:00,35.54775,14.42773333,2026-07-12 19:21:57,35.635674,14.816046,36.447683087420096
312,2026-07-12T19:52:01.0000000+00:00,35.55013333,14.42548333,2026-07-12 19:52:01,35.63821,14.815725,36.61927638724342
313,2026-07-12T20:22:01.0000000+00:00,35.55241667,14.42335,2026-07-12 20:22:01,35.64075,14.815788,36.817284417477545
314,2026-07-12T20:52:01.0000000+00:00,35.55493333,14.42138333,2026-07-12 20:52:01,35.643215,14.816267,37.02779362803495
315,2026-07-12T21:22:25.0000000+00:00,35.55736667,14.41953333,2026-07-12 21:22:25,35.645542,14.817187,37.26518579999905
316,2026-07-12T21:52:25.0000000+00:00,35.55956667,14.41796667,2026-07-12 21:52:25,35.64768,14.818572,37.51994268612465
317,2026-07-12T22:21:57.0000000+00:00,35.5615,14.4167,2026-07-12 22:21:57,35.649643,14.820501,37.79897137351617
318,2026-07-12T22:52:01.0000000+00:00,35.56316667,14.41581667,2026-07-12 22:52:01,35.65142,14.822964,38.09353190576164
319,2026-07-12T23:22:17.0000000+00:00,35.56458333,14.41488333,2026-07-12 23:22:17,35.652985,14.825926,38.43748101969672
320,2026-07-12T23:52:00.0000000+00:00,35.56576667,14.414,2026-07-12 23:52:00,35.654278,14.829337,38.81539210480142
321,2026-07-13T00:22:01.0000000+00:00,35.56656667,14.41335,2026-07-13 00:22:01,35.6553,14.833126,39.20946677823894
322,2026-07-13T00:52:01.0000000+00:00,35.56693333,14.41265,2026-07-13 00:52:01,35.656033,14.8372135,39.63845233031431
323,2026-07-13T01:22:00.0000000+00:00,35.567,14.41165,2026-07-13 01:22:00,35.656395,14.841503,40.10963506892024
324,2026-07-13T01:52:31.0000000+00:00,35.56695,14.411,2026-07-13 01:52:31,35.65634,14.845801,40.543166834989336
325,2026-07-13T02:22:00.0000000+00:00,35.56606667,14.41098333,2026-07-13 02:22:00,35.65583,14.849981,40.921399370440774
326,2026-07-13T02:52:01.0000000+00:00,35.56456667,14.41061667,2026-07-13 02:52:01,35.65485,14.853905,41.312275086249564
327,2026-07-13T03:22:00.0000000+00:00,35.5628,14.40998333,2026-07-13 03:22:00,35.653378,14.8574505,41.687530611397825
328,2026-07-13T03:52:01.0000000+00:00,35.56048333,14.40936667,2026-07-13 03:52:01,35.651386,14.860532,42.02169705898453
329,2026-07-13T04:22:00.0000000+00:00,35.55643333,14.40828333,2026-07-13 04:22:00,35.648872,14.863075,42.382843356322
330,2026-07-13T04:52:00.0000000+00:00,35.5511,14.40683333,2026-07-13 04:52:00,35.645847,14.865027,42.745888899749644
331,2026-07-13T05:22:02.0000000+00:00,35.5456,14.40508333,2026-07-13 05:22:02,35.642353,14.866384,43.07553819737573
332,2026-07-13T05:52:00.0000000+00:00,35.53976667,14.40293333,2026-07-13 05:52:00,35.638462,14.867199,43.39191532173797
333,2026-07-13T06:22:01.0000000+00:00,35.53321667,14.39998333,2026-07-13 06:22:01,35.63429,14.867458,43.74265793080541
334,2026-07-13T06:52:00.0000000+00:00,35.52656667,14.3964,2026-07-13 06:52:00,35.629963,14.867135,44.09699610775968
335,2026-07-13T07:22:01.0000000+00:00,35.5197,14.39155,2026-07-13 07:22:01,35.625614,14.866203,44.51548341862305
336,2026-07-13T07:52:01.0000000+00:00,35.5125,14.38571667,2026-07-13 07:52:01,35.62137,14.86465,44.97916259757315
337,2026-07-13T08:21:57.0000000+00:00,35.50433333,14.37925,2026-07-13 08:21:57,35.617317,14.862456,45.478881628644324
338,2026-07-13T08:52:01.0000000+00:00,35.49661667,14.37203333,2026-07-13 08:52:01,35.613552,14.85961,45.9843370491253
339,2026-07-13T09:22:00.0000000+00:00,35.48905,14.36425,2026-07-13 09:22:00,35.610146,14.85612,46.49186194861753
340,2026-07-13T09:52:01.0000000+00:00,35.48195,14.3562,2026-07-13 09:52:01,35.607162,14.851993,46.967929810445376
341,2026-07-13T10:22:03.0000000+00:00,35.47558333,14.34751667,2026-07-13 10:22:03,35.604664,14.847287,47.442565172829156
342,2026-07-13T10:52:00.0000000+00:00,35.46951667,14.33791667,2026-07-13 10:52:00,35.602688,14.842071,47.96147393522126
343,2026-07-13T11:22:00.0000000+00:00,35.46471667,14.3267,2026-07-13 11:22:00,35.60122,14.8364725,48.561425823014936
344,2026-07-13T11:52:31.0000000+00:00,35.4603,14.3136,2026-07-13 11:52:31,35.600266,14.830589,49.303819027450785
345,2026-07-13T12:22:00.0000000+00:00,35.457,14.30051667,2026-07-13 12:22:00,35.599815,14.8244705,50.00289427948101
346,2026-07-13T12:52:00.0000000+00:00,35.4544,14.28671667,2026-07-13 12:52:00,35.599854,14.818174,50.74085063265017
347,2026-07-13T13:22:01.0000000+00:00,35.45248333,14.27341667,2026-07-13 13:22:01,35.600338,14.811794,51.42001958929905
348,2026-07-13T13:52:00.0000000+00:00,35.45141667,14.26056667,2026-07-13 13:52:00,35.601223,14.805402,52.04309654520486
349,2026-07-13T14:22:00.0000000+00:00,35.45166667,14.24808333,2026-07-13 14:22:00,35.60245,14.799062,52.60413705290123
350,2026-07-13T14:52:29.0000000+00:00,35.45305,14.23603333,2026-07-13 14:52:29,35.60397,14.792837,53.10805262214856
351,2026-07-13T15:22:00.0000000+00:00,35.4552,14.2252,2026-07-13 15:22:00,35.60573,14.786791,53.50441529428575
352,2026-07-13T15:52:01.0000000+00:00,35.45823333,14.21563333,2026-07-13 15:52:01,35.607754,14.781017,53.79427840123408
353,2026-07-13T16:21:57.0000000+00:00,35.46188333,14.20748333,2026-07-13 16:21:57,35.610046,14.775597,53.981041519736245
354,2026-07-13T16:52:00.0000000+00:00,35.46545,14.20045,2026-07-13 16:52:00,35.6126,14.770607,54.12117824238449
355,2026-07-13T17:22:00.0000000+00:00,35.46866667,14.19416667,2026-07-13 17:22:00,35.6154,14.766115,54.25974786547021
356,2026-07-13T17:52:21.0000000+00:00,35.4717,14.18926667,2026-07-13 17:52:21,35.618443,14.762188,54.34238979909126
357,2026-07-13T18:22:25.0000000+00:00,35.47453333,14.18578333,2026-07-13 18:22:25,35.62172,14.758873,54.36970730194812
358,2026-07-13T18:52:31.0000000+00:00,35.4771,14.1835,2026-07-13 18:52:31,35.6252,14.756202,54.36510991347282
359,2026-07-13T19:22:00.0000000+00:00,35.4795,14.18155,2026-07-13 19:22:00,35.628845,14.75419,54.40012438288436
360,2026-07-13T19:52:01.0000000+00:00,35.48163333,14.18035,2026-07-13 19:52:01,35.63261,14.752852,54.441979494750754
361,2026-07-13T20:22:00.0000000+00:00,35.48326667,14.17936667,2026-07-13 20:22:00,35.63644,14.752204,54.545062872005516
362,2026-07-13T20:52:01.0000000+00:00,35.48428333,14.17881667,2026-07-13 20:52:01,35.640278,14.752245,54.69306161081175
363,2026-07-13T21:22:00.0000000+00:00,35.48486667,14.17848333,2026-07-13 21:22:00,35.64408,14.752973,54.89705199770347
364,2026-07-13T21:52:00.0000000+00:00,35.4849,14.17803333,2026-07-13 21:52:00,35.647766,14.7544565,55.193401326901046
365,2026-07-13T22:22:00.0000000+00:00,35.48451667,14.17795,2026-07-13 22:22:00,35.651123,14.756778,55.53527295331875
366,2026-07-13T22:52:09.0000000+00:00,35.48351667,14.17808333,2026-07-13 22:52:09,35.654007,14.759819,55.92767829567112
367,2026-07-13T23:22:24.0000000+00:00,35.48181667,14.17818333,2026-07-13 23:22:24,35.656357,14.763406,56.37776539596519
368,2026-07-13T23:52:00.0000000+00:00,35.47918333,14.17826667,2026-07-13 23:52:00,35.658104,14.76745,56.88291042456992
369,2026-07-14T00:22:31.0000000+00:00,35.47606667,14.17845,2026-07-14 00:22:31,35.65921,14.771865,57.40722577493853
370,2026-07-14T00:52:00.0000000+00:00,35.47255,14.17905,2026-07-14 00:52:00,35.659653,14.776572,57.91232404732479
371,2026-07-14T01:22:00.0000000+00:00,35.46785,14.17971667,2026-07-14 01:22:00,35.659378,14.781476,58.44930373012233
372,2026-07-14T01:52:00.0000000+00:00,35.46261667,14.18018333,2026-07-14 01:52:00,35.65837,14.786457,59.003466438864244
373,2026-07-14T02:22:01.0000000+00:00,35.45726667,14.18033333,2026-07-14 02:22:01,35.65663,14.79139,59.55642254955449
374,2026-07-14T02:52:00.0000000+00:00,35.45211667,14.17995,2026-07-14 02:52:00,35.654175,14.796146,60.101950844924914
375,2026-07-14T03:22:00.0000000+00:00,35.44708333,14.17936667,2026-07-14 03:22:00,35.65103,14.800601,60.60584070399122
376,2026-07-14T03:52:01.0000000+00:00,35.44203333,14.17881667,2026-07-14 03:52:01,35.647232,14.804658,61.04723381253546
377,2026-07-14T04:21:57.0000000+00:00,35.43651667,14.17761667,2026-07-14 04:21:57,35.642822,14.808236,61.497610953291264
378,2026-07-14T04:52:01.0000000+00:00,35.43046667,14.17495,2026-07-14 04:52:01,35.637897,14.811189,62.01970367508063
379,2026-07-14T05:22:01.0000000+00:00,35.42403333,14.17208333,2026-07-14 05:22:01,35.632553,14.813437,62.49839211249526
380,2026-07-14T05:52:01.0000000+00:00,35.41753333,14.16936667,2026-07-14 05:52:01,35.626892,14.814928,62.89065313889519
381,2026-07-14T06:21:59.0000000+00:00,35.4111,14.16643333,2026-07-14 06:21:59,35.621014,14.815614,63.22207399471724
382,2026-07-14T06:51:59.0000000+00:00,35.40493333,14.16341667,2026-07-14 06:51:59,35.615025,14.815449,63.47333302886657
383,2026-07-14T07:21:57.0000000+00:00,35.39856667,14.16041667,2026-07-14 07:21:57,35.609047,14.814388,63.65677707909606
384,2026-07-14T07:52:00.0000000+00:00,35.3919,14.15718333,2026-07-14 07:52:00,35.603195,14.812406,63.799631522548346
385,2026-07-14T08:21:58.0000000+00:00,35.38501667,14.15413333,2026-07-14 08:21:58,35.597626,14.809499,63.86977156032769
386,2026-07-14T08:51:57.0000000+00:00,35.37778333,14.15088333,2026-07-14 08:51:57,35.592506,14.805709,63.91610935148731
387,2026-07-14T09:22:00.0000000+00:00,35.37023333,14.14666667,2026-07-14 09:22:00,35.587963,14.801115,64.01435730929376
388,2026-07-14T09:52:00.0000000+00:00,35.36286667,14.14168333,2026-07-14 09:52:00,35.584118,14.795842,64.14306170087181
389,2026-07-14T10:21:58.0000000+00:00,35.35571667,14.13546667,2026-07-14 10:21:58,35.58108,14.790019,64.35607113561609
390,2026-07-14T10:51:58.0000000+00:00,35.34891667,14.12838333,2026-07-14 10:51:58,35.578938,14.783829,64.63672540362982
391,2026-07-14T11:22:00.0000000+00:00,35.34256667,14.12168333,2026-07-14 11:22:00,35.577717,14.777473,64.89570789500652
392,2026-07-14T11:52:01.0000000+00:00,35.3368,14.11528333,2026-07-14 11:52:01,35.577404,14.771144,65.15018946868071
393,2026-07-14T12:22:01.0000000+00:00,35.33183333,14.10888333,2026-07-14 12:22:01,35.577938,14.765041,65.42975652634337
394,2026-07-14T12:52:01.0000000+00:00,35.32763333,14.10256667,2026-07-14 12:52:01,35.57923,14.759359,65.74054366611806
395,2026-07-14T13:21:59.0000000+00:00,35.32386667,14.09636667,2026-07-14 13:21:59,35.581173,14.754279,66.10527799879652
396,2026-07-14T13:51:58.0000000+00:00,35.32061667,14.09001667,2026-07-14 13:51:58,35.583645,14.74996,66.54835954599548
397,2026-07-14T14:22:01.0000000+00:00,35.31795,14.08391667,2026-07-14 14:22:01,35.586494,14.746517,67.03567047121868
398,2026-07-14T14:52:00.0000000+00:00,35.31588333,14.0792,2026-07-14 14:52:00,35.58956,14.744,67.46930817895647
399,2026-07-14T15:21:58.0000000+00:00,35.31391667,14.07516667,2026-07-14 15:21:58,35.59273,14.742414,67.92567762224891
400,2026-07-14T15:51:58.0000000+00:00,35.31195,14.0715,2026-07-14 15:51:58,35.595886,14.741721,68.42580898269499
401,2026-07-14T16:22:01.0000000+00:00,35.31045,14.06855,2026-07-14 16:22:01,35.59891,14.741869,68.90721920977136
402,2026-07-14T16:52:01.0000000+00:00,35.30931667,14.06616667,2026-07-14 16:52:01,35.60168,14.74279,69.37409025448339
403,2026-07-14T17:22:00.0000000+00:00,35.30818333,14.06431667,2026-07-14 17:22:00,35.6041,14.744392,69.83517231754001
404,2026-07-14T17:52:01.0000000+00:00,35.30698333,14.06323333,2026-07-14 17:52:01,35.606083,14.746558,70.26146708303965
405,2026-07-14T18:22:00.0000000+00:00,35.30565,14.06261667,2026-07-14 18:22:00,35.60759,14.749141,70.6663175297158
406,2026-07-14T18:52:00.0000000+00:00,35.30426667,14.06255,2026-07-14 18:52:00,35.60861,14.752007,71.02703919496074
407,2026-07-14T19:22:00.0000000+00:00,35.30293333,14.0633,2026-07-14 19:22:00,35.609154,14.755033,71.30817143523234
408,2026-07-14T19:52:00.0000000+00:00,35.30138333,14.06441667,2026-07-14 19:52:00,35.609253,14.758126,71.55362871841855
409,2026-07-14T20:22:01.0000000+00:00,35.29911667,14.06563333,2026-07-14 20:22:01,35.60894,14.761216,71.80738036756289
410,2026-07-14T20:52:01.0000000+00:00,35.2963,14.06695,2026-07-14 20:52:01,35.608253,14.764242,72.05830997125597
411,2026-07-14T21:22:01.0000000+00:00,35.29345,14.06803333,2026-07-14 21:22:01,35.607246,14.767158,72.30373743658343
412,2026-07-14T21:52:00.0000000+00:00,35.29125,14.06986667,2026-07-14 21:52:00,35.60598,14.76993,72.42974872301795
413,2026-07-14T22:22:00.0000000+00:00,35.28896667,14.07193333,2026-07-14 22:22:00,35.60451,14.772527,72.51678282657757
414,2026-07-14T22:52:00.0000000+00:00,35.28648333,14.0742,2026-07-14 22:52:00,35.602917,14.774927,72.57666955087255
415,2026-07-14T23:22:00.0000000+00:00,35.2833,14.07628333,2026-07-14 23:22:00,35.601257,14.77715,72.67169397328225
416,2026-07-14T23:52:26.0000000+00:00,35.27961667,14.07826667,2026-07-14 23:52:26,35.59958,14.779224,72.78937650959212
417,2026-07-15T00:22:01.0000000+00:00,35.27586667,14.08036667,2026-07-15 00:22:01,35.59791,14.781192,72.8942616037057
418,2026-07-15T00:52:31.0000000+00:00,35.27181667,14.082,2026-07-15 00:52:31,35.596252,14.783097,73.04860207386149
419,2026-07-15T01:22:00.0000000+00:00,35.26791667,14.08316667,2026-07-15 01:22:00,35.594585,14.7849455,73.22703082138672
420,2026-07-15T01:53:01.0000000+00:00,35.26396667,14.08441667,2026-07-15 01:53:01,35.59286,14.786733,73.39427496900133
421,2026-07-15T02:22:00.0000000+00:00,35.25996667,14.08533333,2026-07-15 02:22:00,35.59104,14.788421,73.57776642130369
422,2026-07-15T02:52:00.0000000+00:00,35.25563333,14.08516667,2026-07-15 02:52:00,35.58908,14.789967,73.8465433490456
423,2026-07-15T03:22:00.0000000+00:00,35.25133333,14.08441667,2026-07-15 03:22:00,35.586956,14.791345,74.13706316042533
424,2026-07-15T03:52:00.0000000+00:00,35.24735,14.08335,2026-07-15 03:52:00,35.584633,14.792629,74.41628642199358
425,2026-07-15T04:22:01.0000000+00:00,35.24345,14.08236667,2026-07-15 04:22:01,35.582127,14.793821,74.6668382737359
426,2026-07-15T04:52:00.0000000+00:00,35.2401,14.08105,2026-07-15 04:52:00,35.57947,14.794935,74.89808790986994
427,2026-07-15T05:22:06.0000000+00:00,35.23686667,14.0795,2026-07-15 05:22:06,35.576717,14.795988,75.13082118592075
428,2026-07-15T05:52:01.0000000+00:00,35.2336,14.07845,2026-07-15 05:52:01,35.573914,14.797018,75.32174533732818
429,2026-07-15T06:22:00.0000000+00:00,35.23058333,14.07761667,2026-07-15 06:22:00,35.571117,14.798051,75.48234341320375
430,2026-07-15T06:52:01.0000000+00:00,35.2278,14.07695,2026-07-15 06:52:01,35.568386,14.799022,75.6156223304414
431,2026-07-15T07:21:59.0000000+00:00,35.22536667,14.07671667,2026-07-15 07:21:59,35.565784,14.799959,75.70005586333919
432,2026-07-15T07:52:31.0000000+00:00,35.22298333,14.07771667,2026-07-15 07:52:31,35.563362,14.800916,75.69601182749534
433,2026-07-15T08:22:20.0000000+00:00,35.22063333,14.07895,2026-07-15 08:22:20,35.561157,14.801941,75.68941336820016
434,2026-07-15T08:52:00.0000000+00:00,35.2182,14.07961667,2026-07-15 08:52:00,35.559196,14.803068,75.75340811738239
435,2026-07-15T09:22:00.0000000+00:00,35.21631667,14.08061667,2026-07-15 09:22:00,35.557484,14.804351,75.7863695299419
436,2026-07-15T09:52:01.0000000+00:00,35.21428333,14.08165,2026-07-15 09:52:01,35.556034,14.805859,75.85741632388361
437,2026-07-15T10:22:01.0000000+00:00,35.21235,14.08308333,2026-07-15 10:22:01,35.554836,14.807623,75.92539607763324
438,2026-07-15T10:52:00.0000000+00:00,35.21096667,14.08468333,2026-07-15 10:52:00,35.553867,14.809655,75.98316521941099
439,2026-07-15T11:22:00.0000000+00:00,35.20978333,14.0868,2026-07-15 11:22:00,35.5531,14.811952,76.02131664402106
440,2026-07-15T11:52:19.0000000+00:00,35.20883333,14.08926667,2026-07-15 11:52:19,35.55251,14.81449,76.04741209086212
441,2026-07-15T12:22:00.0000000+00:00,35.20825,14.09143333,2026-07-15 12:22:00,35.552048,14.817242,76.10040393028747
442,2026-07-15T12:52:01.0000000+00:00,35.20791667,14.0939,2026-07-15 12:52:01,35.551655,14.820149,76.13193895168199
443,2026-07-15T13:22:01.0000000+00:00,35.20733333,14.09708333,2026-07-15 13:22:01,35.55126,14.823153,76.12883452249505
444,2026-07-15T13:52:00.0000000+00:00,35.2068,14.10138333,2026-07-15 13:52:00,35.55081,14.82619,76.03473514677363
445,2026-07-15T14:22:00.0000000+00:00,35.20621667,14.10586667,2026-07-15 14:22:00,35.550266,14.829227,75.92415051832768
446,2026-07-15T14:52:00.0000000+00:00,35.20515,14.11136667,2026-07-15 14:52:00,35.549576,14.832229,75.75020355543722
447,2026-07-15T15:23:01.0000000+00:00,35.203,14.11741667,2026-07-15 15:23:01,35.548714,14.835153,75.57963412207893
448,2026-07-15T15:52:01.0000000+00:00,35.20066667,14.12316667,2026-07-15 15:52:01,35.547657,14.837946,75.42274324185321
449,2026-07-15T16:22:02.0000000+00:00,35.19826667,14.12891667,2026-07-15 16:22:02,35.546417,14.840591,75.24853041088252
450,2026-07-15T16:52:01.0000000+00:00,35.1958,14.1349,2026-07-15 16:52:01,35.545025,14.843086,75.04047691773579
451,2026-07-15T17:22:00.0000000+00:00,35.19381667,14.1408,2026-07-15 17:22:00,35.54352,14.845448,74.79507692405171
452,2026-07-15T17:52:01.0000000+00:00,35.19158333,14.14668333,2026-07-15 17:52:01,35.54196,14.847699,74.55436075547644
453,2026-07-15T18:22:00.0000000+00:00,35.18935,14.15241667,2026-07-15 18:22:00,35.5404,14.849881,74.32054316529765
454,2026-07-15T18:52:00.0000000+00:00,35.1866,14.15796667,2026-07-15 18:52:00,35.538887,14.852026,74.13196500541329
455,2026-07-15T19:22:01.0000000+00:00,35.1835,14.16301667,2026-07-15 19:22:01,35.53746,14.854177,74.00917697528364
456,2026-07-15T19:52:01.0000000+00:00,35.18031667,14.1671,2026-07-15 19:52:01,35.536156,14.856368,73.9768896053172
457,2026-07-15T20:22:01.0000000+00:00,35.17716667,14.17041667,2026-07-15 20:22:01,35.534985,14.858602,74.01335820020626
458,2026-07-15T20:52:31.0000000+00:00,35.17375,14.17325,2026-07-15 20:52:31,35.53395,14.860859,74.11356600720657
459,2026-07-15T21:22:00.0000000+00:00,35.17011667,14.17531667,2026-07-15 21:22:00,35.53305,14.86311,74.29383229316942
460,2026-07-15T21:52:01.0000000+00:00,35.16665,14.17696667,2026-07-15 21:52:01,35.53228,14.865331,74.50182908467373
461,2026-07-15T22:22:00.0000000+00:00,35.16368333,14.17838333,2026-07-15 22:22:00,35.531616,14.867483,74.69887742929355
462,2026-07-15T22:52:00.0000000+00:00,35.16075,14.17983333,2026-07-15 22:52:00,35.531033,14.869538,74.8893033279716
463,2026-07-15T23:22:18.0000000+00:00,35.15825,14.18078333,2026-07-15 23:22:18,35.530514,14.871432,75.08299526522991
464,2026-07-15T23:52:01.0000000+00:00,35.15635,14.18158333,2026-07-15 23:52:01,35.53003,14.873146,75.23975341972913
465,2026-07-16T00:22:00.0000000+00:00,35.15495,14.18205,2026-07-16 00:22:00,35.52958,14.874711,75.38163183742255
466,2026-07-16T00:52:00.0000000+00:00,35.15401667,14.18246667,2026-07-16 00:52:00,35.529156,14.876112,75.48774964634673
467,2026-07-16T01:22:00.0000000+00:00,35.1531,14.1829,2026-07-16 01:22:00,35.528793,14.87731,75.5801051714081
468,2026-07-16T01:52:20.0000000+00:00,35.15166667,14.18303333,2026-07-16 01:52:20,35.528515,14.878369,75.72151346007742
469,2026-07-16T02:22:00.0000000+00:00,35.1501,14.18326667,2026-07-16 02:22:00,35.52838,14.879329,75.86520588437047
470,2026-07-16T02:52:01.0000000+00:00,35.14821667,14.18381667,2026-07-16 02:52:01,35.52844,14.880244,76.01322706799269
471,2026-07-16T03:22:01.0000000+00:00,35.14646667,14.18478333,2026-07-16 03:22:01,35.528713,14.88119,76.13784513794843
472,2026-07-16T03:52:00.0000000+00:00,35.14458333,14.1864,2026-07-16 03:52:00,35.52918,14.882276,76.2443612941701
473,2026-07-16T04:22:00.0000000+00:00,35.14256667,14.18785,2026-07-16 04:22:00,35.529804,14.8836,76.40058676719765
474,2026-07-16T04:51:59.0000000+00:00,35.13975,14.1887,2026-07-16 04:51:59,35.530537,14.885241,76.6833692582951
475,2026-07-16T05:22:01.0000000+00:00,35.13658333,14.18895,2026-07-16 05:22:01,35.5313,14.887261,77.06463318267053
476,2026-07-16T05:51:59.0000000+00:00,35.13325,14.18923333,2026-07-16 05:51:59,35.532005,14.889709,77.4832133757819
477,2026-07-16T06:22:00.0000000+00:00,35.13015,14.18931667,2026-07-16 06:22:00,35.532562,14.892611,77.92655383961868
478,2026-07-16T06:51:59.0000000+00:00,35.12716667,14.18928333,2026-07-16 06:51:59,35.532894,14.895967,78.3908139529135
479,2026-07-16T07:21:59.0000000+00:00,35.1244,14.18898333,2026-07-16 07:21:59,35.532913,14.899744,78.87232571947068
480,2026-07-16T07:51:59.0000000+00:00,35.12181667,14.18851667,2026-07-16 07:51:59,35.53256,14.903876,79.3570517031512
481,2026-07-16T08:21:59.0000000+00:00,35.1192,14.18776667,2026-07-16 08:21:59,35.531773,14.908266,79.85676261806914
482,2026-07-16T08:52:02.0000000+00:00,35.11671667,14.18635,2026-07-16 08:52:02,35.530533,14.91279,80.37889766985823
483,2026-07-16T09:21:59.0000000+00:00,35.11465,14.18446667,2026-07-16 09:21:59,35.528828,14.917309,80.8799868208144
484,2026-07-16T09:52:00.0000000+00:00,35.11273333,14.18256667,2026-07-16 09:52:00,35.5267,14.921678,81.3361999345729
485,2026-07-16T10:22:01.0000000+00:00,35.11145,14.18083333,2026-07-16 10:22:01,35.5242,14.925767,81.69754206593602
486,2026-07-16T10:52:01.0000000+00:00,35.11068333,14.17908333,2026-07-16 10:52:01,35.5214,14.929486,81.98357835133028
487,2026-07-16T11:22:00.0000000+00:00,35.11025,14.17713333,2026-07-16 11:22:00,35.51837,14.932751,82.21849244355222
488,2026-07-16T11:52:01.0000000+00:00,35.11055,14.17526667,2026-07-16 11:52:01,35.515224,14.935479,82.357573508054
489,2026-07-16T12:22:00.0000000+00:00,35.11103333,14.17401667,2026-07-16 12:22:00,35.51205,14.93764,82.39708218778497
490,2026-07-16T12:52:01.0000000+00:00,35.11196667,14.17381667,2026-07-16 12:52:01,35.508926,14.939208,82.29006941422828
491,2026-07-16T13:22:02.0000000+00:00,35.11305,14.17473333,2026-07-16 13:22:02,35.505936,14.940198,82.05414088367692
492,2026-07-16T13:51:59.0000000+00:00,35.11433333,14.1774,2026-07-16 13:51:59,35.503162,14.940648,81.64480644885562
493,2026-07-16T14:22:00.0000000+00:00,35.1138,14.1813,2026-07-16 14:22:00,35.50066,14.94061,81.22682717620849
494,2026-07-16T14:52:01.0000000+00:00,35.11275,14.18545,2026-07-16 14:52:01,35.498478,14.940146,80.80621285124111
495,2026-07-16T15:21:59.0000000+00:00,35.11091667,14.18996667,2026-07-16 15:21:59,35.496655,14.93933,80.39837080867945
496,2026-07-16T15:51:59.0000000+00:00,35.10875,14.19515,2026-07-16 15:51:59,35.495197,14.938255,79.96225321935039
497,2026-07-16T16:22:01.0000000+00:00,35.10638333,14.201,2026-07-16 16:22:01,35.49411,14.937004,79.49785253428026
498,2026-07-16T16:52:00.0000000+00:00,35.10361667,14.20738333,2026-07-16 16:52:00,35.493385,14.935662,79.03525840347221
499,2026-07-16T17:21:59.0000000+00:00,35.10063333,14.21408333,2026-07-16 17:21:59,35.493015,14.934328,78.58876552935129
500,2026-07-16T17:52:19.0000000+00:00,35.0974,14.21983333,2026-07-16 17:52:19,35.49299,14.93311,78.26451899133275
501,2026-07-16T18:21:59.0000000+00:00,35.09436667,14.22505,2026-07-16 18:21:59,35.493294,14.93212,78.01053291868759
502,2026-07-16T18:51:59.0000000+00:00,35.09066667,14.23001667,2026-07-16 18:51:59,35.493916,14.931464,77.86803305712677
503,2026-07-16T19:22:01.0000000+00:00,35.0864,14.2347,2026-07-16 19:22:01,35.494823,14.931234,77.83923938252934
504,2026-07-16T19:52:01.0000000+00:00,35.08173333,14.23866667,2026-07-16 19:52:01,35.495975,14.9315195,77.94971050121414
505,2026-07-16T20:22:00.0000000+00:00,35.07718333,14.242,2026-07-16 20:22:00,35.49731,14.932388,78.15976037784469
506,2026-07-16T20:52:01.0000000+00:00,35.07323333,14.24468333,2026-07-16 20:52:01,35.498753,14.933889,78.43490958889748
507,2026-07-16T21:22:00.0000000+00:00,35.0695,14.24678333,2026-07-16 21:22:00,35.500225,14.936047,78.79018824809722
508,2026-07-16T21:52:00.0000000+00:00,35.06581667,14.24853333,2026-07-16 21:52:00,35.501637,14.93886,79.21282901443293
509,2026-07-16T22:22:01.0000000+00:00,35.06225,14.2501,2026-07-16 22:22:01,35.50291,14.942308,79.67850108570632
510,2026-07-16T22:52:01.0000000+00:00,35.05903333,14.25168333,2026-07-16 22:52:01,35.50397,14.946344,80.14769373073223
511,2026-07-16T23:22:00.0000000+00:00,35.05635,14.25363333,2026-07-16 23:22:00,35.504745,14.950898,80.57154549163636
512,2026-07-16T23:52:00.0000000+00:00,35.0535,14.25636667,2026-07-16 23:52:00,35.505177,14.955883,80.95889703370713
513,2026-07-17T00:22:00.0000000+00:00,35.05071667,14.25926667,2026-07-17 00:22:00,35.505215,14.961185,81.32552988398437
514,2026-07-17T00:51:59.0000000+00:00,35.04823333,14.262,2026-07-17 00:51:59,35.50475,14.966582,81.65506790892002
515,2026-07-17T01:22:00.0000000+00:00,35.0458,14.26478333,2026-07-17 01:22:00,35.503765,14.971941,81.93943286323113
516,2026-07-17T01:52:31.0000000+00:00,35.04315,14.26781667,2026-07-17 01:52:31,35.50228,14.977167,82.17742014694146
517,2026-07-17T02:22:00.0000000+00:00,35.04066667,14.27138333,2026-07-17 02:22:00,35.50032,14.982194,82.31883178366633
518,2026-07-17T02:52:00.0000000+00:00,35.03803333,14.27521667,2026-07-17 02:52:00,35.497925,14.986965,82.40342055864086
519,2026-07-17T03:22:01.0000000+00:00,35.0356,14.27955,2026-07-17 03:22:01,35.49512,14.991436,82.38926118392811
520,2026-07-17T03:52:00.0000000+00:00,35.03256667,14.2839,2026-07-17 03:52:00,35.491947,14.995556,82.36523761687413
521,2026-07-17T04:22:00.0000000+00:00,35.02945,14.28811667,2026-07-17 04:22:00,35.488445,14.999269,82.30467645565146
522,2026-07-17T04:52:00.0000000+00:00,35.02623333,14.29121667,2026-07-17 04:52:00,35.48467,15.002502,82.2780259639601
523,2026-07-17T05:22:00.0000000+00:00,35.02265,14.29371667,2026-07-17 05:22:00,35.480705,15.005168,82.26590546133295
524,2026-07-17T05:52:00.0000000+00:00,35.01865,14.29655,2026-07-17 05:52:00,35.476624,15.007227,82.20766694700441
525,2026-07-17T06:22:01.0000000+00:00,35.01441667,14.29996667,2026-07-17 06:22:01,35.472546,15.008659,82.0796382127501
526,2026-07-17T06:52:00.0000000+00:00,35.01006667,14.30413333,2026-07-17 06:52:00,35.468555,15.009471,81.86826398666712
527,2026-07-17T07:22:01.0000000+00:00,35.0057,14.30878333,2026-07-17 07:22:01,35.464714,15.009681,81.59214795113124
528,2026-07-17T07:52:25.0000000+00:00,35.0009,14.31381667,2026-07-17 07:52:25,35.461067,15.009333,81.29479621717506
529,2026-07-17T08:22:00.0000000+00:00,34.99588333,14.31885,2026-07-17 08:22:00,35.457638,15.008475,80.99385452013804
530,2026-07-17T08:52:00.0000000+00:00,34.99091667,14.32355,2026-07-17 08:52:00,35.454426,15.007159,80.6989582390334
531,2026-07-17T09:22:00.0000000+00:00,34.98595,14.32656667,2026-07-17 09:22:00,35.451443,15.005434,80.51184369134887
532,2026-07-17T09:52:01.0000000+00:00,34.98086667,14.32853333,2026-07-17 09:52:01,35.44868,15.00335,80.3996126459407
533,2026-07-17T10:22:00.0000000+00:00,34.97548333,14.32996667,2026-07-17 10:22:00,35.446144,15.000963,80.34332131415286
534,2026-07-17T10:52:17.0000000+00:00,34.96975,14.33238333,2026-07-17 10:52:17,35.443832,14.998325,80.24710818127014
535,2026-07-17T11:22:00.0000000+00:00,34.96493333,14.33368333,2026-07-17 11:22:00,35.441772,14.995515,80.17026507195294
536,2026-07-17T11:52:01.0000000+00:00,34.96015,14.3338,2026-07-17 11:52:01,35.439972,14.992586,80.18512850832079
537,2026-07-17T12:22:00.0000000+00:00,34.95578333,14.33308333,2026-07-17 12:22:00,35.438465,14.989588,80.24423454918407
538,2026-07-17T12:52:00.0000000+00:00,34.95241667,14.33158333,2026-07-17 12:52:00,35.43728,14.986585,80.3066171091972
539,2026-07-17T13:22:00.0000000+00:00,34.94938333,14.32893333,2026-07-17 13:22:00,35.436478,14.98366,80.45591210123604
540,2026-07-17T13:52:00.0000000+00:00,34.94691667,14.32681667,2026-07-17 13:52:00,35.436115,14.980906,80.57165198043525
541,2026-07-17T14:22:12.0000000+00:00,34.9454,14.32453333,2026-07-17 14:22:12,35.43622,14.978424,80.68045597100709
542,2026-07-17T14:52:02.0000000+00:00,34.94481667,14.3222,2026-07-17 14:52:02,35.436802,14.976327,80.78412314447658
543,2026-07-17T15:22:00.0000000+00:00,34.94475,14.32056667,2026-07-17 15:22:00,35.437866,14.974724,80.87115904083934
544,2026-07-17T15:52:05.0000000+00:00,34.94541667,14.31956667,2026-07-17 15:52:05,35.439373,14.97371,80.93293252607478
545,2026-07-17T16:22:01.0000000+00:00,34.9466,14.31951667,2026-07-17 16:22:01,35.441254,14.973333,80.96311427854855
546,2026-07-17T16:52:01.0000000+00:00,34.94876667,14.32105,2026-07-17 16:52:01,35.443424,14.973594,80.87720253353329
547,2026-07-17T17:22:01.0000000+00:00,34.95073333,14.32345,2026-07-17 17:22:01,35.445793,14.974453,80.80399048910951
548,2026-07-17T17:52:00.0000000+00:00,34.95238333,14.32655,2026-07-17 17:52:00,35.448284,14.975859,80.75406753396888
549,2026-07-17T18:22:00.0000000+00:00,34.95398333,14.33033333,2026-07-17 18:22:00,35.45084,14.977748,80.7001601304507
550,2026-07-17T18:52:00.0000000+00:00,34.95495,14.33498333,2026-07-17 18:52:00,35.453415,14.980066,80.66774542495176
551,2026-07-17T19:21:59.0000000+00:00,34.95628333,14.34,2026-07-17 19:21:59,35.45595,14.982769,80.60636322063363
552,2026-07-17T19:52:00.0000000+00:00,34.95855,14.34556667,2026-07-17 19:52:00,35.458405,14.985824,80.45419292875619
553,2026-07-17T20:22:00.0000000+00:00,34.96063333,14.35183333,2026-07-17 20:22:00,35.46071,14.989213,80.28125013032756
554,2026-07-17T20:52:00.0000000+00:00,34.96213333,14.35866667,2026-07-17 20:52:00,35.462784,14.992926,80.12042083646753
555,2026-07-17T21:22:00.0000000+00:00,34.96288333,14.36626667,2026-07-17 21:22:00,35.464542,14.996953,79.96482880049133
556,2026-07-17T21:52:00.0000000+00:00,34.96291667,14.37416667,2026-07-17 21:52:00,35.465878,15.001282,79.83368977239019
557,2026-07-17T22:22:00.0000000+00:00,34.9625,14.38276667,2026-07-17 22:22:00,35.466686,15.005879,79.67045679652645
558,2026-07-17T22:52:00.0000000+00:00,34.96168333,14.39088333,2026-07-17 22:52:00,35.4669,15.010704,79.53906729121204
559,2026-07-17T23:22:01.0000000+00:00,34.96041667,14.39865,2026-07-17 23:22:01,35.466503,15.015718,79.43125571347804
560,2026-07-17T23:52:25.0000000+00:00,34.95878333,14.40678333,2026-07-17 23:52:25,35.465523,15.020868,79.2924401336641
561,2026-07-18T00:22:00.0000000+00:00,34.95683333,14.41468333,2026-07-18 00:22:00,35.464012,15.02609,79.15715817554647
562,2026-07-18T00:52:00.0000000+00:00,34.95423333,14.42261667,2026-07-18 00:52:00,35.462032,15.031366,79.0382251434743
563,2026-07-18T01:22:00.0000000+00:00,34.95123333,14.43073333,2026-07-18 01:22:00,35.459633,15.036611,78.90508305538036
564,2026-07-18T01:52:00.0000000+00:00,34.94826667,14.43793333,2026-07-18 01:52:00,35.456875,15.04174,78.79184774324614
565,2026-07-18T02:22:00.0000000+00:00,34.94558333,14.44516667,2026-07-18 02:22:00,35.45384,15.046685,78.62036990714442
566,2026-07-18T02:52:00.0000000+00:00,34.94285,14.45248333,2026-07-18 02:52:00,35.450623,15.051389,78.41819491775249
567,2026-07-18T03:22:00.0000000+00:00,34.94001667,14.45895,2026-07-18 03:22:00,35.44729,15.055846,78.25291952482151
568,2026-07-18T03:52:00.0000000+00:00,34.93683333,14.46538333,2026-07-18 03:52:00,35.443863,15.060062,78.09548860999305
569,2026-07-18T04:22:00.0000000+00:00,34.93365,14.47131667,2026-07-18 04:22:00,35.440376,15.064044,77.95002331511037
570,2026-07-18T04:52:00.0000000+00:00,34.93023333,14.47688333,2026-07-18 04:52:00,35.436848,15.067785,77.82812441778893
571,2026-07-18T05:22:00.0000000+00:00,34.92695,14.48223333,2026-07-18 05:22:00,35.4333,15.071262,77.69094140796054
572,2026-07-18T05:52:01.0000000+00:00,34.92326667,14.48813333,2026-07-18 05:52:01,35.429768,15.074451,77.53533085147457
573,2026-07-18T06:22:00.0000000+00:00,34.91936667,14.49418333,2026-07-18 06:22:00,35.426292,15.077348,77.37453498317164
574,2026-07-18T06:52:00.0000000+00:00,34.91545,14.50031667,2026-07-18 06:52:00,35.422916,15.079972,77.20182799291202
575,2026-07-18T07:22:00.0000000+00:00,34.91088333,14.50605,2026-07-18 07:22:00,35.419666,15.08238,77.10509169368599
576,2026-07-18T07:52:00.0000000+00:00,34.90591667,14.51176667,2026-07-18 07:52:00,35.416546,15.084679,77.0471458445226
577,2026-07-18T08:22:01.0000000+00:00,34.9006,14.51791667,2026-07-18 08:22:01,35.413517,15.087,77.00235959389566
578,2026-07-18T08:52:00.0000000+00:00,34.89505,14.52398333,2026-07-18 08:52:00,35.410522,15.089473,76.9962764446886
579,2026-07-18T09:22:00.0000000+00:00,34.88975,14.52916667,2026-07-18 09:22:00,35.407486,15.092202,77.03723891441136
580,2026-07-18T09:52:01.0000000+00:00,34.885,14.53443333,2026-07-18 09:52:01,35.404346,15.095352,77.04527847028595
581,2026-07-18T10:22:01.0000000+00:00,34.8808,14.53991667,2026-07-18 10:22:01,35.401047,15.098934,77.00775722221913
582,2026-07-18T10:52:00.0000000+00:00,34.87695,14.54438333,2026-07-18 10:52:00,35.397552,15.102896,77.00845529454386
583,2026-07-18T11:22:00.0000000+00:00,34.87376667,14.54798333,2026-07-18 11:22:00,35.393856,15.107137,77.00561028798285
584,2026-07-18T11:52:00.0000000+00:00,34.8716,14.55115,2026-07-18 11:52:00,35.39006,15.111511,76.94374268162706
585,2026-07-18T12:22:00.0000000+00:00,34.87011667,14.55385,2026-07-18 12:22:00,35.38625,15.115858,76.8505435101268
586,2026-07-18T12:52:01.0000000+00:00,34.86861667,14.55681667,2026-07-18 12:52:01,35.382465,15.119917,76.7284386845362
587,2026-07-18T13:22:00.0000000+00:00,34.86701667,14.56026667,2026-07-18 13:22:00,35.378777,15.123611,76.57142619442482
588,2026-07-18T13:52:00.0000000+00:00,34.86616667,14.56475,2026-07-18 13:52:00,35.375237,15.126973,76.28209680398172
589,2026-07-18T14:22:00.0000000+00:00,34.8654,14.57063333,2026-07-18 14:22:00,35.37189,15.130136,75.90417896235721
590,2026-07-18T14:52:00.0000000+00:00,34.86486667,14.57653333,2026-07-18 14:52:00,35.368725,15.133257,75.51833478269923
591,2026-07-18T15:22:00.0000000+00:00,34.86475,14.58331667,2026-07-18 15:22:00,35.36569,15.13647,75.06035371718667
592,2026-07-18T15:52:01.0000000+00:00,34.86425,14.59058333,2026-07-18 15:52:01,35.362732,15.139894,74.62402162452177
593,2026-07-18T16:22:25.0000000+00:00,34.86323333,14.59763333,2026-07-18 16:22:25,35.35979,15.143548,74.25918545025695
594,2026-07-18T16:52:31.0000000+00:00,34.86205,14.60485,2026-07-18 16:52:31,35.356808,15.147395,73.90647879898108
595,2026-07-18T17:22:00.0000000+00:00,34.86066667,14.61198333,2026-07-18 17:22:00,35.35373,15.15137,73.5751303294376
596,2026-07-18T17:52:01.0000000+00:00,34.85926667,14.6197,2026-07-18 17:52:01,35.35052,15.155386,73.20195344584594
597,2026-07-18T18:22:19.0000000+00:00,34.85748333,14.62768333,2026-07-18 18:22:19,35.347157,15.159379,72.83040202282196
598,2026-07-18T18:52:01.0000000+00:00,34.85498333,14.63573333,2026-07-18 18:52:01,35.343678,15.163329,72.50266181608902
599,2026-07-18T19:22:00.0000000+00:00,34.85178333,14.6438,2026-07-18 19:22:00,35.34009,15.167249,72.22245427298856
600,2026-07-18T19:52:01.0000000+00:00,34.84803333,14.6525,2026-07-18 19:52:01,35.336403,15.171174,71.94337652322187
601,2026-07-18T20:22:00.0000000+00:00,34.84378333,14.66088333,2026-07-18 20:22:00,35.332577,15.175178,71.7197092532025
602,2026-07-18T20:52:00.0000000+00:00,34.83896667,14.66925,2026-07-18 20:52:00,35.32858,15.179287,71.53859777694446
603,2026-07-18T21:22:00.0000000+00:00,34.83376667,14.67681667,2026-07-18 21:22:00,35.32439,15.183484,71.4275102054309
604,2026-07-18T21:52:00.0000000+00:00,34.82805,14.68398333,2026-07-18 21:52:00,35.32004,15.187657,71.37044795568978
605,2026-07-18T22:22:00.0000000+00:00,34.82145,14.69083333,2026-07-18 22:22:00,35.315575,15.191715,71.3919460073599
606,2026-07-18T22:52:00.0000000+00:00,34.81365,14.69711667,2026-07-18 22:52:00,35.311058,15.195558,71.5342368193463
607,2026-07-18T23:22:02.0000000+00:00,34.80571667,14.70243333,2026-07-18 23:22:02,35.30666,15.199113,71.73957165403522
608,2026-07-18T23:52:20.0000000+00:00,34.79806667,14.70746667,2026-07-18 23:52:20,35.30248,15.202316,71.93719119884376
609,2026-07-19T00:22:20.0000000+00:00,34.79013333,14.71138333,2026-07-19 00:22:20,35.298515,15.205141,72.22226809130974
610,2026-07-19T00:52:00.0000000+00:00,34.78241667,14.7146,2026-07-19 00:52:00,35.294777,15.207619,72.52922764964124
611,2026-07-19T01:22:00.0000000+00:00,34.77493333,14.71723333,2026-07-19 01:22:00,35.29127,15.209753,72.85081566177597
612,2026-07-19T01:52:31.0000000+00:00,34.76703333,14.71975,2026-07-19 01:52:31,35.28798,15.211574,73.21846362857188
613,2026-07-19T02:22:04.0000000+00:00,34.75898333,14.72146667,2026-07-19 02:22:04,35.28488,15.213124,73.64756224973591
614,2026-07-19T02:52:00.0000000+00:00,34.75078333,14.7233,2026-07-19 02:52:00,35.281956,15.214475,74.08958935684235
615,2026-07-19T03:22:00.0000000+00:00,34.74306667,14.72483333,2026-07-19 03:22:00,35.27919,15.215679,74.51286547132503
616,2026-07-19T03:52:00.0000000+00:00,34.73548333,14.72608333,2026-07-19 03:52:00,35.276573,15.216781,74.94878574857627
617,2026-07-19T04:22:00.0000000+00:00,34.72801667,14.72643333,2026-07-19 04:22:00,35.274124,15.217821,75.43631297127777
618,2026-07-19T04:52:00.0000000+00:00,34.72108333,14.72611667,2026-07-19 04:52:00,35.271862,15.2188425,75.92871060097814
619,2026-07-19T05:22:01.0000000+00:00,34.71465,14.72585,2026-07-19 05:22:01,35.26982,15.219888,76.3947818642894
620,2026-07-19T05:52:00.0000000+00:00,34.70846667,14.72541667,2026-07-19 05:52:00,35.268032,15.220985,76.87323710782397
621,2026-07-19T06:22:00.0000000+00:00,34.70248333,14.72428333,2026-07-19 06:22:00,35.266502,15.222181,77.40023504340525
622,2026-07-19T06:52:00.0000000+00:00,34.69716667,14.72296667,2026-07-19 06:52:00,35.265236,15.2235155,77.90770063082748
623,2026-07-19T07:22:01.0000000+00:00,34.6926,14.72065,2026-07-19 07:22:01,35.264217,15.225056,78.43396441446639
624,2026-07-19T07:52:31.0000000+00:00,34.68846667,14.71815,2026-07-19 07:52:31,35.263405,15.22688,78.96526405803702
625,2026-07-19T08:22:00.0000000+00:00,34.68496667,14.71561667,2026-07-19 08:22:00,35.26275,15.229064,79.47415529139617
626,2026-07-19T08:52:01.0000000+00:00,34.682,14.71298333,2026-07-19 08:52:01,35.262173,15.231668,79.97108042271799
627,2026-07-19T09:22:00.0000000+00:00,34.6803,14.7101,2026-07-19 09:22:00,35.261616,15.234735,80.39523403871142
628,2026-07-19T09:52:00.0000000+00:00,34.67941667,14.70735,2026-07-19 09:52:00,35.26101,15.238301,80.76349974193384
629,2026-07-19T10:22:00.0000000+00:00,34.67906667,14.70546667,2026-07-19 10:22:00,35.260303,15.242358,81.05743813200255
630,2026-07-19T10:52:00.0000000+00:00,34.67951667,14.70428333,2026-07-19 10:52:00,35.25947,15.24686,81.2581676530697
631,2026-07-19T11:22:00.0000000+00:00,34.6806,14.70406667,2026-07-19 11:22:00,35.258495,15.251741,81.36059505128713
632,2026-07-19T11:52:00.0000000+00:00,34.68278333,14.70563333,2026-07-19 11:52:00,35.257385,15.256923,81.27469910591155
633,2026-07-19T12:22:00.0000000+00:00,34.68493333,14.70805,2026-07-19 12:22:00,35.25617,15.262331,81.14997794943933
634,2026-07-19T12:52:00.0000000+00:00,34.68706667,14.71225,2026-07-19 12:52:00,35.254818,15.267917,80.92572608591178
635,2026-07-19T13:22:00.0000000+00:00,34.68866667,14.71801667,2026-07-19 13:22:00,35.25329,15.273645,80.65233811909529
636,2026-07-19T13:52:00.0000000+00:00,34.68928333,14.72533333,2026-07-19 13:52:00,35.251526,15.279468,80.3612296991183
637,2026-07-19T14:22:00.0000000+00:00,34.68921667,14.73333333,2026-07-19 14:22:00,35.249477,15.285322,80.06726408674459
638,2026-07-19T14:52:01.0000000+00:00,34.68871667,14.74195,2026-07-19 14:52:01,35.247097,15.291142,79.74514818345084
639,2026-07-19T15:22:01.0000000+00:00,34.68746667,14.75178333,2026-07-19 15:22:01,35.24436,15.296866,79.38252946472008
640,2026-07-19T15:52:01.0000000+00:00,34.685,14.76205,2026-07-19 15:52:01,35.241287,15.302447,79.06436079555363
641,2026-07-19T16:22:00.0000000+00:00,34.68086667,14.7729,2026-07-19 16:22:00,35.237877,15.307873,78.82212652889615
642,2026-07-19T16:52:00.0000000+00:00,34.67478333,14.78408333,2026-07-19 16:52:00,35.234154,15.3131485,78.69910658940394
643,2026-07-19T17:22:00.0000000+00:00,34.66783333,14.79455,2026-07-19 17:22:00,35.23015,15.318287,78.66441324234714
644,2026-07-19T17:52:00.0000000+00:00,34.66058333,14.80425,2026-07-19 17:52:00,35.225918,15.323309,78.67665548835751
645,2026-07-19T18:22:00.0000000+00:00,34.65288333,14.81345,2026-07-19 18:22:00,35.22158,15.328283,78.74765198663098
646,2026-07-19T18:52:00.0000000+00:00,34.64481667,14.8221,2026-07-19 18:52:00,35.217194,15.333212,78.87767684096885
647,2026-07-19T19:22:00.0000000+00:00,34.63623333,14.83013333,2026-07-19 19:22:00,35.212788,15.338072,79.08539610585994
648,2026-07-19T19:52:00.0000000+00:00,34.62701667,14.83723333,2026-07-19 19:52:00,35.208424,15.342834,79.40178041530316
649,2026-07-19T20:22:00.0000000+00:00,34.61773333,14.84375,2026-07-19 20:22:00,35.204113,15.347494,79.75727641883643
650,2026-07-19T20:52:00.0000000+00:00,34.60833333,14.84925,2026-07-19 20:52:00,35.199886,15.352061,80.18156199582185
651,2026-07-19T21:22:00.0000000+00:00,34.59903333,14.85358333,2026-07-19 21:22:00,35.195766,15.356563,80.66570386294589
652,2026-07-19T21:52:00.0000000+00:00,34.58985,14.85668333,2026-07-19 21:52:00,35.19178,15.36104,81.21504404572013
653,2026-07-19T22:22:00.0000000+00:00,34.5812,14.85925,2026-07-19 22:22:00,35.187935,15.3655405,81.75730446041842
654,2026-07-19T22:52:01.0000000+00:00,34.57253333,14.86063333,2026-07-19 22:52:01,35.18422,15.370105,82.37748773436846
655,2026-07-19T23:22:01.0000000+00:00,34.56461667,14.86155,2026-07-19 23:22:01,35.180546,15.374734,82.95985932172573
656,2026-07-19T23:52:00.0000000+00:00,34.557,14.86216667,2026-07-19 23:52:00,35.17687,15.379416,83.53255308408046
657,2026-07-20T00:22:00.0000000+00:00,34.55023333,14.86331667,2026-07-20 00:22:00,35.173138,15.384084,83.99432045846163
658,2026-07-20T00:52:00.0000000+00:00,34.54443333,14.86478333,2026-07-20 00:52:00,35.169315,15.388732,84.34127706849445
659,2026-07-20T01:22:01.0000000+00:00,34.54006667,14.86676667,2026-07-20 01:22:01,35.165367,15.393357,84.51786115814915
660,2026-07-20T01:52:01.0000000+00:00,34.53633333,14.86928333,2026-07-20 01:52:01,35.161274,15.397969,84.59532107939974
661,2026-07-20T02:22:00.0000000+00:00,34.53316667,14.8728,2026-07-20 02:22:00,35.15702,15.402589,84.55463703549344
662,2026-07-20T02:52:00.0000000+00:00,34.53038333,14.8767,2026-07-20 02:52:00,35.15261,15.407247,84.44727463452617
663,2026-07-20T03:22:00.0000000+00:00,34.52793333,14.88133333,2026-07-20 03:22:00,35.148033,15.411977,84.25993283091272
664,2026-07-20T03:52:00.0000000+00:00,34.525,14.88715,2026-07-20 03:52:00,35.143303,15.416809,84.04613014403547
665,2026-07-20T04:22:00.0000000+00:00,34.52233333,14.89325,2026-07-20 04:22:00,35.138493,15.421632,83.78519148850951
666,2026-07-20T04:52:00.0000000+00:00,34.5192,14.90073333,2026-07-20 04:52:00,35.13365,15.426437,83.49076030017525
667,2026-07-20T05:22:00.0000000+00:00,34.51593333,14.90826667,2026-07-20 05:22:00,35.1288,15.431303,83.20793379340148
668,2026-07-20T05:52:00.0000000+00:00,34.51268333,14.91621667,2026-07-20 05:52:00,35.123928,15.436286,82.9061043338042
669,2026-07-20T06:22:00.0000000+00:00,34.50975,14.92515,2026-07-20 06:22:00,35.11903,15.441424,82.53011519748016
670,2026-07-20T06:52:00.0000000+00:00,34.50653333,14.93446667,2026-07-20 06:52:00,35.114082,15.446763,82.1662280907639
671,2026-07-20T07:22:00.0000000+00:00,34.50355,14.94418333,2026-07-20 07:22:00,35.10906,15.452291,81.7634861746462
672,2026-07-20T07:52:00.0000000+00:00,34.501,14.95423333,2026-07-20 07:52:00,35.103928,15.457972,81.30236549789039
673,2026-07-20T08:22:00.0000000+00:00,34.49915,14.96511667,2026-07-20 08:22:00,35.098663,15.463783,80.72850858996085
674,2026-07-20T08:52:00.0000000+00:00,34.49773333,14.97681667,2026-07-20 08:52:00,35.093254,15.469725,80.06653952370642
675,2026-07-20T09:22:00.0000000+00:00,34.4961,14.9891,2026-07-20 09:22:00,35.08769,15.475763,79.38597421702198
676,2026-07-20T09:52:00.0000000+00:00,34.49426667,15.00123333,2026-07-20 09:52:00,35.08197,15.481881,78.72176168321519
677,2026-07-20T10:22:00.0000000+00:00,34.49161667,15.01348333,2026-07-20 10:22:00,35.076115,15.488067,78.11900268552264
678,2026-07-20T10:52:00.0000000+00:00,34.4891,15.0254,2026-07-20 10:52:00,35.07014,15.494325,77.51375603039592
679,2026-07-20T11:22:00.0000000+00:00,34.4863,15.03821667,2026-07-20 11:22:00,35.064075,15.500691,76.88741710575653
680,2026-07-20T11:52:00.0000000+00:00,34.48326667,15.05108333,2026-07-20 11:52:00,35.05795,15.507206,76.28310865343173
681,2026-07-20T12:22:00.0000000+00:00,34.47938333,15.06381667,2026-07-20 12:22:00,35.051796,15.513864,75.77090739492765
682,2026-07-20T12:52:00.0000000+00:00,34.47478333,15.07618333,2026-07-20 12:52:00,35.04558,15.520634,75.34483464462343
683,2026-07-20T13:22:00.0000000+00:00,34.46931667,15.08801667,2026-07-20 13:22:00,35.03928,15.527498,75.02436133916179
684,2026-07-20T13:52:00.0000000+00:00,34.46271667,15.09873333,2026-07-20 13:52:00,35.032883,15.534451,74.86175654432701
685,2026-07-20T14:22:25.0000000+00:00,34.45535,15.10861667,2026-07-20 14:22:25,35.026386,15.5414715,74.80667875508459
686,2026-07-20T14:52:00.0000000+00:00,34.44783333,15.11738333,2026-07-20 14:52:00,35.0198,15.548511,74.8128780359154
687,2026-07-20T15:22:00.0000000+00:00,34.43971667,15.12545,2026-07-20 15:22:00,35.013126,15.555476,74.89868716539483
688,2026-07-20T15:52:01.0000000+00:00,34.43196667,15.13293333,2026-07-20 15:52:01,35.00639,15.562358,74.96749564551077
689,2026-07-20T16:22:00.0000000+00:00,34.42496667,15.13963333,2026-07-20 16:22:00,34.99961,15.569118,74.99302771725384
690,2026-07-20T16:52:00.0000000+00:00,34.41836667,15.14538333,2026-07-20 16:52:00,34.992813,15.575714,75.01665576354608
691,2026-07-20T17:22:00.0000000+00:00,34.41253333,15.15,2026-07-20 17:22:00,34.986023,15.582091,75.01207776923732
692,2026-07-20T17:52:00.0000000+00:00,34.40751667,15.15368333,2026-07-20 17:52:00,34.979263,15.588193,74.96587647403922
693,2026-07-20T18:22:00.0000000+00:00,34.4034,15.15711667,2026-07-20 18:22:00,34.972553,15.593993,74.8380979547454
694,2026-07-20T18:52:00.0000000+00:00,34.40061667,15.1607,2026-07-20 18:52:00,34.96582,15.599442,74.56011420999519
695,2026-07-20T19:22:00.0000000+00:00,34.39846667,15.16405,2026-07-20 19:22:00,34.95902,15.604672,74.21890298172852
696,2026-07-20T19:52:00.0000000+00:00,34.39741667,15.16716667,2026-07-20 19:52:00,34.952118,15.609806,73.7754206869745
697,2026-07-20T20:22:00.0000000+00:00,34.39676667,15.17023333,2026-07-20 20:22:00,34.94509,15.614938,73.28945711067456
698,2026-07-20T20:52:00.0000000+00:00,34.39625,15.1734,2026-07-20 20:52:00,34.937893,15.62013,72.77730274116426
699,2026-07-20T21:22:00.0000000+00:00,34.39576667,15.17635,2026-07-20 21:22:00,34.9305,15.625386,72.2635286531936
700,2026-07-20T21:52:00.0000000+00:00,34.39543333,15.17905,2026-07-20 21:52:00,34.922894,15.630581,71.7318977658238
701,2026-07-20T22:22:00.0000000+00:00,34.39578333,15.18225,2026-07-20 22:22:00,34.915028,15.6355915,71.08459050430152
702,2026-07-20T22:52:00.0000000+00:00,34.39666667,15.18586667,2026-07-20 22:52:00,34.906822,15.640374,70.33010254777135
703,2026-07-20T23:22:00.0000000+00:00,34.39781667,15.19018333,2026-07-20 23:22:00,34.89818,15.644869,69.46567481402134
704,2026-07-20T23:52:00.0000000+00:00,34.39908333,15.19465,2026-07-20 23:52:00,34.88902,15.648988,68.52254363392208
705,2026-07-21T00:22:00.0000000+00:00,34.40123333,15.20003333,2026-07-21 00:22:00,34.879494,15.652414,67.38612406756093
706,2026-07-21T00:52:00.0000000+00:00,34.40383333,15.20516667,2026-07-21 00:52:00,34.869816,15.65484,66.16069377655906
707,2026-07-21T01:22:00.0000000+00:00,34.40693333,15.21078333,2026-07-21 01:22:00,34.860107,15.656099,64.80095787301448
708,2026-07-21T01:52:30.0000000+00:00,34.41028333,15.21708333,2026-07-21 01:52:30,34.850616,15.655984,63.32407933002064
709,2026-07-21T02:22:01.0000000+00:00,34.4131,15.22363333,2026-07-21 02:22:01,34.841812,15.654415,61.85527124159205
710,2026-07-21T02:52:00.0000000+00:00,34.41611667,15.23093333,2026-07-21 02:52:00,34.834015,15.651482,60.332685149942755
711,2026-07-21T03:22:00.0000000+00:00,34.41925,15.23835,2026-07-21 03:22:00,34.8273,15.647444,58.821546184765666
712,2026-07-21T03:52:00.0000000+00:00,34.42216667,15.2453,2026-07-21 03:52:00,34.821793,15.6424885,57.40652279608164
713,2026-07-21T04:22:00.0000000+00:00,34.42485,15.25238333,2026-07-21 04:22:00,34.817642,15.63673,56.07595410826455
714,2026-07-21T04:52:00.0000000+00:00,34.42716667,15.26005,2026-07-21 04:52:00,34.814877,15.630409,54.83719205334867
715,2026-07-21T05:22:00.0000000+00:00,34.42963333,15.26813333,2026-07-21 05:22:00,34.813473,15.623828,53.67486695420213
716,2026-07-21T05:52:00.0000000+00:00,34.43151667,15.27615,2026-07-21 05:52:00,34.813286,15.617502,52.70384636149653
717,2026-07-21T06:22:00.0000000+00:00,34.43286667,15.28498333,2026-07-21 06:22:00,34.814106,15.611887,51.88275818552639
718,2026-07-21T06:52:00.0000000+00:00,34.43448333,15.29405,2026-07-21 06:52:00,34.815807,15.607174,51.1736244133128
719,2026-07-21T07:22:00.0000000+00:00,34.4355,15.3032,2026-07-21 07:22:00,34.818245,15.603577,50.662229240386424
720,2026-07-21T07:52:00.0000000+00:00,34.43573333,15.31216667,2026-07-21 07:52:00,34.821236,15.601278,50.37102416779043
721,2026-07-21T08:22:00.0000000+00:00,34.43453333,15.32003333,2026-07-21 08:22:00,34.82461,15.600389,50.391882936173204
722,2026-07-21T08:52:00.0000000+00:00,34.43263333,15.32708333,2026-07-21 08:52:00,34.828224,15.600953,50.624083266772935
723,2026-07-21T09:22:00.0000000+00:00,34.43065,15.33351667,2026-07-21 09:22:00,34.831932,15.60299,50.97913494102608
724,2026-07-21T09:52:00.0000000+00:00,34.42856667,15.33863333,2026-07-21 09:52:00,34.835598,15.606537,51.47078605509845
725,2026-07-21T10:22:00.0000000+00:00,34.4265,15.3429,2026-07-21 10:22:00,34.839077,15.611597,52.048143573239905
726,2026-07-21T10:52:00.0000000+00:00,34.42391667,15.34633333,2026-07-21 10:52:00,34.84222,15.618131,52.74320677518464
727,2026-07-21T11:22:00.0000000+00:00,34.42171667,15.34803333,2026-07-21 11:22:00,34.844894,15.62605,53.489975920442454
728,2026-07-21T11:52:00.0000000+00:00,34.42076667,15.3493,2026-07-21 11:52:00,34.846962,15.635239,54.13201216466321
729,2026-07-21T12:22:00.0000000+00:00,34.42143333,15.35011667,2026-07-21 12:22:00,34.848267,15.645572,54.61954160687164
730,2026-07-21T12:52:00.0000000+00:00,34.42305,15.35021667,2026-07-21 12:52:00,34.84868,15.656866,55.01797570952048
731,2026-07-21T13:22:00.0000000+00:00,34.4251,15.35058333,2026-07-21 13:22:00,34.848083,15.668928,55.32088901005528
732,2026-07-21T13:52:00.0000000+00:00,34.42776667,15.35038333,2026-07-21 13:52:00,34.84632,15.681531,55.53288918299439
733,2026-07-21T14:22:03.0000000+00:00,34.43081667,15.35021667,2026-07-21 14:22:03,34.843212,15.694417,55.627544075223476
734,2026-07-21T14:52:00.0000000+00:00,34.43425,15.35028333,2026-07-21 14:52:00,34.838665,15.707414,55.58525432615955
735,2026-07-21T15:22:00.0000000+00:00,34.43846667,15.3511,2026-07-21 15:22:00,34.832623,15.720303,55.333999148329866
736,2026-07-21T15:52:00.0000000+00:00,34.44308333,15.35278333,2026-07-21 15:52:00,34.825073,15.732685,54.88369130380552
737,2026-07-21T16:22:00.0000000+00:00,34.44745,15.3554,2026-07-21 16:22:00,34.816097,15.744362,54.2841768640137
738,2026-07-21T16:52:00.0000000+00:00,34.45138333,15.35868333,2026-07-21 16:52:00,34.80581,15.755116,53.5615915351235
739,2026-07-21T17:22:00.0000000+00:00,34.4556,15.36206667,2026-07-21 17:22:00,34.79468,15.764356,52.69290483508795
740,2026-07-21T17:52:00.0000000+00:00,34.45948333,15.36511667,2026-07-21 17:52:00,34.782967,15.771853,51.759317558298264
741,2026-07-21T18:22:00.0000000+00:00,34.46308333,15.36761667,2026-07-21 18:22:00,34.770847,15.777523,50.775570341139
742,2026-07-21T18:52:00.0000000+00:00,34.46666667,15.37038333,2026-07-21 18:52:00,34.758636,15.781197,49.672984044107594
743,2026-07-21T19:22:00.0000000+00:00,34.47066667,15.37356667,2026-07-21 19:22:00,34.7468,15.782566,48.413273144260955
744,2026-07-21T19:52:01.0000000+00:00,34.47491667,15.37678333,2026-07-21 19:52:01,34.735565,15.7816515,47.0429688632867
745,2026-07-21T20:22:00.0000000+00:00,34.47955,15.37966667,2026-07-21 20:22:00,34.72512,15.77858,45.59224686942043
746,2026-07-21T20:52:00.0000000+00:00,34.48375,15.38221667,2026-07-21 20:52:00,34.71569,15.773823,44.157549321807934
747,2026-07-21T21:22:00.0000000+00:00,34.48768333,15.38461667,2026-07-21 21:22:00,34.707382,15.767781,42.741103387755416
748,2026-07-21T21:52:00.0000000+00:00,34.49148333,15.3873,2026-07-21 21:52:00,34.700222,15.760707,41.31527269708472
749,2026-07-21T22:22:00.0000000+00:00,34.49531667,15.39001667,2026-07-21 22:22:00,34.694202,15.752834,39.89978504792707
750,2026-07-21T22:52:00.0000000+00:00,34.49878333,15.3926,2026-07-21 22:52:00,34.689304,15.744427,38.54774801870548
751,2026-07-21T23:22:00.0000000+00:00,34.5018,15.39561667,2026-07-21 23:22:00,34.685566,15.735885,37.25116713045135
752,2026-07-21T23:52:00.0000000+00:00,34.50501667,15.3986,2026-07-21 23:52:00,34.682907,15.727556,36.0270106451586
753,2026-07-22T00:22:00.0000000+00:00,34.50843333,15.40116667,2026-07-22 00:22:00,34.68121,15.719653,34.913646115730565
754,2026-07-22T00:52:00.0000000+00:00,34.51235,15.40356667,2026-07-22 00:52:00,34.680347,15.712358,33.87976698032823
755,2026-07-22T01:22:00.0000000+00:00,34.51626667,15.40606667,2026-07-22 01:22:00,34.680225,15.705899,32.94749379164702
756,2026-07-22T01:52:00.0000000+00:00,34.51978333,15.40846667,2026-07-22 01:52:00,34.68074,15.700457,32.16465438424247
757,2026-07-22T02:22:00.0000000+00:00,34.5239,15.4111,2026-07-22 02:22:00,34.681767,15.696166,31.4463489716454
758,2026-07-22T02:52:00.0000000+00:00,34.5284,15.4141,2026-07-22 02:52:00,34.683163,15.693118,30.793503129919927
759,2026-07-22T03:22:00.0000000+00:00,34.5333,15.41773333,2026-07-22 03:22:00,34.68478,15.691372,30.180465784797384
760,2026-07-22T03:52:00.0000000+00:00,34.53821667,15.42203333,2026-07-22 03:52:00,34.68646,15.690956,29.62081303705832
761,2026-07-22T04:22:25.0000000+00:00,34.54261667,15.4279,2026-07-22 04:22:25,34.688046,15.691868,29.069133702028008
762,2026-07-22T04:52:00.0000000+00:00,34.54555,15.43351667,2026-07-22 04:52:00,34.689384,15.694075,28.71064610936217
763,2026-07-22T05:22:00.0000000+00:00,34.5482,15.43898333,2026-07-22 05:22:00,34.690323,15.697521,28.450855276064033
764,2026-07-22T05:52:21.0000000+00:00,34.54998333,15.444,2026-07-22 05:52:21,34.69074,15.702136,28.335724338679668
765,2026-07-22T06:22:00.0000000+00:00,34.55101667,15.44868333,2026-07-22 06:22:00,34.690514,15.707832,28.336090322629765
766,2026-07-22T06:52:25.0000000+00:00,34.55238333,15.45296667,2026-07-22 06:52:25,34.689552,15.714501,28.37896891359356
767,2026-07-22T07:22:00.0000000+00:00,34.55411667,15.45715,2026-07-22 07:22:00,34.68781,15.721967,28.428735721634258
768,2026-07-22T07:52:00.0000000+00:00,34.55603333,15.46161667,2026-07-22 07:52:00,34.685257,15.730016,28.454698882332774
769,2026-07-22T08:22:00.0000000+00:00,34.55763333,15.46655,2026-07-22 08:22:00,34.681908,15.738369,28.454127640314177
770,2026-07-22T08:52:00.0000000+00:00,34.55858333,15.47166667,2026-07-22 08:52:00,34.677837,15.74673,28.449891005419026
771,2026-07-22T09:22:00.0000000+00:00,34.55933333,15.4768,2026-07-22 09:22:00,34.673187,15.754807,28.416518226783058
772,2026-07-22T09:52:00.0000000+00:00,34.56018333,15.48198333,2026-07-22 09:52:00,34.66824,15.762459,28.340186684987152
773,2026-07-22T10:22:00.0000000+00:00,34.56081667,15.48696667,2026-07-22 10:22:00,34.663113,15.7696085,28.256638795983267
774,2026-07-22T10:52:00.0000000+00:00,34.56131667,15.49186667,2026-07-22 10:52:00,34.657864,15.776324,28.159661651007983
775,2026-07-22T11:22:00.0000000+00:00,34.56176667,15.49595,2026-07-22 11:22:00,34.652473,15.782734,28.117843775560228
776,2026-07-22T11:52:00.0000000+00:00,34.56223333,15.50005,2026-07-22 11:52:00,34.64689,15.789046,28.075069830559862
777,2026-07-22T12:22:00.0000000+00:00,34.56255,15.50376667,2026-07-22 12:22:00,34.64103,15.795398,28.08229965211301
778,2026-07-22T12:52:00.0000000+00:00,34.56328333,15.50683333,2026-07-22 12:52:00,34.63474,15.801816,28.144395231799997
779,2026-07-22T13:22:01.0000000+00:00,34.56433333,15.50945,2026-07-22 13:22:01,34.62793,15.808211,28.24599334485884
780,2026-07-22T13:52:00.0000000+00:00,34.56543333,15.51116667,2026-07-22 13:52:00,34.620544,15.814472,28.431675559406397
781,2026-07-22T14:22:00.0000000+00:00,34.56635,15.51288333,2026-07-22 14:22:00,34.612556,15.820506,28.624725621428528
782,2026-07-22T14:52:00.0000000+00:00,34.56748333,15.51448333,2026-07-22 14:52:00,34.603962,15.826192,28.821997205935737
783,2026-07-22T15:22:00.0000000+00:00,34.56843333,15.51645,2026-07-22 15:22:00,34.594776,15.831435,28.98496544422823
784,2026-07-22T15:52:00.0000000+00:00,34.56953333,15.51826667,2026-07-22 15:52:00,34.58507,15.836152,29.15479594244158
785,2026-07-22T16:22:00.0000000+00:00,34.57086667,15.51981667,2026-07-22 16:22:00,34.57496,15.840209,29.338160146768598
786,2026-07-22T16:52:00.0000000+00:00,34.57333333,15.52165,2026-07-22 16:52:00,34.564533,15.843469,29.482879927886486
787,2026-07-22T17:22:00.0000000+00:00,34.57623333,15.52348333,2026-07-22 17:22:00,34.553905,15.845784,29.616392199933976
788,2026-07-22T17:52:00.0000000+00:00,34.57951667,15.52516667,2026-07-22 17:52:00,34.543312,15.84701,29.745092498582377
789,2026-07-22T18:22:01.0000000+00:00,34.58265,15.52711667,2026-07-22 18:22:01,34.53289,15.847097,29.820087218198243
790,2026-07-22T18:52:25.0000000+00:00,34.58583333,15.5296,2026-07-22 18:52:25,34.522766,15.845984,29.810748522244587
791,2026-07-22T19:22:19.0000000+00:00,34.58886667,15.53221667,2026-07-22 19:22:19,34.513084,15.843694,29.744568191403147
792,2026-07-22T19:52:00.0000000+00:00,34.59195,15.5351,2026-07-22 19:52:00,34.504,15.8404,29.621897047379292
793,2026-07-22T20:22:01.0000000+00:00,34.59451667,15.53785,2026-07-22 20:22:01,34.49555,15.836317,29.468151969254237
794,2026-07-22T20:52:01.0000000+00:00,34.59616667,15.5402,2026-07-22 20:52:01,34.48772,15.831634,29.290632802474516
795,2026-07-22T21:22:00.0000000+00:00,34.59801667,15.54236667,2026-07-22 21:22:00,34.480537,15.826583,29.126607719805044
796,2026-07-22T21:52:03.0000000+00:00,34.59985,15.5448,2026-07-22 21:52:03,34.474022,15.821331,28.93709369153852
797,2026-07-22T22:22:00.0000000+00:00,34.60203333,15.5476,2026-07-22 22:22:00,34.468,15.816016,28.75143344942641
798,2026-07-22T22:52:31.0000000+00:00,34.60398333,15.55145,2026-07-22 22:52:31,34.462353,15.810624,28.48955345051819
799,2026-07-22T23:22:00.0000000+00:00,34.60536667,15.55491667,2026-07-22 23:22:00,34.456997,15.805114,28.239552960031805
800,2026-07-22T23:52:00.0000000+00:00,34.60646667,15.5584,2026-07-22 23:52:00,34.451893,15.799435,27.981382506497717
801,2026-07-23T00:22:00.0000000+00:00,34.60731667,15.56211667,2026-07-23 00:22:00,34.447117,15.793548,27.69119915807117
802,2026-07-23T00:52:00.0000000+00:00,34.6077,15.56621667,2026-07-23 00:52:00,34.443024,15.787487,27.316827970227074
803,2026-07-23T01:23:25.0000000+00:00,34.60848333,15.57043333,2026-07-23 01:23:25,34.439564,15.781483,26.956248682161842
804,2026-07-23T01:52:00.0000000+00:00,34.60886667,15.57446667,2026-07-23 01:52:00,34.436832,15.77574,26.5693918436386
805,2026-07-23T02:22:00.0000000+00:00,34.60878333,15.57833333,2026-07-23 02:22:00,34.434853,15.770471,26.15129234289079
806,2026-07-23T02:52:00.0000000+00:00,34.60833333,15.58163333,2026-07-23 02:52:00,34.4336,15.76585,25.736057747236934
807,2026-07-23T03:22:00.0000000+00:00,34.60716667,15.58331667,2026-07-23 03:22:00,34.432983,15.761994,25.3595644700961
808,2026-07-23T03:52:00.0000000+00:00,34.6061,15.58501667,2026-07-23 03:52:00,34.432884,15.758964,24.99914683484476
809,2026-07-23T04:22:00.0000000+00:00,34.60518333,15.58548333,2026-07-23 04:22:00,34.433155,15.75676,24.74146175887827
810,2026-07-23T04:52:00.0000000+00:00,34.60431667,15.58488333,2026-07-23 04:52:00,34.433636,15.75534,24.57792254212448
811,2026-07-23T05:22:19.0000000+00:00,34.604,15.5838,2026-07-23 05:22:19,34.434177,15.754589,24.523959854890197
812,2026-07-23T05:52:00.0000000+00:00,34.6041,15.58116667,2026-07-23 05:52:00,34.434658,15.75439,24.634314323298195
813,2026-07-23T06:22:00.0000000+00:00,34.60493333,15.57716667,2026-07-23 06:22:00,34.434986,15.754624,24.92848848734973
814,2026-07-23T06:52:01.0000000+00:00,34.60673333,15.5721,2026-07-23 06:52:01,34.435112,15.755206,25.408410294574928
815,2026-07-23T07:23:49.0000000+00:00,34.6095,15.56588333,2026-07-23 07:23:49,34.434975,15.756089,26.081572627960654
816,2026-07-23T07:52:00.0000000+00:00,34.61296667,15.56006667,2026-07-23 07:52:00,34.434532,15.757235,26.83169192782517
817,2026-07-23T08:22:22.0000000+00:00,34.61711667,15.55433333,2026-07-23 08:22:22,34.433746,15.758578,27.673943522982423
818,2026-07-23T08:52:00.0000000+00:00,34.62171667,15.54901667,2026-07-23 08:52:00,34.43262,15.760054,28.563574281974446
819,2026-07-23T09:22:00.0000000+00:00,34.62735,15.54328333,2026-07-23 09:22:00,34.43118,15.761648,29.596713072343793
820,2026-07-23T09:52:00.0000000+00:00,34.63381667,15.53795,2026-07-23 09:52:00,34.429394,15.763378,30.7102970616467
821,2026-07-23T10:22:00.0000000+00:00,34.64073333,15.53215,2026-07-23 10:22:00,34.42727,15.76526,31.92751697921027
822,2026-07-23T10:52:00.0000000+00:00,34.6477,15.52648333,2026-07-23 10:52:00,34.424805,15.767291,33.17859016171985
823,2026-07-23T11:22:00.0000000+00:00,34.65493333,15.52178333,2026-07-23 11:22:00,34.42201,15.769454,34.43037287103024
824,2026-07-23T11:52:00.0000000+00:00,34.66318333,15.51771667,2026-07-23 11:52:00,34.418903,15.771723,35.76421261436763
825,2026-07-23T12:22:00.0000000+00:00,34.67245,15.51521667,2026-07-23 12:22:00,34.415493,15.774064,37.127362929547786
826,2026-07-23T12:52:00.0000000+00:00,34.68223333,15.51373333,2026-07-23 12:52:00,34.41179,15.776452,38.51353733178228
827,2026-07-23T13:22:00.0000000+00:00,34.69265,15.51321667,2026-07-23 13:22:00,34.407776,15.778841,39.93993081108631
828,2026-07-23T13:52:00.0000000+00:00,34.70336667,15.51396667,2026-07-23 13:52:00,34.40345,15.78116,41.363257971015656
829,2026-07-23T14:22:00.0000000+00:00,34.71385,15.51655,2026-07-23 14:22:00,34.39881,15.783319,42.70798977974265
830,2026-07-23T14:52:00.0000000+00:00,34.72335,15.52045,2026-07-23 14:52:00,34.393856,15.78522,43.93432234408357
831,2026-07-23T15:22:00.0000000+00:00,34.7329,15.52483333,2026-07-23 15:22:00,34.38856,15.786726,45.17914531080736
832,2026-07-23T15:52:01.0000000+00:00,34.74218333,15.53031667,2026-07-23 15:52:01,34.382957,15.787762,46.381815080705294
833,2026-07-23T16:22:00.0000000+00:00,34.75056667,15.53655,2026-07-23 16:22:00,34.37713,15.7882805,47.49329390626231
834,2026-07-23T16:52:00.0000000+00:00,34.75818333,15.54343333,2026-07-23 16:52:00,34.371193,15.788252,48.52054108566721
835,2026-07-23T17:22:00.0000000+00:00,34.76475,15.55098333,2026-07-23 17:22:00,34.365257,15.787671,49.42660225912636
836,2026-07-23T17:52:00.0000000+00:00,34.77066667,15.5588,2026-07-23 17:52:00,34.359432,15.786553,50.258387839624426
837,2026-07-23T18:22:51.0000000+00:00,34.77633333,15.56765,2026-07-23 18:22:51,34.353806,15.784932,51.0219283174422
838,2026-07-23T18:52:00.0000000+00:00,34.78071667,15.57586667,2026-07-23 18:52:00,34.3484,15.782837,51.67234259788727
839,2026-07-23T19:22:00.0000000+00:00,34.78456667,15.58393333,2026-07-23 19:22:00,34.343204,15.780322,52.268053314407155
840,2026-07-23T19:52:24.0000000+00:00,34.78736667,15.59243333,2026-07-23 19:52:24,34.338238,15.777441,52.736150054690924
841,2026-07-23T20:22:01.0000000+00:00,34.78955,15.6007,2026-07-23 20:22:01,34.33352,15.774255,53.14031927752055
842,2026-07-23T20:52:00.0000000+00:00,34.79138333,15.60878333,2026-07-23 20:52:00,34.329082,15.770833,53.50467304793257
843,2026-07-23T21:22:00.0000000+00:00,34.79286667,15.61615,2026-07-23 21:22:00,34.32498,15.7672615,53.835153587083674
844,2026-07-23T21:52:00.0000000+00:00,34.79398333,15.62346667,2026-07-23 21:52:00,34.321274,15.763649,54.10779810368751
845,2026-07-23T22:22:00.0000000+00:00,34.79513333,15.6306,2026-07-23 22:22:00,34.31803,15.760133,54.36150570706295
846,2026-07-23T22:52:00.0000000+00:00,34.79591667,15.63813333,2026-07-23 22:52:00,34.31532,15.756871,54.535178920163744
847,2026-07-23T23:22:32.0000000+00:00,34.79608333,15.64563333,2026-07-23 23:22:32,34.313175,15.754032,54.60668850356906
848,2026-07-23T23:52:01.0000000+00:00,34.79593333,15.65268333,2026-07-23 23:52:01,34.31161,15.751772,54.61320281751203
849,2026-07-24T00:22:00.0000000+00:00,34.79533333,15.65985,2026-07-24 00:22:00,34.310577,15.750192,54.53361453864192
850,2026-07-24T00:52:00.0000000+00:00,34.79458333,15.66621667,2026-07-24 00:52:00,34.310043,15.74914,54.41114991269125
851,2026-07-24T01:22:01.0000000+00:00,34.7939,15.6715,2026-07-24 01:22:01,34.30989,15.748607,54.28060363546526
852,2026-07-24T01:52:00.0000000+00:00,34.79281667,15.67638333,2026-07-24 01:52:00,34.30997,15.748567,54.09557455408101
853,2026-07-24T02:22:00.0000000+00:00,34.79176667,15.6808,2026-07-24 02:22:00,34.310158,15.748991,53.91539037734377
854,2026-07-24T02:52:00.0000000+00:00,34.791,15.68511667,2026-07-24 02:52:00,34.31032,15.7498455,53.77674869914585
855,2026-07-24T03:22:00.0000000+00:00,34.79011667,15.68885,2026-07-24 03:22:00,34.31036,15.751018,53.649571584513666
856,2026-07-24T03:52:22.0000000+00:00,34.78928333,15.69235,2026-07-24 03:52:22,34.31015,15.752621,53.56229059534015
857,2026-07-24T04:22:00.0000000+00:00,34.78878333,15.69505,2026-07-24 04:22:00,34.309578,15.754662,53.564260061546406
858,2026-07-24T04:52:01.0000000+00:00,34.78866667,15.69771667,2026-07-24 04:52:01,34.308533,15.75705,53.66437383060499
859,2026-07-24T05:22:01.0000000+00:00,34.78838333,15.69981667,2026-07-24 05:22:01,34.306953,15.759736,53.81302290564262
860,2026-07-24T05:52:17.0000000+00:00,34.78866667,15.7019,2026-07-24 05:52:17,34.304813,15.762757,54.090012735159455
861,2026-07-24T06:22:31.0000000+00:00,34.78945,15.70418333,2026-07-24 06:22:31,34.302074,15.766045,54.48908579127042
862,2026-07-24T06:52:31.0000000+00:00,34.79033333,15.70568333,2026-07-24 06:52:31,34.298725,15.769547,54.97653669286667
863,2026-07-24T07:22:22.0000000+00:00,34.79165,15.70731667,2026-07-24 07:22:22,34.294765,15.77317,55.57926449406022
864,2026-07-24T07:52:00.0000000+00:00,34.79353333,15.70928333,2026-07-24 07:52:00,34.290237,15.776809,56.30467091956377
865,2026-07-24T08:22:00.0000000+00:00,34.79523333,15.71213333,2026-07-24 08:22:00,34.28518,15.780361,57.05864550835378
866,2026-07-24T08:52:31.0000000+00:00,34.79685,15.71546667,2026-07-24 08:52:31,34.279633,15.783746,57.850905865512345
867,2026-07-24T09:22:00.0000000+00:00,34.79826667,15.71855,2026-07-24 09:22:00,34.273632,15.786884,58.67142871035497
868,2026-07-24T09:52:00.0000000+00:00,34.80028333,15.72203333,2026-07-24 09:52:00,34.26707,15.789831,59.61505742063273
869,2026-07-24T10:22:01.0000000+00:00,34.80213333,15.7262,2026-07-24 10:22:01,34.259888,15.792658,60.601549622078466
870,2026-07-24T10:52:00.0000000+00:00,34.80398333,15.73025,2026-07-24 10:52:00,34.25215,15.795231,61.64888741213472
871,2026-07-24T11:22:00.0000000+00:00,34.80608333,15.73463333,2026-07-24 11:22:00,34.24389,15.797463,62.77772614242652
872,2026-07-24T11:52:01.0000000+00:00,34.8078,15.7397,2026-07-24 11:52:01,34.23513,15.799309,63.91158484478487
873,2026-07-24T12:22:00.0000000+00:00,34.80896667,15.74535,2026-07-24 12:22:00,34.225967,15.800701,65.02447673444946
874,2026-07-24T12:52:00.0000000+00:00,34.80956667,15.7519,2026-07-24 12:52:00,34.216618,15.801563,66.08969683938507
875,2026-07-24T13:22:01.0000000+00:00,34.8093,15.75875,2026-07-24 13:22:01,34.207264,15.801849,67.05971155491768
876,2026-07-24T13:52:31.0000000+00:00,34.80891667,15.76508333,2026-07-24 13:52:31,34.19805,15.801487,68.00710925333486
877,2026-07-24T14:22:00.0000000+00:00,34.80756667,15.77158333,2026-07-24 14:22:00,34.1891,15.800468,68.82135695146505
878,2026-07-24T14:52:00.0000000+00:00,34.80576667,15.77805,2026-07-24 14:52:00,34.180473,15.798811,69.5555396603546
879,2026-07-24T15:22:00.0000000+00:00,34.80328333,15.78325,2026-07-24 15:22:00,34.172077,15.796541,70.19734886476651
880,2026-07-24T15:52:00.0000000+00:00,34.80083333,15.7872,2026-07-24 15:52:00,34.16394,15.793678,70.82176490685376
881,2026-07-24T16:22:00.0000000+00:00,34.79881667,15.79,2026-07-24 16:22:00,34.156113,15.790248,71.46540349539028
882,2026-07-24T16:52:01.0000000+00:00,34.79663333,15.79188333,2026-07-24 16:52:01,34.14867,15.78628,72.05191055670166
883,2026-07-24T17:22:00.0000000+00:00,34.79431667,15.79318333,2026-07-24 17:22:00,34.141712,15.781829,72.57385700883604
884,2026-07-24T17:52:00.0000000+00:00,34.792,15.79373333,2026-07-24 17:52:00,34.135212,15.776945,73.0476537649631
885,2026-07-24T18:22:00.0000000+00:00,34.79005,15.79346667,2026-07-24 18:22:00,34.12922,15.77174,73.5080463398807
886,2026-07-24T18:52:00.0000000+00:00,34.78858333,15.79253333,2026-07-24 18:52:00,34.12382,15.766315,73.95741291136301
887,2026-07-24T19:22:01.0000000+00:00,34.78751667,15.78941667,2026-07-24 19:22:01,34.119106,15.760807,74.37005078670484
888,2026-07-24T19:52:00.0000000+00:00,34.78716667,15.78616667,2026-07-24 19:52:00,34.11509,15.755341,74.7848615644017
889,2026-07-24T20:22:00.0000000+00:00,34.78715,15.78268333,2026-07-24 20:22:00,34.111774,15.750037,75.15794056608067
890,2026-07-24T20:52:00.0000000+00:00,34.78758333,15.77848333,2026-07-24 20:52:00,34.109135,15.745028,75.5023773048422
891,2026-07-24T21:22:00.0000000+00:00,34.78838333,15.77393333,2026-07-24 21:22:00,34.107075,15.740425,75.82024914115689
892,2026-07-24T21:52:00.0000000+00:00,34.78993333,15.76926667,2026-07-24 21:52:00,34.105568,15.736255,76.1583505887377
893,2026-07-24T22:22:00.0000000+00:00,34.79231667,15.76371667,2026-07-24 22:22:00,34.10456,15.732541,76.52823283249991
894,2026-07-24T22:52:31.0000000+00:00,34.79578333,15.75835,2026-07-24 22:52:31,34.10398,15.729308,76.97093654547609
895,2026-07-24T23:22:01.0000000+00:00,34.80046667,15.75343333,2026-07-24 23:22:01,34.103756,15.726559,77.50986343179488
896,2026-07-24T23:52:19.0000000+00:00,34.80576667,15.7481,2026-07-24 23:52:19,34.103798,15.724292,78.0859758119445
897,2026-07-25T00:22:26.0000000+00:00,34.81136667,15.7434,2026-07-25 00:22:26,34.104004,15.722491,78.67872465990139
898,2026-07-25T00:52:31.0000000+00:00,34.81766667,15.73933333,2026-07-25 00:52:31,34.10421,15.721166,79.35021344709803
899,2026-07-25T01:22:25.0000000+00:00,34.82431667,15.73608333,2026-07-25 01:22:25,34.10433,15.720308,80.07232624923279
900,2026-07-25T01:52:00.0000000+00:00,34.83176667,15.73348333,2026-07-25 01:52:00,34.10428,15.719885,80.90258875494175
901,2026-07-25T02:22:00.0000000+00:00,34.83946667,15.73198333,2026-07-25 02:22:00,34.104004,15.719846,81.78751257871988
902,2026-07-25T02:52:00.0000000+00:00,34.8472,15.7313,2026-07-25 02:52:00,34.10345,15.7201185,82.70734007540922
903,2026-07-25T03:22:00.0000000+00:00,34.85458333,15.73123333,2026-07-25 03:22:00,34.10258,15.720627,83.62446469327512
904,2026-07-25T03:52:00.0000000+00:00,34.86176667,15.73186667,2026-07-25 03:52:00,34.10138,15.7213,84.55677855497399
905,2026-07-25T04:22:00.0000000+00:00,34.86873333,15.73276667,2026-07-25 04:22:00,34.099834,15.722065,85.50315993065307
906,2026-07-25T04:52:00.0000000+00:00,34.876,15.73501667,2026-07-25 04:52:00,34.097958,15.722859,86.52158168908093
907,2026-07-25T05:22:00.0000000+00:00,34.88276667,15.73865,2026-07-25 05:22:00,34.09576,15.723627,87.52183145689459
908,2026-07-25T05:52:00.0000000+00:00,34.88876667,15.743,2026-07-25 05:52:00,34.093273,15.724325,88.47155762941075
909,2026-07-25T06:22:01.0000000+00:00,34.89368333,15.74798333,2026-07-25 06:22:01,34.090508,15.724914,89.33394057910951
910,2026-07-25T06:52:01.0000000+00:00,34.89773333,15.75315,2026-07-25 06:52:01,34.08748,15.725364,90.1320704814985
911,2026-07-25T07:22:00.0000000+00:00,34.90121667,15.75891667,2026-07-25 07:22:00,34.084217,15.725647,90.89722432170039
912,2026-07-25T07:52:00.0000000+00:00,34.90423333,15.76473333,2026-07-25 07:52:00,34.08076,15.725741,91.63551156154087
913,2026-07-25T08:22:00.0000000+00:00,34.9069,15.77035,2026-07-25 08:22:00,34.07715,15.725631,92.35506949900243
914,2026-07-25T08:52:00.0000000+00:00,34.90963333,15.77695,2026-07-25 08:52:00,34.073437,15.725323,93.10111192837299
915,2026-07-25T09:22:25.0000000+00:00,34.91186667,15.78285,2026-07-25 09:22:25,34.06968,15.724841,93.79764142323756
916,2026-07-25T09:52:00.0000000+00:00,34.91355,15.78863333,2026-07-25 09:52:00,34.06596,15.724211,94.43232823731593
917,2026-07-25T10:22:00.0000000+00:00,34.91456667,15.7939,2026-07-25 10:22:00,34.062317,15.723437,94.98558840542091
918,2026-07-25T10:52:00.0000000+00:00,34.91488333,15.7988,2026-07-25 10:52:00,34.058815,15.722557,95.4467596280391
919,2026-07-25T11:22:00.0000000+00:00,34.91481667,15.80335,2026-07-25 11:22:00,34.05551,15.721659,95.84331999599588
920,2026-07-25T11:52:00.0000000+00:00,34.91421667,15.80728333,2026-07-25 11:52:00,34.05242,15.720847,96.15430103886452
921,2026-07-25T12:22:00.0000000+00:00,34.91328333,15.8109,2026-07-25 12:22:00,34.049538,15.720191,96.40328203814053
922,2026-07-25T12:52:00.0000000+00:00,34.91236667,15.81398333,2026-07-25 12:52:00,34.04681,15.719722,96.63260619506124
923,2026-07-25T13:22:00.0000000+00:00,34.91111667,15.81595,2026-07-25 13:22:00,34.04418,15.719437,96.80368388457234
924,2026-07-25T13:52:00.0000000+00:00,34.91011667,15.81786667,2026-07-25 13:52:00,34.04159,15.719315,96.99720919081021
925,2026-07-25T14:22:19.0000000+00:00,34.90873333,15.81905,2026-07-25 14:22:19,34.038986,15.719318,97.14268022738797
926,2026-07-25T14:52:20.0000000+00:00,34.90723333,15.81951667,2026-07-25 14:52:20,34.036312,15.7193985,97.27600352842191
927,2026-07-25T15:22:00.0000000+00:00,34.90595,15.81928333,2026-07-25 15:22:00,34.033524,15.719495,97.43961352631506
928,2026-07-25T15:52:00.0000000+00:00,34.90508333,15.81831667,2026-07-25 15:52:00,34.03059,15.719545,97.65975306090564
929,2026-07-25T16:22:01.0000000+00:00,34.90463333,15.81681667,2026-07-25 16:22:01,34.027493,15.719492,97.94072028601644
930,2026-07-25T16:52:00.0000000+00:00,34.90456667,15.81525,2026-07-25 16:52:00,34.024223,15.719288,98.28438662039463
931,2026-07-25T17:22:00.0000000+00:00,34.9051,15.81345,2026-07-25 17:22:00,34.0208,15.7189,98.71099218799569
932,2026-07-25T17:52:00.0000000+00:00,34.90636667,15.81173333,2026-07-25 17:52:00,34.01726,15.71829,99.23439532701752
933,2026-07-25T18:22:00.0000000+00:00,34.90856667,15.80976667,2026-07-25 18:22:00,34.01368,15.717402,99.86655927295536
934,2026-07-25T18:52:00.0000000+00:00,34.91118333,15.808,2026-07-25 18:52:00,34.010098,15.716265,100.54856231154204
935,2026-07-25T19:22:00.0000000+00:00,34.91441667,15.80603333,2026-07-25 19:22:00,34.00657,15.714903,101.29316918419917
936,2026-07-25T19:52:00.0000000+00:00,34.9181,15.80383333,2026-07-25 19:52:00,34.003117,15.713407,102.0787076903903
937,2026-07-25T20:22:00.0000000+00:00,34.92255,15.80128333,2026-07-25 20:22:00,33.99977,15.711827,102.93569974560316
938,2026-07-25T20:52:00.0000000+00:00,34.9276,15.79856667,2026-07-25 20:52:00,33.9966,15.710125,103.83944470772869
939,2026-07-25T21:22:00.0000000+00:00,34.93366667,15.79606667,2026-07-25 21:22:00,33.99366,15.70829,104.83325104841565
940,2026-07-25T21:52:00.0000000+00:00,34.94023333,15.79368333,2026-07-25 21:52:00,33.990997,15.70637,105.85338945207806
941,2026-07-25T22:22:25.0000000+00:00,34.94703333,15.79171667,2026-07-25 22:22:25,33.98865,15.704423,106.86735905472769
942,2026-07-25T22:52:00.0000000+00:00,34.95328333,15.79091667,2026-07-25 22:52:00,33.98665,15.702517,107.78987007683611
943,2026-07-25T23:22:00.0000000+00:00,34.9598,15.79125,2026-07-25 23:22:00,33.984997,15.700734,108.71035067742079
944,2026-07-25T23:52:00.0000000+00:00,34.96648333,15.79258333,2026-07-25 23:52:00,33.9837,15.699163,109.61569194783719
945,2026-07-26T00:22:00.0000000+00:00,34.97321667,15.79453333,2026-07-26 00:22:00,33.982735,15.6978855,110.49219696685034
946,2026-07-26T00:52:00.0000000+00:00,34.98036667,15.79733333,2026-07-26 00:52:00,33.982082,15.696935,111.38484979675272
947,2026-07-26T01:22:00.0000000+00:00,34.98771667,15.8001,2026-07-26 01:22:00,33.98171,15.6964,112.26616731537689
948,2026-07-26T01:52:01.0000000+00:00,34.99535,15.80301667,2026-07-26 01:52:01,33.981552,15.696342,113.15253031205859
949,2026-07-26T02:22:01.0000000+00:00,35.00321667,15.80678333,2026-07-26 02:22:01,33.981544,15.696828,114.05089991306149
950,2026-07-26T02:52:00.0000000+00:00,35.01071667,15.81111667,2026-07-26 02:52:00,33.98161,15.697897,114.90102285363307
951,2026-07-26T03:22:01.0000000+00:00,35.01783333,15.81596667,2026-07-26 03:22:01,33.98169,15.699565,115.70654442547506
952,2026-07-26T03:52:01.0000000+00:00,35.02456667,15.82186667,2026-07-26 03:52:01,33.981766,15.701825,116.47476383310782
953,2026-07-26T04:22:00.0000000+00:00,35.03068333,15.82856667,2026-07-26 04:22:00,33.98179,15.704637,117.18318119053167
954,2026-07-26T04:52:00.0000000+00:00,35.03656667,15.83555,2026-07-26 04:52:00,33.981747,15.707919,117.87235560592995
955,2026-07-26T05:22:00.0000000+00:00,35.0418,15.84278333,2026-07-26 05:22:00,33.98164,15.711548,118.49615592202952
956,2026-07-26T05:52:01.0000000+00:00,35.04661667,15.84986667,2026-07-26 05:52:01,33.981487,15.715356,119.07664472928954
957,2026-07-26T06:22:00.0000000+00:00,35.05061667,15.85735,2026-07-26 06:22:00,33.981304,15.719226,119.57360649102901
958,2026-07-26T06:52:01.0000000+00:00,35.05411667,15.86485,2026-07-26 06:52:01,33.981026,15.7231,120.02705044053087
959,2026-07-26T07:22:00.0000000+00:00,35.05728333,15.8724,2026-07-26 07:22:00,33.980625,15.726913,120.45863792513654
960,2026-07-26T07:52:06.0000000+00:00,35.05983333,15.87985,2026-07-26 07:52:06,33.98007,15.730618,120.84029925127787
961,2026-07-26T08:22:24.0000000+00:00,35.0621,15.88675,2026-07-26 08:22:24,33.97936,15.734169,121.20418681929058
962,2026-07-26T08:52:00.0000000+00:00,35.06408333,15.89316667,2026-07-26 08:52:00,33.978504,15.737549,121.5498709017377
963,2026-07-26T09:22:00.0000000+00:00,35.06611667,15.8992,2026-07-26 09:22:00,33.97762,15.740737,121.90284274488927
964,2026-07-26T09:52:00.0000000+00:00,35.06808333,15.90478333,2026-07-26 09:52:00,33.976803,15.743729,122.23850542261697
965,2026-07-26T10:22:00.0000000+00:00,35.07021667,15.90978333,2026-07-26 10:22:00,33.976036,15.746582,122.58262622626886
966,2026-07-26T10:52:00.0000000+00:00,35.07246667,15.91491667,2026-07-26 10:52:00,33.975243,15.749401,122.94434585901442
967,2026-07-26T11:22:00.0000000+00:00,35.07468333,15.92016667,2026-07-26 11:22:00,33.974396,15.752267,123.3094336674824
968,2026-07-26T11:52:19.0000000+00:00,35.07688333,15.92566667,2026-07-26 11:52:19,33.973473,15.755255,123.68270576985014
969,2026-07-26T12:22:00.0000000+00:00,35.07895,15.93061667,2026-07-26 12:22:00,33.972446,15.758408,124.0448920776287
970,2026-07-26T12:52:00.0000000+00:00,35.08138333,15.93475,2026-07-26 12:52:00,33.971313,15.761724,124.44782678741318
971,2026-07-26T13:22:00.0000000+00:00,35.084,15.93823333,2026-07-26 13:22:00,33.97006,15.765163,124.87515815361641
972,2026-07-26T13:52:01.0000000+00:00,35.0871,15.94053333,2026-07-26 13:52:01,33.96868,15.768665,125.35498612881071
973,2026-07-26T14:22:00.0000000+00:00,35.09078333,15.9424,2026-07-26 14:22:00,33.967175,15.77216,125.90925640144042
974,2026-07-26T14:52:00.0000000+00:00,35.09493333,15.9439,2026-07-26 14:52:00,33.96556,15.775563,126.52365012448168
975,2026-07-26T15:22:00.0000000+00:00,35.09966667,15.94506667,2026-07-26 15:22:00,33.96384,15.778806,127.21310325659029
976,2026-07-26T15:52:00.0000000+00:00,35.10518333,15.94648333,2026-07-26 15:52:00,33.96203,15.7817955,128.00486482149736
977,2026-07-26T16:22:00.0000000+00:00,35.11118333,15.94888333,2026-07-26 16:22:00,33.960083,15.784481,128.87928271386593
978,2026-07-26T16:52:00.0000000+00:00,35.11753333,15.95145,2026-07-26 16:52:00,33.958084,15.78683,129.8034678615914
979,2026-07-26T17:22:00.0000000+00:00,35.12375,15.95403333,2026-07-26 17:22:00,33.956078,15.788887,130.71738803639505
980,2026-07-26T17:52:00.0000000+00:00,35.13056667,15.95708333,2026-07-26 17:52:00,33.9542,15.790659,131.69123502133954
981,2026-07-26T18:22:00.0000000+00:00,35.13763333,15.96065,2026-07-26 18:22:00,33.95248,15.79213,132.68362660000156
982,2026-07-26T18:52:00.0000000+00:00,35.14426667,15.96443333,2026-07-26 18:52:00,33.951027,15.793319,133.60453525656393
983,2026-07-26T19:22:00.0000000+00:00,35.15108333,15.9693,2026-07-26 19:22:00,33.949852,15.79423,134.52967022372607
984,2026-07-26T19:52:01.0000000+00:00,35.15838333,15.9751,2026-07-26 19:52:01,33.948956,15.794887,135.49093383796736
985,2026-07-26T20:22:00.0000000+00:00,35.16548333,15.98118333,2026-07-26 20:22:00,33.948334,15.795308,136.4068201254939
986,2026-07-26T20:52:00.0000000+00:00,35.17265,15.98735,2026-07-26 20:52:00,33.94798,15.795523,137.30527836955005
987,2026-07-26T21:22:01.0000000+00:00,35.17948333,15.99361667,2026-07-26 21:22:01,33.947872,15.795576,138.1443941801277
988,2026-07-26T21:52:00.0000000+00:00,35.18578333,16.00046667,2026-07-26 21:52:00,33.947975,15.795494,138.91145318949074
989,2026-07-26T22:22:00.0000000+00:00,35.19173333,16.00785,2026-07-26 22:22:00,33.948277,15.795305,139.62873755506322
990,2026-07-26T22:52:00.0000000+00:00,35.19776667,16.01481667,2026-07-26 22:52:00,33.948803,15.795033,140.32858707269352
991,2026-07-26T23:22:00.0000000+00:00,35.20368333,16.02178333,2026-07-26 23:22:00,33.94953,15.794722,140.99623590111486
992,2026-07-26T23:52:32.0000000+00:00,35.20976667,16.02918333,2026-07-26 23:52:32,33.950417,15.794422,141.6731236991132
993,2026-07-27T00:22:00.0000000+00:00,35.21593333,16.03668333,2026-07-27 00:22:00,33.95146,15.794194,142.34450970041684
994,2026-07-27T00:52:00.0000000+00:00,35.22251667,16.04418333,2026-07-27 00:52:00,33.952705,15.79412,143.0398697532104
995,2026-07-27T01:22:00.0000000+00:00,35.22943333,16.05203333,2026-07-27 01:22:00,33.95419,15.794281,143.750032641828
996,2026-07-27T01:52:00.0000000+00:00,35.2357,16.05948333,2026-07-27 01:52:00,33.955933,15.794743,144.3518270270546
997,2026-07-27T02:22:00.0000000+00:00,35.2413,16.06723333,2026-07-27 02:22:00,33.957916,15.795547,144.85615759087733
998,2026-07-27T02:52:00.0000000+00:00,35.24665,16.0743,2026-07-27 02:52:00,33.96011,15.796714,145.29493555147366
999,2026-07-27T03:22:00.0000000+00:00,35.25196667,16.08031667,2026-07-27 03:22:00,33.96248,15.798237,145.69001715542691
1000,2026-07-27T03:52:00.0000000+00:00,35.2572,16.08605,2026-07-27 03:52:00,33.965,15.800088,146.0495762151525
1001,2026-07-27T04:22:31.0000000+00:00,35.26276667,16.09163333,2026-07-27 04:22:31,33.967632,15.802253,146.42689727820354
1002,2026-07-27T04:52:26.0000000+00:00,35.26773333,16.0966,2026-07-27 04:52:26,33.97038,15.804728,146.71050832099627
1003,2026-07-27T05:22:18.0000000+00:00,35.27205,16.10206667,2026-07-27 05:22:18,33.973248,15.8074875,146.91386404079995
1004,2026-07-27T05:52:00.0000000+00:00,35.27643333,16.1073,2026-07-27 05:52:00,33.97625,15.810531,147.10151282586594
1005,2026-07-27T06:22:00.0000000+00:00,35.28026667,16.11241667,2026-07-27 06:22:00,33.979378,15.813855,147.2086963332788
1006,2026-07-27T06:52:23.0000000+00:00,35.28418333,16.11698333,2026-07-27 06:52:23,33.982513,15.817464,147.310171142999
1007,2026-07-27T07:22:00.0000000+00:00,35.28768333,16.12105,2026-07-27 07:22:00,33.985588,15.821336,147.35985735003024
1008,2026-07-27T07:52:32.0000000+00:00,35.29115,16.12561667,2026-07-27 07:52:32,33.988472,15.825443,147.4309614343361
1009,2026-07-27T08:22:00.0000000+00:00,35.2948,16.12981667,2026-07-27 08:22:00,33.99107,15.829697,147.54506570655536
1010,2026-07-27T08:52:00.0000000+00:00,35.29956667,16.13378333,2026-07-27 08:52:00,33.99332,15.833998,147.81407013585624
1011,2026-07-27T09:22:00.0000000+00:00,35.30416667,16.13796667,2026-07-27 09:22:00,33.995285,15.838199,148.10126955597494
1012,2026-07-27T09:52:00.0000000+00:00,35.3083,16.14216667,2026-07-27 09:52:00,33.99699,15.842157,148.3706049555536
1013,2026-07-27T10:22:01.0000000+00:00,35.31273333,16.14713333,2026-07-27 10:22:01,33.99858,15.845783,148.70367776327072
1014,2026-07-27T10:52:00.0000000+00:00,35.31726667,16.15263333,2026-07-27 10:52:00,33.99987,15.8490715,149.0957076910235
1015,2026-07-27T11:22:00.0000000+00:00,35.3216,16.15793333,2026-07-27 11:22:00,34.00083,15.851953,149.50501803112928
1016,2026-07-27T11:52:00.0000000+00:00,35.32586667,16.16328333,2026-07-27 11:52:00,34.00149,15.854382,149.9490160564892
1017,2026-07-27T12:22:19.0000000+00:00,35.33,16.16893333,2026-07-27 12:22:19,34.001884,15.856335,150.4212570924821
1018,2026-07-27T12:52:00.0000000+00:00,35.33413333,16.17416667,2026-07-27 12:52:00,34.002098,15.857766,150.9151587884694
1019,2026-07-27T13:22:00.0000000+00:00,35.33838333,16.1795,2026-07-27 13:22:00,34.00222,15.858667,151.44379229703534
1020,2026-07-27T13:52:00.0000000+00:00,35.3431,16.18475,2026-07-27 13:52:00,34.00232,15.859049,152.03398575483806
1021,2026-07-27T14:22:00.0000000+00:00,35.34798333,16.18946667,2026-07-27 14:22:00,34.00245,15.858933,152.63906084586054
1022,2026-07-27T14:52:19.0000000+00:00,35.35286667,16.19388333,2026-07-27 14:52:19,34.00267,15.858336,153.23807661078422
1023,2026-07-27T15:22:30.0000000+00:00,35.35736667,16.19908333,2026-07-27 15:22:30,34.003033,15.8572855,153.80386469109715
1024,2026-07-27T15:52:00.0000000+00:00,35.36201667,16.20368333,2026-07-27 15:52:00,34.00357,15.855816,154.364584012026
1025,2026-07-27T16:22:19.0000000+00:00,35.3671,16.20833333,2026-07-27 16:22:19,34.00412,15.853989,154.9803888366517
1026,2026-07-27T16:52:00.0000000+00:00,35.37205,16.21285,2026-07-27 16:52:00,34.004787,15.851822,155.5745251003442
1027,2026-07-27T17:22:00.0000000+00:00,35.3771,16.21738333,2026-07-27 17:22:00,34.00569,15.849343,156.16159307633694
1028,2026-07-27T17:52:00.0000000+00:00,35.38186667,16.2221,2026-07-27 17:52:00,34.006794,15.846671,156.70572185385072
1029,2026-07-27T18:22:00.0000000+00:00,35.38705,16.22681667,2026-07-27 18:22:00,34.0081,15.843812,157.2789868202916
1030,2026-07-27T18:52:00.0000000+00:00,35.39246667,16.23133333,2026-07-27 18:52:00,34.00968,15.840789,157.8489381886707
1031,2026-07-27T19:22:00.0000000+00:00,35.39771667,16.23556667,2026-07-27 19:22:00,34.01153,15.837679,158.36956450145357
1032,2026-07-27T19:52:04.0000000+00:00,35.39928333,16.24111667,2026-07-27 19:52:04,34.013645,15.8345375,158.49455752335973
1033,2026-07-27T20:22:25.0000000+00:00,35.39825,16.24716667,2026-07-27 20:22:25,34.016033,15.831425,158.32371076498995
1034,2026-07-27T20:52:01.0000000+00:00,35.39653333,16.25293333,2026-07-27 20:52:01,34.018684,15.828394,158.04784625779146
1035,2026-07-27T21:22:00.0000000+00:00,35.39425,16.25811667,2026-07-27 21:22:00,34.021584,15.825493,157.6729254608363
1036,2026-07-27T21:52:00.0000000+00:00,35.39205,16.26288333,2026-07-27 21:52:00,34.024693,15.822786,157.27456913259502
1037,2026-07-27T22:22:00.0000000+00:00,35.38971667,16.26703333,2026-07-27 22:22:00,34.02799,15.820344,156.82529146957552
1038,2026-07-27T22:52:31.0000000+00:00,35.38796667,16.27025,2026-07-27 22:52:31,34.03142,15.818225,156.39702891133356
1039,2026-07-27T23:22:00.0000000+00:00,35.38678333,16.27236667,2026-07-27 23:22:00,34.034966,15.816497,155.98336568314062
1040,2026-07-27T23:52:00.0000000+00:00,35.38538333,16.2745,2026-07-27 23:52:00,34.038548,15.815226,155.53307995207595
1041,2026-07-28T00:22:00.0000000+00:00,35.38446667,16.27603333,2026-07-28 00:22:00,34.04213,15.814455,155.10842013903772
1042,2026-07-28T00:52:00.0000000+00:00,35.38416667,16.27728333,2026-07-28 00:52:00,34.04573,15.814148,154.7298584015942
1043,2026-07-28T01:22:25.0000000+00:00,35.38418333,16.27771667,2026-07-28 01:22:25,34.04924,15.814317,154.36257574791657
1044,2026-07-28T01:52:01.0000000+00:00,35.38495,16.27771667,2026-07-28 01:52:01,34.052532,15.814934,154.07675094874165
1045,2026-07-28T02:22:00.0000000+00:00,35.38603333,16.27811667,2026-07-28 02:22:00,34.055508,15.815946,153.85892738987357
1046,2026-07-28T02:52:00.0000000+00:00,35.38775,16.27831667,2026-07-28 02:52:00,34.058064,15.817263,153.7410098986027
1047,2026-07-28T03:22:00.0000000+00:00,35.38926667,16.27816667,2026-07-28 03:22:00,34.060158,15.818786,153.6369066326305
1048,2026-07-28T03:52:50.0000000+00:00,35.39091667,16.27715,2026-07-28 03:52:50,34.061726,15.820378,153.5805127549133
1049,2026-07-28T04:22:01.0000000+00:00,35.39286667,16.27566667,2026-07-28 04:22:01,34.062725,15.821892,153.6080881425647
1050,2026-07-28T04:52:00.0000000+00:00,35.39508333,16.27386667,2026-07-28 04:52:00,34.06315,15.823177,153.72416377197217
1051,2026-07-28T05:22:01.0000000+00:00,35.39733333,16.27225,2026-07-28 05:22:01,34.063007,15.824094,153.9183184680929
1052,2026-07-28T05:52:19.0000000+00:00,35.39961667,16.27126667,2026-07-28 05:52:19,34.062336,15.824514,154.2010908625296
1053,2026-07-28T06:22:00.0000000+00:00,35.40183333,16.27001667,2026-07-28 06:22:00,34.06121,15.824342,154.5332339151077
1054,2026-07-28T06:52:00.0000000+00:00,35.40486667,16.26843333,2026-07-28 06:52:00,34.059788,15.823507,154.99331120904333
1055,2026-07-28T07:22:01.0000000+00:00,35.40858333,16.26713333,2026-07-28 07:22:01,34.058216,15.821925,155.5673698514623
1056,2026-07-28T07:52:00.0000000+00:00,35.4126,16.26583333,2026-07-28 07:52:00,34.056633,15.819601,156.19285325854185
1057,2026-07-28T08:22:01.0000000+00:00,35.41766667,16.26441667,2026-07-28 08:22:01,34.055145,15.816602,156.93366731982513
1058,2026-07-28T08:52:00.0000000+00:00,35.42335,16.26358333,2026-07-28 08:52:00,34.053844,15.812976,157.74970967035395
1059,2026-07-28T09:22:00.0000000+00:00,35.4292,16.26351667,2026-07-28 09:22:00,34.052822,15.808771,158.58568645614943
1060,2026-07-28T09:52:00.0000000+00:00,35.43508333,16.26353333,2026-07-28 09:52:00,34.052383,15.803879,159.3816768568532
1061,2026-07-28T10:22:00.0000000+00:00,35.44085,16.26391667,2026-07-28 10:22:00,34.0526,15.798457,160.1165071733705
1062,2026-07-28T10:52:00.0000000+00:00,35.4465,16.26446667,2026-07-28 10:52:00,34.053432,15.792661,160.78728098192462
1063,2026-07-28T11:22:00.0000000+00:00,35.4522,16.26561667,2026-07-28 11:22:00,34.054905,15.786578,161.41762587194418
1064,2026-07-28T11:52:00.0000000+00:00,35.45766667,16.26751667,2026-07-28 11:52:00,34.057064,15.780282,161.97499869456834
1065,2026-07-28T12:22:00.0000000+00:00,35.46285,16.27063333,2026-07-28 12:22:00,34.0599,15.773853,162.46687466463257
1066,2026-07-28T12:52:03.0000000+00:00,35.46695,16.27498333,2026-07-28 12:52:03,34.063225,15.767386,162.82751977576908
1067,2026-07-28T13:22:00.0000000+00:00,35.46903333,16.2799,2026-07-28 13:22:00,34.0669,15.760995,162.9552122356278
1068,2026-07-28T13:52:00.0000000+00:00,35.4709,16.28305,2026-07-28 13:52:00,34.07081,15.754812,162.9876199649602
1069,2026-07-28T14:22:24.0000000+00:00,35.47246667,16.28756667,2026-07-28 14:22:24,34.07488,15.748948,163.0047868451211
1070,2026-07-28T14:52:00.0000000+00:00,35.47288333,16.292,2026-07-28 14:52:00,34.079044,15.743564,162.8803891445499
1071,2026-07-28T15:22:24.0000000+00:00,35.47211667,16.29628333,2026-07-28 15:22:24,34.082756,15.739359,162.64706800089752
1072,2026-07-28T15:52:19.0000000+00:00,35.47085,16.29881667,2026-07-28 15:52:19,34.085953,15.736393,162.33377870128865
1073,2026-07-28T16:22:55.0000000+00:00,35.4698,16.30033333,2026-07-28 16:22:55,34.089046,15.734088,162.00754403400117
1074,2026-07-28T16:52:25.0000000+00:00,35.46856667,16.3018,2026-07-28 16:52:25,34.091953,15.732424,161.66298537615268
1075,2026-07-28T17:22:00.0000000+00:00,35.46646667,16.30311667,2026-07-28 17:22:00,34.09459,15.731327,161.23557335471193
1076,2026-07-28T17:52:19.0000000+00:00,35.46365,16.30408333,2026-07-28 17:52:19,34.09687,15.730706,160.74661444349317
1077,2026-07-28T18:22:25.0000000+00:00,35.46095,16.30481667,2026-07-28 18:22:25,34.09871,15.730498,160.29790378104082
1078,2026-07-28T18:52:00.0000000+00:00,35.45851667,16.30496667,2026-07-28 18:52:00,34.100136,15.730521,159.89617933265453
1079,2026-07-28T19:22:00.0000000+00:00,35.45605,16.30423333,2026-07-28 19:22:00,34.101162,15.730642,159.50402305770143
1080,2026-07-28T19:52:00.0000000+00:00,35.45376667,16.30251667,2026-07-28 19:52:00,34.101795,15.730755,159.14281307721393
1081,2026-07-28T20:22:19.0000000+00:00,35.45161667,16.30003333,2026-07-28 20:22:19,34.102047,15.730743,158.81698540630993
1082,2026-07-28T20:52:00.0000000+00:00,35.44975,16.29648333,2026-07-28 20:52:00,34.10194,15.730544,158.53218112816202
1083,2026-07-28T21:22:00.0000000+00:00,35.4478,16.29241667,2026-07-28 21:22:00,34.10173,15.729834,158.2495416981512
1084,2026-07-28T21:52:00.0000000+00:00,35.44656667,16.28771667,2026-07-28 21:52:00,34.101414,15.728627,158.04999632100365
1085,2026-07-28T22:22:01.0000000+00:00,35.44563333,16.28241667,2026-07-28 22:22:01,34.100777,15.727238,157.90374386354355
1086,2026-07-28T22:52:00.0000000+00:00,35.4452,16.27695,2026-07-28 22:52:00,34.099842,15.72568,157.84252931736737
1087,2026-07-28T23:22:02.0000000+00:00,35.44505,16.27135,2026-07-28 23:22:02,34.09862,15.72398,157.84254456371264
1088,2026-07-28T23:52:00.0000000+00:00,35.44523333,16.26613333,2026-07-28 23:52:00,34.097095,15.7221775,157.92430561955862
1089,2026-07-29T00:22:01.0000000+00:00,35.44578333,16.26103333,2026-07-29 00:22:01,34.09538,15.720224,158.07370860189556
1090,2026-07-29T00:52:00.0000000+00:00,35.44711667,16.2553,2026-07-29 00:52:00,34.093994,15.717947,158.26287252173447
1091,2026-07-29T01:22:00.0000000+00:00,35.44926667,16.2497,2026-07-29 01:22:00,34.09303,15.715402,158.5057864390562
1092,2026-07-29T01:52:00.0000000+00:00,35.4525,16.24401667,2026-07-29 01:52:00,34.09249,15.712649,158.82274382063474
1093,2026-07-29T02:22:00.0000000+00:00,35.45625,16.23856667,2026-07-29 02:22:00,34.09239,15.709744,159.15964937184154
1094,2026-07-29T02:52:00.0000000+00:00,35.46038333,16.23351667,2026-07-29 02:52:00,34.092693,15.706734,159.50838974947908
1095,2026-07-29T03:22:00.0000000+00:00,35.46488333,16.2289,2026-07-29 03:22:00,34.09335,15.703651,159.87344031894156
1096,2026-07-29T03:52:00.0000000+00:00,35.46896667,16.22511667,2026-07-29 03:52:00,34.09433,15.700476,160.18559524559535
1097,2026-07-29T04:22:01.0000000+00:00,35.47338333,16.22208333,2026-07-29 04:22:01,34.095604,15.697229,160.52439897224988
1098,2026-07-29T04:52:03.0000000+00:00,35.47868333,16.21918333,2026-07-29 04:52:03,34.097134,15.693933,160.93474722309043
1099,2026-07-29T05:22:01.0000000+00:00,35.48471667,16.21666667,2026-07-29 05:22:01,34.09889,15.690617,161.40991050215862
1100,2026-07-29T05:52:00.0000000+00:00,35.4906,16.21473333,2026-07-29 05:52:00,34.100853,15.6873045,161.86280298500725
1101,2026-07-29T06:22:00.0000000+00:00,35.49611667,16.21333333,2026-07-29 06:22:00,34.103046,15.683977,162.26735844648718
1102,2026-07-29T06:52:23.0000000+00:00,35.50151667,16.21255,2026-07-29 06:52:23,34.105465,15.680742,162.64994704736958
1103,2026-07-29T07:22:31.0000000+00:00,35.50735,16.2124,2026-07-29 07:22:31,34.108105,15.677669,163.0678442199269
1104,2026-07-29T07:52:19.0000000+00:00,35.5129,16.21298333,2026-07-29 07:52:19,34.110966,15.674804,163.44662738225963
1105,2026-07-29T08:22:00.0000000+00:00,35.51803333,16.21335,2026-07-29 08:22:00,34.11405,15.672144,163.74605168665877
1106,2026-07-29T08:52:01.0000000+00:00,35.52296667,16.21375,2026-07-29 08:52:01,34.117355,15.669744,163.99544550969435
1107,2026-07-29T09:22:00.0000000+00:00,35.52758333,16.2141,2026-07-29 09:22:00,34.120846,15.6676445,164.1818410440448
1108,2026-07-29T09:52:00.0000000+00:00,35.53206667,16.21471667,2026-07-29 09:52:00,34.12448,15.665898,164.33637235871944
1109,2026-07-29T10:22:00.0000000+00:00,35.53606667,16.21591667,2026-07-29 10:22:00,34.12827,15.66447,164.4314103390081
1110,2026-07-29T10:52:00.0000000+00:00,35.53983333,16.21675,2026-07-29 10:52:00,34.132286,15.663183,164.463623325055
1111,2026-07-29T11:22:00.0000000+00:00,35.54355,16.21793333,2026-07-29 11:22:00,34.136623,15.662032,164.4627865719584
1112,2026-07-29T11:52:00.0000000+00:00,35.54645,16.21926667,2026-07-29 11:52:00,34.141155,15.661135,164.35242923969457
1113,2026-07-29T12:22:01.0000000+00:00,35.54935,16.22056667,2026-07-29 12:22:01,34.14583,15.660515,164.21887509968408
1114,2026-07-29T12:52:00.0000000+00:00,35.55178333,16.22146667,2026-07-29 12:52:00,34.15055,15.660246,164.00948546583393
1115,2026-07-29T13:22:00.0000000+00:00,35.55381667,16.22218333,2026-07-29 13:22:00,34.155285,15.660459,163.73800846471195
1116,2026-07-29T13:52:00.0000000+00:00,35.55565,16.22295,2026-07-29 13:52:00,34.15994,15.661244,163.43890559141582
1117,2026-07-29T14:22:03.0000000+00:00,35.55661667,16.22355,2026-07-29 14:22:03,34.164436,15.662657,163.04232197339067
1118,2026-07-29T14:52:00.0000000+00:00,35.55706667,16.22365,2026-07-29 14:52:00,34.168705,15.664733,162.58209779840732
1119,2026-07-29T15:22:08.0000000+00:00,35.55725,16.22298333,2026-07-29 15:22:08,34.17266,15.667481,162.08590204924408
1120,2026-07-29T15:52:22.0000000+00:00,35.55718333,16.22116667,2026-07-29 15:52:22,34.176224,15.670892,161.55315591703615
1121,2026-07-29T16:22:31.0000000+00:00,35.55611667,16.21908333,2026-07-29 16:22:31,34.179337,15.674888,160.9395450680191
1122,2026-07-29T16:52:01.0000000+00:00,35.55515,16.21701667,2026-07-29 16:52:01,34.181957,15.679346,160.37672327445202
1123,2026-07-29T17:22:01.0000000+00:00,35.55438333,16.21466667,2026-07-29 17:22:01,34.184063,15.684137,159.87433717576303
1124,2026-07-29T17:52:00.0000000+00:00,35.55341667,16.21178333,2026-07-29 17:52:00,34.185604,15.689136,159.39210061795632
1125,2026-07-29T18:22:00.0000000+00:00,35.5531,16.20848333,2026-07-29 18:22:00,34.186592,15.694211,159.02630890717523
1126,2026-07-29T18:52:00.0000000+00:00,35.55273333,16.20508333,2026-07-29 18:52:00,34.187027,15.699239,158.71601147813774
1127,2026-07-29T19:22:00.0000000+00:00,35.5526,16.20116667,2026-07-29 19:22:00,34.18688,15.704079,158.48708686159875
1128,2026-07-29T19:52:00.0000000+00:00,35.55318333,16.19688333,2026-07-29 19:52:00,34.186123,15.708595,158.402420589962
1129,2026-07-29T20:22:00.0000000+00:00,35.55393333,16.19268333,2026-07-29 20:22:00,34.184883,15.712703,158.40360080785553
1130,2026-07-29T20:52:19.0000000+00:00,35.5553,16.18768333,2026-07-29 20:52:19,34.183243,15.716349,158.5091039836386
1131,2026-07-29T21:22:00.0000000+00:00,35.55648333,16.18275,2026-07-29 21:22:00,34.18127,15.719518,158.64824128727244
1132,2026-07-29T21:52:00.0000000+00:00,35.55705,16.17721667,2026-07-29 21:52:00,34.178997,15.7221775,158.75583315314105
1133,2026-07-29T22:22:00.0000000+00:00,35.55778333,16.17165,2026-07-29 22:22:00,34.176483,15.724295,158.92298961909918
1134,2026-07-29T22:52:00.0000000+00:00,35.55883333,16.16588333,2026-07-29 22:52:00,34.17381,15.725845,159.15364674281992
1135,2026-07-29T23:22:25.0000000+00:00,35.55958333,16.1605,2026-07-29 23:22:25,34.171062,15.72682,159.38532270696066
1136,2026-07-29T23:52:00.0000000+00:00,35.56025,16.15476667,2026-07-29 23:52:00,34.16833,15.727229,159.61331735865093
1137,2026-07-30T00:22:00.0000000+00:00,35.56146667,16.14848333,2026-07-30 00:22:00,34.165707,15.727111,159.8916513495328
1138,2026-07-30T00:52:00.0000000+00:00,35.56285,16.14241667,2026-07-30 00:52:00,34.163273,15.72649,160.1854186815521
1139,2026-07-30T01:22:00.0000000+00:00,35.56441667,16.13646667,2026-07-30 01:22:00,34.161102,15.725425,160.48428489695695
1140,2026-07-30T01:52:01.0000000+00:00,35.56673333,16.1306,2026-07-30 01:52:01,34.15922,15.724019,160.84385754134053
1141,2026-07-30T02:22:01.0000000+00:00,35.56966667,16.12496667,2026-07-30 02:22:01,34.157673,15.722385,161.24509297145184
1142,2026-07-30T02:52:00.0000000+00:00,35.57281667,16.12005,2026-07-30 02:52:00,34.156487,15.720636,161.6493631272748
1143,2026-07-30T03:22:01.0000000+00:00,35.57638333,16.11563333,2026-07-30 03:22:01,34.15567,15.718856,162.0701963633013
1144,2026-07-30T03:52:00.0000000+00:00,35.58043333,16.11206667,2026-07-30 03:52:00,34.15522,15.71709,162.5213721674725
1145,2026-07-30T04:22:00.0000000+00:00,35.58408333,16.10958333,2026-07-30 04:22:00,34.155083,15.7153635,162.916540346554
1146,2026-07-30T04:52:00.0000000+00:00,35.58728333,16.10753333,2026-07-30 04:52:00,34.155266,15.713665,163.2363877036839
1147,2026-07-30T05:22:17.0000000+00:00,35.58986667,16.10548333,2026-07-30 05:22:17,34.15577,15.711969,163.4548994250438
1148,2026-07-30T05:52:00.0000000+00:00,35.5925,16.10373333,2026-07-30 05:52:00,34.156574,15.710225,163.65284116334277
1149,2026-07-30T06:22:00.0000000+00:00,35.59491667,16.10263333,2026-07-30 06:22:00,34.15767,15.708399,163.81047118104533
1150,2026-07-30T06:53:01.0000000+00:00,35.59713333,16.10226667,2026-07-30 06:53:01,34.159027,15.706505,163.93430489247893
1151,2026-07-30T07:22:01.0000000+00:00,35.59905,16.10203333,2026-07-30 07:22:01,34.160645,15.704574,164.00061307001855
1152,2026-07-30T07:52:00.0000000+00:00,35.60095,16.10236667,2026-07-30 07:52:00,34.162533,15.702645,164.0473835682535
1153,2026-07-30T08:22:00.0000000+00:00,35.6021,16.10288333,2026-07-30 08:22:00,34.16471,15.700772,163.98429643562218
1154,2026-07-30T08:52:00.0000000+00:00,35.6029,16.10388333,2026-07-30 08:52:00,34.167175,15.699014,163.86050557940953
1155,2026-07-30T09:22:00.0000000+00:00,35.60336667,16.10468333,2026-07-30 09:22:00,34.169956,15.697363,163.66035410729248
1156,2026-07-30T09:52:00.0000000+00:00,35.6031,16.10505,2026-07-30 09:52:00,34.173084,15.695875,163.3311411185183
1157,2026-07-30T10:22:00.0000000+00:00,35.60185,16.10521667,2026-07-30 10:22:00,34.17661,15.69465,162.84301826215238
1158,2026-07-30T10:52:00.0000000+00:00,35.5996,16.10418333,2026-07-30 10:52:00,34.18046,15.6938505,162.17772893116356
1159,2026-07-30T11:22:00.0000000+00:00,35.59691667,16.10295,2026-07-30 11:22:00,34.18458,15.693589,161.4212969614642
1160,2026-07-30T11:52:00.0000000+00:00,35.59418333,16.10068333,2026-07-30 11:52:00,34.18891,15.693933,160.60202624285066
1161,2026-07-30T12:22:00.0000000+00:00,35.59165,16.09746667,2026-07-30 12:22:00,34.19339,15.694873,159.75600904466668
1162,2026-07-30T12:52:00.0000000+00:00,35.58903333,16.09373333,2026-07-30 12:52:00,34.197895,15.696365,158.8759944095921
1163,2026-07-30T13:22:03.0000000+00:00,35.5864,16.08946667,2026-07-30 13:22:03,34.202347,15.698359,157.97892690170505
1164,2026-07-30T13:52:19.0000000+00:00,35.58391667,16.08393333,2026-07-30 13:52:19,34.206673,15.700804,157.07777201458626
1165,2026-07-30T14:22:55.0000000+00:00,35.5819,16.07806667,2026-07-30 14:22:55,34.210823,15.703648,156.23374924564138
1166,2026-07-30T14:52:00.0000000+00:00,35.57908333,16.07228333,2026-07-30 14:52:00,34.214733,15.706848,155.32604214623208
1167,2026-07-30T15:22:32.0000000+00:00,35.57608333,16.06536667,2026-07-30 15:22:32,34.218346,15.710364,154.40559753714828
1168,2026-07-30T15:52:00.0000000+00:00,35.5742,16.05905,2026-07-30 15:52:00,34.221554,15.714201,153.66000600002843
1169,2026-07-30T16:22:00.0000000+00:00,35.57196667,16.05248333,2026-07-30 16:22:00,34.224266,15.718324,152.92460486636875
1170,2026-07-30T16:52:17.0000000+00:00,35.57053333,16.04648333,2026-07-30 16:52:17,34.226395,15.722672,152.3504748192288
1171,2026-07-30T17:22:00.0000000+00:00,35.57021667,16.04083333,2026-07-30 17:22:00,34.227863,15.727164,151.9789110577381
1172,2026-07-30T17:52:00.0000000+00:00,35.57075,16.0359,2026-07-30 17:52:00,34.228615,15.7317,151.79489427325225
1173,2026-07-30T18:22:01.0000000+00:00,35.57121667,16.03213333,2026-07-30 18:22:01,34.22861,15.736162,151.71098095441806
1174,2026-07-30T18:52:00.0000000+00:00,35.57181667,16.02858333,2026-07-30 18:52:00,34.227844,15.740453,151.73526691005034
1175,2026-07-30T19:22:00.0000000+00:00,35.57206667,16.02563333,2026-07-30 19:22:00,34.22632,15.744477,151.82115777079593
1176,2026-07-30T19:52:01.0000000+00:00,35.57266667,16.02303333,2026-07-30 19:52:01,34.22405,15.748147,152.04018414680462
1177,2026-07-30T20:22:01.0000000+00:00,35.57268333,16.02075,2026-07-30 20:22:01,34.22108,15.751371,152.28575005007107
1178,2026-07-30T20:52:00.0000000+00:00,35.57223333,16.01893333,2026-07-30 20:52:00,34.21749,15.754054,152.56485003427755
1179,2026-07-30T21:22:00.0000000+00:00,35.5713,16.01751667,2026-07-30 21:22:00,34.213364,15.756107,152.86613387221698
1180,2026-07-30T21:52:01.0000000+00:00,35.57015,16.01656667,2026-07-30 21:52:01,34.20881,15.757436,153.20814705515664
1181,2026-07-30T22:22:00.0000000+00:00,35.56906667,16.01641667,2026-07-30 22:22:00,34.20393,15.757969,153.61548460286437
1182,2026-07-30T22:52:00.0000000+00:00,35.5682,16.01706667,2026-07-30 22:52:00,34.198826,15.757657,154.09484782560568
1183,2026-07-30T23:22:00.0000000+00:00,35.56733333,16.01806667,2026-07-30 23:22:00,34.1936,15.756462,154.60464063032356
1184,2026-07-30T23:52:00.0000000+00:00,35.5658,16.01948333,2026-07-30 23:52:00,34.188347,15.75436,155.06312513090117
1185,2026-07-31T00:22:00.0000000+00:00,35.56413333,16.02093333,2026-07-31 00:22:00,34.1832,15.751411,155.50843781114023
1186,2026-07-31T00:52:00.0000000+00:00,35.56198333,16.023,2026-07-31 00:52:00,34.17857,15.747785,155.86381198554722
1187,2026-07-31T01:22:02.0000000+00:00,35.55938333,16.0256,2026-07-31 01:22:02,34.174606,15.7434435,156.11693871367478
1188,2026-07-31T01:52:01.0000000+00:00,35.55608333,16.02826667,2026-07-31 01:52:01,34.171406,15.738544,156.22143286547256
1189,2026-07-31T02:22:19.0000000+00:00,35.55253333,16.03061667,2026-07-31 02:22:19,34.169018,15.73326,156.21359467511735
1190,2026-07-31T02:52:00.0000000+00:00,35.54883333,16.03283333,2026-07-31 02:52:00,34.16749,15.727802,156.09945445852998
1191,2026-07-31T03:22:00.0000000+00:00,35.54451667,16.0346,2026-07-31 03:22:00,34.16682,15.72237,155.81929881590594
1192,2026-07-31T03:52:00.0000000+00:00,35.53985,16.03613333,2026-07-31 03:52:00,34.166992,15.717183,155.40394052649972
1193,2026-07-31T04:22:00.0000000+00:00,35.53458333,16.03706667,2026-07-31 04:22:00,34.167995,15.712467,154.8173414740615
1194,2026-07-31T04:52:00.0000000+00:00,35.52926667,16.03781667,2026-07-31 04:52:00,34.169743,15.708387,154.131803496953
1195,2026-07-31T05:22:00.0000000+00:00,35.52453333,16.03848333,2026-07-31 05:22:00,34.172115,15.70503,153.42929009929716
1196,2026-07-31T05:52:00.0000000+00:00,35.51951667,16.03865,2026-07-31 05:52:00,34.174934,15.702496,152.6249981895977
1197,2026-07-31T06:22:00.0000000+00:00,35.51443333,16.03881667,2026-07-31 06:22:00,34.178055,15.700812,151.76570102586246
1198,2026-07-31T06:52:00.0000000+00:00,35.5094,16.03851667,2026-07-31 06:52:00,34.181343,15.699977,150.8698182541793
1199,2026-07-31T07:22:00.0000000+00:00,35.50426667,16.03798333,2026-07-31 07:22:00,34.184677,15.699989,149.9382922122587
1200,2026-07-31T07:52:00.0000000+00:00,35.4996,16.03731667,2026-07-31 07:52:00,34.187943,15.700838,149.04683168217116
1201,2026-07-31T08:22:00.0000000+00:00,35.4956,16.03633333,2026-07-31 08:22:00,34.191025,15.70249,148.22653856081513
1202,2026-07-31T08:52:00.0000000+00:00,35.4916,16.03591667,2026-07-31 08:52:00,34.193787,15.704884,147.43837282378144
1203,2026-07-31T09:22:00.0000000+00:00,35.48768333,16.0359,2026-07-31 09:22:00,34.196114,15.707972,146.7006666454704
1204,2026-07-31T09:52:00.0000000+00:00,35.48368333,16.0363,2026-07-31 09:52:00,34.1978,15.711711,146.0196103022099
1205,2026-07-31T10:22:01.0000000+00:00,35.47923333,16.03706667,2026-07-31 10:22:01,34.198727,15.716038,145.3686645763952
1206,2026-07-31T10:52:00.0000000+00:00,35.47433333,16.0382,2026-07-31 10:52:00,34.198853,15.720877,144.75340402087986
1207,2026-07-31T11:22:00.0000000+00:00,35.4691,16.0388,2026-07-31 11:22:00,34.198086,15.726138,144.18242044405804
1208,2026-07-31T11:52:00.0000000+00:00,35.46353333,16.03871667,2026-07-31 11:52:00,34.196404,15.731712,143.65749795246327
1209,2026-07-31T12:22:00.0000000+00:00,35.45798333,16.03835,2026-07-31 12:22:00,34.193817,15.737458,143.2267936500904
1210,2026-07-31T12:52:00.0000000+00:00,35.45225,16.03733333,2026-07-31 12:52:00,34.190308,15.743195,142.86702763998375
1211,2026-07-31T13:22:00.0000000+00:00,35.44638333,16.03621667,2026-07-31 13:22:00,34.185894,15.748766,142.59529819758836
1212,2026-07-31T13:52:00.0000000+00:00,35.44011667,16.03496667,2026-07-31 13:52:00,34.180683,15.753949,142.37291871037417
1213,2026-07-31T14:22:00.0000000+00:00,35.43435,16.03313333,2026-07-31 14:22:00,34.17486,15.758591,142.2744227170896
1214,2026-07-31T14:52:00.0000000+00:00,35.42891667,16.03083333,2026-07-31 14:52:00,34.168545,15.762652,142.2700591023161
1215,2026-07-31T15:22:17.0000000+00:00,35.42385,16.028,2026-07-31 15:22:17,34.161915,15.766109,142.3438529974578
1216,2026-07-31T15:52:01.0000000+00:00,35.41895,16.0253,2026-07-31 15:52:01,34.15511,15.7689295,142.46938659283904
1217,2026-07-31T16:22:01.0000000+00:00,35.41426667,16.02251667,2026-07-31 16:22:01,34.148235,15.771068,142.6369628540011
1218,2026-07-31T16:52:00.0000000+00:00,35.41016667,16.0195,2026-07-31 16:52:00,34.141457,15.772493,142.86658719498593
1219,2026-07-31T17:22:00.0000000+00:00,35.40635,16.01665,2026-07-31 17:22:00,34.135006,15.773164,143.10574744916084
1220,2026-07-31T17:52:00.0000000+00:00,35.40298333,16.0143,2026-07-31 17:52:00,34.12888,15.773035,143.3774381816451
1221,2026-07-31T18:22:00.0000000+00:00,35.39946667,16.01235,2026-07-31 18:22:00,34.123142,15.772152,143.60670195916566
1222,2026-07-31T18:52:00.0000000+00:00,35.39656667,16.00998333,2026-07-31 18:52:00,34.11784,15.77053,143.86065142725462
1223,2026-07-31T19:22:00.0000000+00:00,35.39411667,16.00808333,2026-07-31 19:22:00,34.11304,15.768247,144.12418960650706
1224,2026-07-31T19:52:00.0000000+00:00,35.39168333,16.00635,2026-07-31 19:52:00,34.10874,15.765396,144.3449564818305
1225,2026-07-31T20:22:00.0000000+00:00,35.38951667,16.00496667,2026-07-31 20:22:00,34.104935,15.762062,144.55269979763204
1226,2026-07-31T20:52:00.0000000+00:00,35.38721667,16.00386667,2026-07-31 20:52:00,34.101604,15.758347,144.7028118925509
1227,2026-07-31T21:22:25.0000000+00:00,35.38455,16.00321667,2026-07-31 21:22:25,34.0987,15.7543545,144.776517722262
1228,2026-07-31T21:52:20.0000000+00:00,35.38188333,16.00265,2026-07-31 21:52:20,34.096214,15.750207,144.80856643359357
1229,2026-07-31T22:22:00.0000000+00:00,35.37945,16.00281667,2026-07-31 22:22:00,34.094147,15.746032,144.83247068188166
1230,2026-07-31T22:52:00.0000000+00:00,35.37755,16.00293333,2026-07-31 22:52:00,34.0925,15.742001,144.8665914726397
1231,2026-07-31T23:22:00.0000000+00:00,35.37568333,16.00378333,2026-07-31 23:22:00,34.09126,15.738249,144.86772864625047
1232,2026-07-31T23:52:17.0000000+00:00,35.37408333,16.00495,2026-07-31 23:52:17,34.090416,15.734867,144.85508227599686
1233,2026-08-01T00:22:00.0000000+00:00,35.37255,16.00601667,2026-08-01 00:22:00,34.089954,15.731932,144.8004491580696
1234,2026-08-01T00:52:00.0000000+00:00,35.3709,16.00728333,2026-08-01 00:52:00,34.089817,15.729453,144.69479733262642
1235,2026-08-01T01:22:00.0000000+00:00,35.36908333,16.00841667,2026-08-01 01:22:00,34.08996,15.727479,144.53044153694688
1236,2026-08-01T01:52:00.0000000+00:00,35.36673333,16.00945,2026-08-01 01:52:00,34.090324,15.726021,144.27406899639803
1237,2026-08-01T02:22:01.0000000+00:00,35.3643,16.0107,2026-08-01 02:22:01,34.09086,15.7250805,143.98583825943726
1238,2026-08-01T02:52:00.0000000+00:00,35.36188333,16.0123,2026-08-01 02:52:00,34.091507,15.72465,143.68447762468426
1239,2026-08-01T03:22:00.0000000+00:00,35.35963333,16.01325,2026-08-01 03:22:00,34.09222,15.724714,143.37542580773066
1240,2026-08-01T03:52:01.0000000+00:00,35.35755,16.01411667,2026-08-01 03:52:01,34.092953,15.725247,143.07314917878307
1241,2026-08-01T04:22:00.0000000+00:00,35.35578333,16.01598333,2026-08-01 04:22:00,34.09367,15.726221,142.8168567109707
1242,2026-08-01T04:52:00.0000000+00:00,35.35411667,16.0186,2026-08-01 04:52:00,34.09437,15.727606,142.57924090669914
1243,2026-08-01T05:22:00.0000000+00:00,35.35246667,16.0214,2026-08-01 05:22:00,34.095043,15.729379,142.34307796420313
1244,2026-08-01T05:52:17.0000000+00:00,35.3501,16.02515,2026-08-01 05:52:17,34.09568,15.731518,142.04303082475022
1245,2026-08-01T06:22:00.0000000+00:00,35.34691667,16.02893333,2026-08-01 06:22:00,34.096287,15.734008,141.65158113528022
1246,2026-08-01T06:52:31.0000000+00:00,35.34295,16.03311667,2026-08-01 06:52:31,34.096867,15.7368555,141.1787102278592
1247,2026-08-01T07:22:00.0000000+00:00,35.33868333,16.03766667,2026-08-01 07:22:00,34.097412,15.740066,140.67760731467249
1248,2026-08-01T07:52:00.0000000+00:00,35.33381667,16.04208333,2026-08-01 07:52:00,34.0979,15.743631,140.1087082106679
1249,2026-08-01T08:22:00.0000000+00:00,35.32893333,16.0461,2026-08-01 08:22:00,34.098286,15.747522,139.5364370205882
1250,2026-08-01T08:52:00.0000000+00:00,35.3241,16.04961667,2026-08-01 08:52:00,34.098534,15.751691,138.97070287675638
1251,2026-08-01T09:22:00.0000000+00:00,35.3189,16.05261667,2026-08-01 09:22:00,34.09861,15.756087,138.37065388746595
1252,2026-08-01T09:52:00.0000000+00:00,35.3129,16.05475,2026-08-01 09:52:00,34.09849,15.760654,137.68608289771348
1253,2026-08-01T10:22:01.0000000+00:00,35.30655,16.05573333,2026-08-01 10:22:01,34.098156,15.765359,136.96403540476848
1254,2026-08-01T10:52:19.0000000+00:00,35.29983333,16.0562,2026-08-01 10:52:19,34.09757,15.770166,136.2189924702218
1255,2026-08-01T11:22:25.0000000+00:00,35.29323333,16.05645,2026-08-01 11:22:25,34.096653,15.775046,135.5179257915295
1256,2026-08-01T11:52:00.0000000+00:00,35.28715,16.05533333,2026-08-01 11:52:00,34.095352,15.779976,134.89184371115417
1257,2026-08-01T12:22:00.0000000+00:00,35.2817,16.05318333,2026-08-01 12:22:00,34.093647,15.784941,134.36260185110683
1258,2026-08-01T12:52:00.0000000+00:00,35.27708333,16.05098333,2026-08-01 12:52:00,34.09153,15.789918,133.9710739645893
1259,2026-08-01T13:22:01.0000000+00:00,35.27351667,16.04906667,2026-08-01 13:22:01,34.088966,15.794881,133.7508812931134
1260,2026-08-01T13:52:19.0000000+00:00,35.27068333,16.04798333,2026-08-01 13:52:19,34.085953,15.799815,133.67608741329659
1261,2026-08-01T14:22:00.0000000+00:00,35.26863333,16.04728333,2026-08-01 14:22:00,34.082504,15.804676,133.74428278445015
1262,2026-08-01T14:52:00.0000000+00:00,35.26658333,16.0472,2026-08-01 14:52:00,34.07868,15.809403,133.86686848552603
1263,2026-08-01T15:22:00.0000000+00:00,35.26515,16.04721667,2026-08-01 15:22:00,34.074547,15.813928,134.09693510580826
1264,2026-08-01T15:52:00.0000000+00:00,35.26408333,16.04778333,2026-08-01 15:52:00,34.0702,15.818173,134.40385014018423
1265,2026-08-01T16:22:00.0000000+00:00,35.26343333,16.04901667,2026-08-01 16:22:00,34.065796,15.822061,134.7788484721847
1266,2026-08-01T16:52:00.0000000+00:00,35.26298333,16.05076667,2026-08-01 16:52:00,34.061462,15.825515,135.18181632088184
1267,2026-08-01T17:22:00.0000000+00:00,35.26283333,16.05293333,2026-08-01 17:22:00,34.057354,15.8284235,135.60661495934747
1268,2026-08-01T17:52:00.0000000+00:00,35.26278333,16.05573333,2026-08-01 17:52:00,34.05349,15.830668,136.03380698332023
1269,2026-08-01T18:22:00.0000000+00:00,35.26215,16.05975,2026-08-01 18:22:00,34.049877,15.832271,136.39491791251052
1270,2026-08-01T18:52:01.0000000+00:00,35.2621,16.06396667,2026-08-01 18:52:01,34.04658,15.833286,136.7965058013025
1271,2026-08-01T19:22:00.0000000+00:00,35.26123333,16.06916667,2026-08-01 19:22:00,34.04368,15.83382,137.08667100257566
1272,2026-08-01T19:52:01.0000000+00:00,35.26065,16.07478333,2026-08-01 19:52:01,34.041187,15.833984,137.37515832313014
1273,2026-08-01T20:22:00.0000000+00:00,35.25968333,16.08133333,2026-08-01 20:22:00,34.039124,15.8338995,137.59440275025378
1274,2026-08-01T20:52:00.0000000+00:00,35.25853333,16.08801667,2026-08-01 20:52:00,34.037506,15.833687,137.75064127806561
1275,2026-08-01T21:22:20.0000000+00:00,35.2575,16.09468333,2026-08-01 21:22:20,34.03634,15.8334465,137.87355326135585
1276,2026-08-01T21:52:00.0000000+00:00,35.25648333,16.10168333,2026-08-01 21:52:00,34.035618,15.833256,137.95670395104355
1277,2026-08-01T22:22:00.0000000+00:00,35.25563333,16.11008333,2026-08-01 22:22:00,34.035297,15.83317,138.03920449174444
1278,2026-08-01T22:52:00.0000000+00:00,35.2546,16.11885,2026-08-01 22:52:00,34.03534,15.833233,138.07024360275412
1279,2026-08-01T23:22:00.0000000+00:00,35.25308333,16.12773333,2026-08-01 23:22:00,34.035683,15.833472,138.01906033660975
1280,2026-08-01T23:52:00.0000000+00:00,35.25105,16.13678333,2026-08-01 23:52:00,34.036255,15.833932,137.89086779210467
1281,2026-08-02T00:22:01.0000000+00:00,35.24935,16.14596667,2026-08-02 00:22:01,34.03698,15.834645,137.78458088622563
1282,2026-08-02T00:52:00.0000000+00:00,35.24768333,16.1548,2026-08-02 00:52:00,34.037827,15.835643,137.6613673783353
1283,2026-08-02T01:22:00.0000000+00:00,35.24628333,16.16383333,2026-08-02 01:22:00,34.03876,15.836975,137.55936712710303
1284,2026-08-02T01:52:01.0000000+00:00,35.24548333,16.17371667,2026-08-02 01:52:01,34.03976,15.8386755,137.5288065950073
1285,2026-08-02T02:22:00.0000000+00:00,35.24481667,16.1831,2026-08-02 02:22:00,34.040802,15.840764,137.49407941663583
1286,2026-08-02T02:52:00.0000000+00:00,35.24431667,16.19173333,2026-08-02 02:52:00,34.041874,15.843238,137.4533981389856
1287,2026-08-02T03:22:00.0000000+00:00,35.24411667,16.19956667,2026-08-02 03:22:00,34.042957,15.846075,137.42147927047586
1288,2026-08-02T03:52:00.0000000+00:00,35.24396667,16.20733333,2026-08-02 03:52:00,34.04402,15.849235,137.38996330808456
1289,2026-08-02T04:22:00.0000000+00:00,35.2443,16.215,2026-08-02 04:22:00,34.045055,15.852672,137.407328853126
1290,2026-08-02T04:52:00.0000000+00:00,35.24503333,16.22265,2026-08-02 04:52:00,34.046062,15.85635,137.46577359363698
1291,2026-08-02T05:22:00.0000000+00:00,35.24633333,16.2306,2026-08-02 05:22:00,34.04704,15.860244,137.59138478601173
1292,2026-08-02T05:52:00.0000000+00:00,35.24841667,16.23775,2026-08-02 05:52:00,34.04799,15.86433,137.782650993123
1293,2026-08-02T06:22:01.0000000+00:00,35.25131667,16.24451667,2026-08-02 06:22:01,34.0489,15.868606,138.05321172413272
1294,2026-08-02T06:52:00.0000000+00:00,35.25491667,16.2514,2026-08-02 06:52:00,34.049778,15.873073,138.40126447767895
1295,2026-08-02T07:22:00.0000000+00:00,35.25811667,16.25908333,2026-08-02 07:22:00,34.050602,15.877732,138.72625181234116
1296,2026-08-02T07:52:00.0000000+00:00,35.26148333,16.2676,2026-08-02 07:52:00,34.051365,15.882572,139.09082824335823
1297,2026-08-02T08:22:00.0000000+00:00,35.26523333,16.27621667,2026-08-02 08:22:00,34.05205,15.887575,139.5040112120292
1298,2026-08-02T08:52:00.0000000+00:00,35.26905,16.28538333,2026-08-02 08:52:00,34.052647,15.892719,139.94422883883067
1299,2026-08-02T09:22:00.0000000+00:00,35.27416667,16.29568333,2026-08-02 09:22:00,34.053116,15.897974,140.56192746563926
1300,2026-08-02T09:52:00.0000000+00:00,35.27943333,16.30781667,2026-08-02 09:52:00,34.05342,15.9033,141.25647514017135
1301,2026-08-02T10:22:00.0000000+00:00,35.28506667,16.32006667,2026-08-02 10:22:00,34.05354,15.908656,142.01363763297007
1302,2026-08-02T10:52:00.0000000+00:00,35.29095,16.33303333,2026-08-02 10:52:00,34.05347,15.914007,142.83713495441813
1303,2026-08-02T11:22:31.0000000+00:00,35.29653333,16.34645,2026-08-02 11:22:31,34.053223,15.91933,143.66078070201982
1304,2026-08-02T11:52:00.0000000+00:00,35.30113333,16.36003333,2026-08-02 11:52:00,34.0528,15.92462,144.40537262291897
1305,2026-08-02T12:22:00.0000000+00:00,35.30543333,16.37308333,2026-08-02 12:22:00,34.052223,15.929857,145.1243721787542
1306,2026-08-02T12:52:00.0000000+00:00,35.30913333,16.38516667,2026-08-02 12:52:00,34.051517,15.935003,145.772218839012
1307,2026-08-02T13:22:00.0000000+00:00,35.31243333,16.39663333,2026-08-02 13:22:00,34.050697,15.940015,146.37914896860795
1308,2026-08-02T13:52:00.0000000+00:00,35.31553333,16.40731667,2026-08-02 13:52:00,34.049778,15.944853,146.960235392118
1309,2026-08-02T14:22:00.0000000+00:00,35.31815,16.41846667,2026-08-02 14:22:00,34.04877,15.949491,147.51807609055956
1310,2026-08-02T14:52:00.0000000+00:00,35.3207,16.42975,2026-08-02 14:52:00,34.047665,15.953905,148.09033915706354
1311,2026-08-02T15:22:00.0000000+00:00,35.32338333,16.44075,2026-08-02 15:22:00,34.046463,15.9580765,148.68699441997728
1312,2026-08-02T15:52:00.0000000+00:00,35.3259,16.45238333,2026-08-02 15:52:00,34.04515,15.961981,149.30446031716932
1313,2026-08-02T16:22:00.0000000+00:00,35.32875,16.46406667,2026-08-02 16:22:00,34.043713,15.965581,149.98211641934594
1314,2026-08-02T16:52:00.0000000+00:00,35.33116667,16.4757,2026-08-02 16:52:00,34.042183,15.968853,150.63361536315682
1315,2026-08-02T17:22:17.0000000+00:00,35.33351667,16.48666667,2026-08-02 17:22:17,34.04062,15.971785,151.2747098829072
1316,2026-08-02T17:52:00.0000000+00:00,35.33595,16.4968,2026-08-02 17:52:00,34.03908,15.974373,151.90969964190154
1317,2026-08-02T18:22:00.0000000+00:00,35.3376,16.50605,2026-08-02 18:22:00,34.03766,15.976624,152.43619398336557
1318,2026-08-02T18:52:00.0000000+00:00,35.33928333,16.51481667,2026-08-02 18:52:00,34.036446,15.978546,152.94094522848488
1319,2026-08-02T19:22:02.0000000+00:00,35.34115,16.5242,2026-08-02 19:22:02,34.03554,15.980162,153.46116586601042
1320,2026-08-02T19:52:00.0000000+00:00,35.34288333,16.5332,2026-08-02 19:52:00,34.035065,15.9814825,153.92230404260053
1321,2026-08-02T20:22:00.0000000+00:00,35.34496667,16.54115,2026-08-02 20:22:00,34.035027,15.982571,154.35136143648094
1322,2026-08-02T20:52:00.0000000+00:00,35.34716667,16.54896667,2026-08-02 20:52:00,34.0354,15.983511,154.75180714445253
1323,2026-08-02T21:22:00.0000000+00:00,35.34915,16.55651667,2026-08-02 21:22:00,34.03619,15.98438,155.0816414308281
1324,2026-08-02T21:52:19.0000000+00:00,35.35123333,16.56388333,2026-08-02 21:52:19,34.037395,15.985244,155.37456693264076
1325,2026-08-02T22:22:00.0000000+00:00,35.35351667,16.57028333,2026-08-02 22:22:00,34.038963,15.98619,155.61936125687646
1326,2026-08-02T22:52:00.0000000+00:00,35.35601667,16.57671667,2026-08-02 22:52:00,34.040855,15.987294,155.850118503141
1327,2026-08-02T23:22:00.0000000+00:00,35.35866667,16.58285,2026-08-02 23:22:00,34.043026,15.988639,156.05125029177157
1328,2026-08-02T23:52:00.0000000+00:00,35.3613,16.58813333,2026-08-02 23:52:00,34.045437,15.990275,156.19019120671436
1329,2026-08-03T00:22:00.0000000+00:00,35.36426667,16.59308333,2026-08-03 00:22:00,34.048023,15.992268,156.32404272551506
1330,2026-08-03T00:53:20.0000000+00:00,35.36778333,16.59858333,2026-08-03 00:53:20,34.05075,15.994664,156.50520491572246
1331,2026-08-03T01:22:00.0000000+00:00,35.37143333,16.60366667,2026-08-03 01:22:00,34.05358,15.997502,156.66210919252438
1332,2026-08-03T01:52:00.0000000+00:00,35.37535,16.60843333,2026-08-03 01:52:00,34.056473,16.000793,156.8154963945586
1333,2026-08-03T02:22:00.0000000+00:00,35.37946667,16.61263333,2026-08-03 02:22:00,34.059338,16.004517,156.96060724755358
1334,2026-08-03T02:52:00.0000000+00:00,35.38366667,16.61691667,2026-08-03 02:52:00,34.062176,16.008617,157.10729774845666
1335,2026-08-03T03:22:00.0000000+00:00,35.38835,16.62226667,2026-08-03 03:22:00,34.064953,16.01304,157.33435636864593
1336,2026-08-03T03:52:01.0000000+00:00,35.39323333,16.62788333,2026-08-03 03:52:01,34.06764,16.01769,157.59342363521284
1337,2026-08-03T04:22:01.0000000+00:00,35.3978,16.63283333,2026-08-03 04:22:01,34.070206,16.022524,157.8041827363855
1338,2026-08-03T04:52:00.0000000+00:00,35.4023,16.63835,2026-08-03 04:52:00,34.072655,16.027508,158.03392908281296
1339,2026-08-03T05:22:00.0000000+00:00,35.40645,16.64385,2026-08-03 05:22:00,34.074986,16.032608,158.23553375280207
1340,2026-08-03T05:53:19.0000000+00:00,35.41013333,16.6498,2026-08-03 05:53:19,34.07722,16.037804,158.40962252187325
1341,2026-08-03T06:22:01.0000000+00:00,35.41311667,16.65571667,2026-08-03 06:22:01,34.07937,16.043093,158.51611619190615
1342,2026-08-03T06:52:01.0000000+00:00,35.41618333,16.66191667,2026-08-03 06:52:01,34.081448,16.04848,158.6444389220399
1343,2026-08-03T07:22:00.0000000+00:00,35.41926667,16.66813333,2026-08-03 07:22:00,34.083458,16.053988,158.77853495888382
1344,2026-08-03T07:52:00.0000000+00:00,35.42235,16.67426667,2026-08-03 07:52:00,34.0854,16.059645,158.91190192991266
1345,2026-08-03T08:22:00.0000000+00:00,35.42516667,16.6805,2026-08-03 08:22:00,34.087288,16.065466,159.02118942405886
1346,2026-08-03T08:52:00.0000000+00:00,35.42731667,16.68698333,2026-08-03 08:52:00,34.089104,16.07143,159.0724737325501
1347,2026-08-03T09:22:00.0000000+00:00,35.42961667,16.69388333,2026-08-03 09:22:00,34.090843,16.077503,159.15674499176438
1348,2026-08-03T09:52:00.0000000+00:00,35.43196667,16.70168333,2026-08-03 09:52:00,34.092514,16.083647,159.28054462011588
1349,2026-08-03T10:22:00.0000000+00:00,35.43388333,16.71028333,2026-08-03 10:22:00,34.094105,16.089825,159.39246551151803
1350,2026-08-03T10:52:00.0000000+00:00,35.4356,16.71925,2026-08-03 10:52:00,34.09556,16.096012,159.51009981055384
1351,2026-08-03T11:22:00.0000000+00:00,35.43681667,16.72826667,2026-08-03 11:22:00,34.096844,16.102165,159.59594080924376
1352,2026-08-03T11:52:00.0000000+00:00,35.43813333,16.73726667,2026-08-03 11:52:00,34.09793,16.108236,159.7156516291022
1353,2026-08-03T12:22:00.0000000+00:00,35.43895,16.74573333,2026-08-03 12:22:00,34.098793,16.114183,159.79344874834172
1354,2026-08-03T12:52:00.0000000+00:00,35.44005,16.75393333,2026-08-03 12:52:00,34.099422,16.119953,159.92237225854686
1355,2026-08-03T13:22:31.0000000+00:00,35.44063333,16.76226667,2026-08-03 13:22:31,34.09982,16.12549,160.03432905412004
1356,2026-08-03T13:52:22.0000000+00:00,35.44066667,16.7701,2026-08-03 13:52:22,34.09998,16.13071,160.10798160316654
1357,2026-08-03T14:22:00.0000000+00:00,35.44008333,16.77756667,2026-08-03 14:22:00,34.099895,16.135485,160.14640075940594
1358,2026-08-03T14:52:00.0000000+00:00,35.43923333,16.78481667,2026-08-03 14:52:00,34.099636,16.139744,160.1853921763931
1359,2026-08-03T15:22:00.0000000+00:00,35.43811667,16.79191667,2026-08-03 15:22:00,34.09931,16.143435,160.2185495216291
1360,2026-08-03T15:52:00.0000000+00:00,35.4365,16.79906667,2026-08-03 15:52:00,34.099037,16.146534,160.21763092681815
1361,2026-08-03T16:22:00.0000000+00:00,35.43446667,16.806,2026-08-03 16:22:00,34.09893,16.14905,160.16968742142777
1362,2026-08-03T16:52:00.0000000+00:00,35.43203333,16.81291667,2026-08-03 16:52:00,34.099117,16.15103,160.0695970915144
1363,2026-08-03T17:22:19.0000000+00:00,35.42916667,16.81956667,2026-08-03 17:22:19,34.09969,16.15256,159.89373523078405
1364,2026-08-03T17:52:00.0000000+00:00,35.42553333,16.82536667,2026-08-03 17:52:00,34.100727,16.153763,159.57489761510638
1365,2026-08-03T18:22:01.0000000+00:00,35.42168333,16.83065,2026-08-03 18:22:01,34.102272,16.154785,159.17229247557688
1366,2026-08-03T18:52:00.0000000+00:00,35.41785,16.83525,2026-08-03 18:52:00,34.10434,16.155792,158.69589337486607
1367,2026-08-03T19:22:00.0000000+00:00,35.4146,16.83931667,2026-08-03 19:22:00,34.106907,16.156935,158.2057834335082
1368,2026-08-03T19:52:00.0000000+00:00,35.41145,16.84311667,2026-08-03 19:52:00,34.109898,16.158342,157.66531548891516
1369,2026-08-03T20:22:01.0000000+00:00,35.40861667,16.84628333,2026-08-03 20:22:01,34.11327,16.160149,157.08142398884678
1370,2026-08-03T20:52:00.0000000+00:00,35.40595,16.84923333,2026-08-03 20:52:00,34.116962,16.162466,156.45640267247666
1371,2026-08-03T21:22:00.0000000+00:00,35.40308333,16.85221667,2026-08-03 21:22:00,34.120926,16.165373,155.7634816677071
1372,2026-08-03T21:52:00.0000000+00:00,35.4006,16.85451667,2026-08-03 21:52:00,34.125126,16.168905,155.03808154432292
1373,2026-08-03T22:22:00.0000000+00:00,35.39845,16.85688333,2026-08-03 22:22:00,34.1295,16.172977,154.31084612325404
1374,2026-08-03T22:52:00.0000000+00:00,35.39675,16.85985,2026-08-03 22:52:00,34.134014,16.177513,153.6209543528859
1375,2026-08-03T23:22:00.0000000+00:00,35.39503333,16.86248333,2026-08-03 23:22:00,34.138626,16.182446,152.89229485264934
1376,2026-08-03T23:52:00.0000000+00:00,35.39388333,16.86538333,2026-08-03 23:52:00,34.14329,16.18771,152.21292848484592
1377,2026-08-04T00:22:00.0000000+00:00,35.39261667,16.8687,2026-08-04 00:22:00,34.14799,16.193281,151.52263747506385
1378,2026-08-04T00:52:00.0000000+00:00,35.39161667,16.87173333,2026-08-04 00:52:00,34.152603,16.199,150.85244969650046
1379,2026-08-04T01:22:00.0000000+00:00,35.39018333,16.87496667,2026-08-04 01:22:00,34.1571,16.204817,150.153554567887
1380,2026-08-04T01:52:00.0000000+00:00,35.38868333,16.87716667,2026-08-04 01:52:00,34.1615,16.210758,149.41494524877146
1381,2026-08-04T02:22:00.0000000+00:00,35.3879,16.87935,2026-08-04 02:22:00,34.165802,16.216793,148.75459402384138
1382,2026-08-04T02:52:00.0000000+00:00,35.38756667,16.88088333,2026-08-04 02:52:00,34.169983,16.222912,148.1253426913508
1383,2026-08-04T03:22:00.0000000+00:00,35.38731667,16.8827,2026-08-04 03:22:00,34.17407,16.229137,147.52066472511
1384,2026-08-04T03:52:00.0000000+00:00,35.38741667,16.88495,2026-08-04 03:52:00,34.178074,16.235498,146.97145291669844
1385,2026-08-04T04:22:00.0000000+00:00,35.3873,16.88785,2026-08-04 04:22:00,34.18202,16.241997,146.4251556800596
1386,2026-08-04T04:52:00.0000000+00:00,35.38676667,16.89116667,2026-08-04 04:52:00,34.185917,16.248613,145.85210535718602
1387,2026-08-04T05:22:00.0000000+00:00,35.3857,16.89446667,2026-08-04 05:22:00,34.189777,16.255283,145.2264982437318
1388,2026-08-04T05:52:00.0000000+00:00,35.38428333,16.89826667,2026-08-04 05:52:00,34.19361,16.261848,144.58993280006726
1389,2026-08-04T06:22:17.0000000+00:00,35.38311667,16.90195,2026-08-04 06:22:17,34.19743,16.268278,143.98126302706567
1390,2026-08-04T06:52:00.0000000+00:00,35.38261667,16.90595,2026-08-04 06:52:00,34.201233,16.274591,143.45765485255149
1391,2026-08-04T07:22:00.0000000+00:00,35.38226667,16.90983333,2026-08-04 07:22:00,34.20502,16.280807,142.9502720556715
1392,2026-08-04T07:52:00.0000000+00:00,35.38265,16.91445,2026-08-04 07:52:00,34.2088,16.286947,142.54794468152372
1393,2026-08-04T08:22:00.0000000+00:00,35.38321667,16.91956667,2026-08-04 08:22:00,34.212574,16.293034,142.18520162249933
1394,2026-08-04T08:52:00.0000000+00:00,35.38361667,16.92616667,2026-08-04 08:52:00,34.216335,16.299072,141.863367341528
1395,2026-08-04T09:22:00.0000000+00:00,35.38361667,16.93351667,2026-08-04 09:22:00,34.220074,16.305046,141.5333630612144
1396,2026-08-04T09:52:00.0000000+00:00,35.383,16.9418,2026-08-04 09:52:00,34.22379,16.310953,141.18109663053903
1397,2026-08-04T10:22:00.0000000+00:00,35.38171667,16.9512,2026-08-04 10:22:00,34.227493,16.316803,140.80783494392537
1398,2026-08-04T10:52:00.0000000+00:00,35.3796,16.96103333,2026-08-04 10:52:00,34.231197,16.322615,140.36982062358376
1399,2026-08-04T11:22:00.0000000+00:00,35.37661667,16.97236667,2026-08-04 11:22:00,34.23491,16.328396,139.90507522758753
1400,2026-08-04T11:52:00.0000000+00:00,35.3728,16.98513333,2026-08-04 11:52:00,34.23864,16.334173,139.414942882571
1401,2026-08-04T12:22:00.0000000+00:00,35.36821667,16.99841667,2026-08-04 12:22:00,34.242374,16.339966,138.87352563655048
1402,2026-08-04T12:52:00.0000000+00:00,35.36216667,17.01141667,2026-08-04 12:52:00,34.24606,16.345762,138.18687103740652
1403,2026-08-04T13:22:01.0000000+00:00,35.3554,17.0241,2026-08-04 13:22:01,34.249672,16.351513,137.4334771627156
1404,2026-08-04T13:52:00.0000000+00:00,35.34786667,17.0356,2026-08-04 13:52:00,34.253178,16.357153,136.57914777684732
1405,2026-08-04T14:22:00.0000000+00:00,35.33901667,17.04636667,2026-08-04 14:22:00,34.25658,16.362614,135.58943985080109
1406,2026-08-04T14:52:00.0000000+00:00,35.32966667,17.05716667,2026-08-04 14:52:00,34.259888,16.367825,134.58078610670978
1407,2026-08-04T15:22:00.0000000+00:00,35.3201,17.06705,2026-08-04 15:22:00,34.26314,16.372732,133.53861614910872
1408,2026-08-04T15:52:00.0000000+00:00,35.31016667,17.07663333,2026-08-04 15:52:00,34.26639,16.377293,132.47191271616296
1409,2026-08-04T16:22:00.0000000+00:00,35.29998333,17.08601667,2026-08-04 16:22:00,34.269653,16.381468,131.39766722282934
1410,2026-08-04T16:52:00.0000000+00:00,35.28961667,17.09498333,2026-08-04 16:52:00,34.272984,16.385208,130.31009369819645
1411,2026-08-04T17:22:00.0000000+00:00,35.27893333,17.10213333,2026-08-04 17:22:00,34.27645,16.38846,129.12830884238508
1412,2026-08-04T17:52:00.0000000+00:00,35.26906667,17.1077,2026-08-04 17:52:00,34.280136,16.391195,127.96307831091542
1413,2026-08-04T18:22:00.0000000+00:00,35.26001667,17.11291667,2026-08-04 18:22:00,34.284126,16.393404,126.86220433694065
1414,2026-08-04T18:52:04.0000000+00:00,35.25193333,17.11786667,2026-08-04 18:52:04,34.288486,16.395102,125.8373567501484
1415,2026-08-04T19:22:01.0000000+00:00,35.24501667,17.12361667,2026-08-04 19:22:01,34.29329,16.396336,124.94885276468605
1416,2026-08-04T19:52:00.0000000+00:00,35.23921667,17.12981667,2026-08-04 19:52:00,34.298573,16.397173,124.17025362445297
1417,2026-08-04T20:22:00.0000000+00:00,35.23321667,17.13661667,2026-08-04 20:22:00,34.304363,16.39771,123.38012672711848
1418,2026-08-04T20:52:00.0000000+00:00,35.22756667,17.14345,2026-08-04 20:52:00,34.310677,16.398079,122.595388076945
1419,2026-08-04T21:22:00.0000000+00:00,35.22223333,17.14998333,2026-08-04 21:22:00,34.317505,16.398426,121.79051844920197
1420,2026-08-04T21:52:00.0000000+00:00,35.21663333,17.15666667,2026-08-04 21:52:00,34.324814,16.398876,120.93183557977702
1421,2026-08-04T22:22:00.0000000+00:00,35.21115,17.16323333,2026-08-04 22:22:00,34.33258,16.399601,120.0354877117672
1422,2026-08-04T22:52:00.0000000+00:00,35.2062,17.16946667,2026-08-04 22:52:00,34.340794,16.400763,119.1188772815831
1423,2026-08-04T23:22:00.0000000+00:00,35.20138333,17.1756,2026-08-04 23:22:00,34.349422,16.402508,118.15273683720207
1424,2026-08-04T23:52:00.0000000+00:00,35.19645,17.1819,2026-08-04 23:52:00,34.358433,16.404968,117.12415417438133
1425,2026-08-05T00:22:00.0000000+00:00,35.19193333,17.18843333,2026-08-05 00:22:00,34.3677,16.408213,116.09155628251047
1426,2026-08-05T00:52:01.0000000+00:00,35.18778333,17.19398333,2026-08-05 00:52:01,34.377064,16.412243,114.99368867691614
1427,2026-08-05T01:22:00.0000000+00:00,35.18368333,17.19956667,2026-08-05 01:22:00,34.386368,16.416983,113.87576418406448
1428,2026-08-05T01:52:00.0000000+00:00,35.17965,17.20528333,2026-08-05 01:52:00,34.395424,16.422258,112.77078376199313
1429,2026-08-05T02:22:00.0000000+00:00,35.17571667,17.21113333,2026-08-05 02:22:00,34.403996,16.427795,111.71602594172599
1430,2026-08-05T02:52:00.0000000+00:00,35.17228333,17.21733333,2026-08-05 02:52:00,34.411873,16.433315,110.79164762698952
1431,2026-08-05T03:22:00.0000000+00:00,35.16941667,17.22466667,2026-08-05 03:22:00,34.419037,16.438663,110.05965617204794
1432,2026-08-05T03:52:00.0000000+00:00,35.16678333,17.2336,2026-08-05 03:52:00,34.425514,16.443703,109.52658686239405
1433,2026-08-05T04:22:00.0000000+00:00,35.16385,17.24293333,2026-08-05 04:22:00,34.431374,16.448309,109.0783822675601
1434,2026-08-05T04:52:00.0000000+00:00,35.16071667,17.25243333,2026-08-05 04:52:00,34.436718,16.452374,108.70857300440953
1435,2026-08-05T05:22:00.0000000+00:00,35.1577,17.26128333,2026-08-05 05:22:00,34.44168,16.45581,108.38735920480572
1436,2026-08-05T05:52:19.0000000+00:00,35.15453333,17.27085,2026-08-05 05:52:19,34.44643,16.45854,108.16901862115077
1437,2026-08-05T06:22:01.0000000+00:00,35.15111667,17.28068333,2026-08-05 06:22:01,34.451103,16.460602,108.00638134308348
1438,2026-08-05T06:52:00.0000000+00:00,35.14656667,17.29068333,2026-08-05 06:52:00,34.45583,16.46211,107.80803520217755
1439,2026-08-05T07:22:00.0000000+00:00,35.14135,17.3007,2026-08-05 07:22:00,34.460686,16.463186,107.59175111331673
1440,2026-08-05T07:52:00.0000000+00:00,35.13571667,17.31098333,2026-08-05 07:52:00,34.46574,16.46395,107.38362963921973
1441,2026-08-05T08:22:00.0000000+00:00,35.13005,17.32133333,2026-08-05 08:22:00,34.471035,16.464516,107.19182098914048
1442,2026-08-05T08:52:00.0000000+00:00,35.12425,17.33123333,2026-08-05 08:52:00,34.476578,16.464994,106.96820441140785
1443,2026-08-05T09:22:00.0000000+00:00,35.11876667,17.34086667,2026-08-05 09:22:00,34.482365,16.4655,106.75112426928776
1444,2026-08-05T09:52:00.0000000+00:00,35.11311667,17.34986667,2026-08-05 09:52:00,34.48828,16.466225,106.47404715813977
1445,2026-08-05T10:22:25.0000000+00:00,35.10635,17.35956667,2026-08-05 10:22:25,34.494205,16.467203,106.16904246510363
1446,2026-08-05T10:52:01.0000000+00:00,35.09946667,17.36818333,2026-08-05 10:52:01,34.50001,16.468376,105.79737273712189
1447,2026-08-05T11:22:00.0000000+00:00,35.0922,17.37673333,2026-08-05 11:22:00,34.50557,16.469646,105.4266988176352
1448,2026-08-05T11:52:01.0000000+00:00,35.08508333,17.38455,2026-08-05 11:52:01,34.510757,16.470907,105.06123129977372
1449,2026-08-05T12:22:00.0000000+00:00,35.07778333,17.39195,2026-08-05 12:22:00,34.515495,16.472017,104.71430543792752
1450,2026-08-05T12:52:00.0000000+00:00,35.0695,17.39935,2026-08-05 12:52:00,34.519756,16.472818,104.37691963505868
1451,2026-08-05T13:22:25.0000000+00:00,35.06073333,17.40575,2026-08-05 13:22:25,34.52357,16.473158,104.01848153268972
1452,2026-08-05T13:52:25.0000000+00:00,35.05183333,17.41155,2026-08-05 13:52:25,34.527042,16.472918,103.69245122334011
1453,2026-08-05T14:22:00.0000000+00:00,35.04295,17.41613333,2026-08-05 14:22:00,34.530327,16.472034,103.355751525818
1454,2026-08-05T14:52:29.0000000+00:00,35.03423333,17.42011667,2026-08-05 14:52:29,34.53356,16.470472,103.05692395765668
1455,2026-08-05T15:22:00.0000000+00:00,35.02613333,17.42318333,2026-08-05 15:22:00,34.536896,16.468214,102.79012057489867
1456,2026-08-05T15:52:01.0000000+00:00,35.01836667,17.42625,2026-08-05 15:52:01,34.540455,16.465267,102.60059255991992
1457,2026-08-05T16:22:01.0000000+00:00,35.01075,17.42911667,2026-08-05 16:22:01,34.544346,16.461662,102.45478662504003
1458,2026-08-05T16:52:00.0000000+00:00,35.00343333,17.43128333,2026-08-05 16:52:00,34.54865,16.457462,102.31341378033031
1460,2026-08-05T17:22:01.0000000+00:00,34.99641667,17.43311667,2026-08-05 17:22:01,34.553417,16.452753,102.19620837020804
1461,2026-08-05T17:52:01.0000000+00:00,34.98956667,17.43481667,2026-08-05 17:52:01,34.558678,16.447657,102.10248672067512
1462,2026-08-05T18:22:00.0000000+00:00,34.9832,17.43628333,2026-08-05 18:22:00,34.564472,16.442335,102.02655767319527
1463,2026-08-05T18:52:00.0000000+00:00,34.97728333,17.43765,2026-08-05 18:52:00,34.57078,16.437042,101.95817883245441
1464,2026-08-05T19:22:19.0000000+00:00,34.97156667,17.43868333,2026-08-05 19:22:19,34.57755,16.431993,101.85093814762045
1465,2026-08-05T19:52:00.0000000+00:00,34.96646667,17.43981667,2026-08-05 19:52:00,34.5847,16.427313,101.75385848869452
1466,2026-08-05T20:22:00.0000000+00:00,34.96183333,17.441,2026-08-05 20:22:00,34.592155,16.423075,101.6516978425117
1467,2026-08-05T20:52:01.0000000+00:00,34.9575,17.44241667,2026-08-05 20:52:01,34.599827,16.419304,101.55332476760515
1468,2026-08-05T21:22:00.0000000+00:00,34.95373333,17.44423333,2026-08-05 21:22:00,34.60767,16.41597,101.48759755755123
1469,2026-08-05T21:52:00.0000000+00:00,34.95036667,17.44636667,2026-08-05 21:52:00,34.61563,16.413012,101.44683763026154
1470,2026-08-05T22:22:49.0000000+00:00,34.94721667,17.4494,2026-08-05 22:22:49,34.623596,16.41037,101.48180602492118
1471,2026-08-05T22:52:19.0000000+00:00,34.944,17.45278333,2026-08-05 22:52:19,34.631454,16.407976,101.54476831493366
1472,2026-08-05T23:22:00.0000000+00:00,34.94045,17.45658333,2026-08-05 23:22:00,34.63919,16.40577,101.63743501819852
1473,2026-08-05T23:52:00.0000000+00:00,34.93575,17.46176667,2026-08-05 23:52:00,34.64678,16.40371,101.82136256945032
1474,2026-08-06T00:22:00.0000000+00:00,34.9305,17.46646667,2026-08-06 00:22:00,34.654175,16.401802,101.96031082691097
1475,2026-08-06T00:52:00.0000000+00:00,34.92531667,17.47146667,2026-08-06 00:52:00,34.661373,16.40007,102.14135597492638
1476,2026-08-06T01:22:00.0000000+00:00,34.92025,17.47666667,2026-08-06 01:22:00,34.66838,16.398506,102.35654371966893
1477,2026-08-06T01:52:00.0000000+00:00,34.91483333,17.4817,2026-08-06 01:52:00,34.675224,16.397081,102.56042236213209
1478,2026-08-06T02:22:00.0000000+00:00,34.90915,17.48656667,2026-08-06 02:22:00,34.681923,16.395779,102.75682781215382
1479,2026-08-06T02:52:30.0000000+00:00,34.90385,17.49148333,2026-08-06 02:52:30,34.68853,16.394592,102.98047897006164
1480,2026-08-06T03:22:28.0000000+00:00,34.89878333,17.4965,2026-08-06 03:22:28,34.6951,16.393568,103.22456985224437
1481,2026-08-06T03:52:26.0000000+00:00,34.89391667,17.50171667,2026-08-06 03:52:26,34.70167,16.392782,103.48816602484413
1482,2026-08-06T04:22:00.0000000+00:00,34.88911667,17.50713333,2026-08-06 04:22:00,34.708267,16.392233,103.76722921977161
1483,2026-08-06T04:52:00.0000000+00:00,34.8843,17.51213333,2026-08-06 04:52:00,34.714878,16.39192,104.00439259733066
1484,2026-08-06T05:22:31.0000000+00:00,34.87988333,17.51721667,2026-08-06 05:22:31,34.721504,16.391834,104.25279535148866
1485,2026-08-06T05:52:03.0000000+00:00,34.87576667,17.52263333,2026-08-06 05:52:03,34.728107,16.391964,104.53321163641961
1486,2026-08-06T06:24:01.0000000+00:00,34.87118333,17.5291,2026-08-06 06:24:01,34.734634,16.39231,104.89813187658132
1487,2026-08-06T06:52:01.0000000+00:00,34.86703333,17.5351,2026-08-06 06:52:01,34.74093,16.392952,105.21966238626165
1488,2026-08-06T07:22:29.0000000+00:00,34.86216667,17.54206667,2026-08-06 07:22:29,34.746872,16.393879,105.61299294948087
1489,2026-08-06T07:52:00.0000000+00:00,34.85751667,17.5488,2026-08-06 07:52:00,34.75236,16.395048,105.9864157502999
1490,2026-08-06T08:22:00.0000000+00:00,34.85236667,17.55558333,2026-08-06 08:22:00,34.757343,16.396372,106.36417232354303
1491,2026-08-06T08:52:00.0000000+00:00,34.84768333,17.56231667,2026-08-06 08:52:00,34.761814,16.397778,106.75236976915649
1492,2026-08-06T09:22:00.0000000+00:00,34.84343333,17.56886667,2026-08-06 09:22:00,34.765812,16.399212,107.13994460543178
1493,2026-08-06T09:52:00.0000000+00:00,34.83858333,17.57588333,2026-08-06 09:52:00,34.76938,16.400774,107.56631701839125
1494,2026-08-06T10:22:00.0000000+00:00,34.833,17.58321667,2026-08-06 10:22:00,34.772636,16.402376,108.02411851578813
1495,2026-08-06T10:52:04.0000000+00:00,34.82696667,17.59028333,2026-08-06 10:52:04,34.775764,16.403938,108.46937743882161
1496,2026-08-06T11:22:00.0000000+00:00,34.82095,17.59693333,2026-08-06 11:22:00,34.77887,16.405476,108.88922037226368
1497,2026-08-06T11:52:31.0000000+00:00,34.81436667,17.60311667,2026-08-06 11:52:31,34.782024,16.407022,109.27342701421357
1498,2026-08-06T12:22:02.0000000+00:00,34.80753333,17.60921667,2026-08-06 12:22:02,34.785275,16.408607,109.65684135836084
1499,2026-08-06T12:52:00.0000000+00:00,34.80045,17.61453333,2026-08-06 12:52:00,34.788635,16.41022,109.97751899218926
1500,2026-08-06T13:22:19.0000000+00:00,34.79313333,17.61891667,2026-08-06 13:22:19,34.792126,16.411837,110.22488049860148
1501,2026-08-06T13:52:00.0000000+00:00,34.7862,17.62291667,2026-08-06 13:52:00,34.795753,16.41345,110.45005517867108
1502,2026-08-06T14:22:03.0000000+00:00,34.77891667,17.6268,2026-08-06 14:22:03,34.799526,16.41507,110.67782426292493
1503,2026-08-06T14:52:01.0000000+00:00,34.77125,17.62988333,2026-08-06 14:52:01,34.803444,16.416689,110.8480152414335
1504,2026-08-06T15:22:00.0000000+00:00,34.7641,17.63191667,2026-08-06 15:22:00,34.807514,16.418303,110.93567812667584
1505,2026-08-06T15:52:00.0000000+00:00,34.75681667,17.63398333,2026-08-06 15:52:00,34.81174,16.419859,111.04737600777484
1506,2026-08-06T16:22:00.0000000+00:00,34.7501,17.63543333,2026-08-06 16:22:00,34.816124,16.421333,111.12134934657695
1507,2026-08-06T16:52:00.0000000+00:00,34.74376667,17.63631667,2026-08-06 16:52:00,34.82063,16.422693,111.16536043894973
1508,2026-08-06T17:22:01.0000000+00:00,34.73816667,17.63676667,2026-08-06 17:22:01,34.825264,16.423939,111.18681287557152
1509,2026-08-06T17:52:29.0000000+00:00,34.73285,17.637,2026-08-06 17:52:29,34.829876,16.425138,111.20114743063353
1510,2026-08-06T18:22:00.0000000+00:00,34.7282,17.63683333,2026-08-06 18:22:00,34.834385,16.426298,111.18422481988432
1511,2026-08-06T18:52:00.0000000+00:00,34.72405,17.63678333,2026-08-06 18:52:00,34.83877,16.427404,111.1839670521137
1512,2026-08-06T19:22:00.0000000+00:00,34.7204,17.63678333,2026-08-06 19:22:00,34.84303,16.42846,111.19219112599977
1513,2026-08-06T19:52:19.0000000+00:00,34.7168,17.637,2026-08-06 19:52:19,34.847183,16.429459,111.2300411736392
1514,2026-08-06T20:22:24.0000000+00:00,34.71303333,17.63723333,2026-08-06 20:22:24,34.85126,16.4304,111.2827241389061
1515,2026-08-06T20:52:19.0000000+00:00,34.70915,17.63783333,2026-08-06 20:52:19,34.855305,16.431284,111.38222432434826
1516,2026-08-06T21:22:01.0000000+00:00,34.70521667,17.63935,2026-08-06 21:22:01,34.859425,16.432045,111.58438750881776
1517,2026-08-06T21:52:00.0000000+00:00,34.70131667,17.6412,2026-08-06 21:52:00,34.863674,16.432642,111.83999829780863
